experiment_id,model_family,base_model,features,serializer_name,split_type,seed,fold_id,max_length,epochs,learning_rate,batch_size,class_weight_power,label_smoothing,replay_mode,replay_size,macro_f1_raw,macro_f1_bias_tuned,macro_f1_bias_tuned_2stage,macro_f1,weakest_classes,top_confusions,prediction_distribution,artifact_path,val_logits_path,test_logits_path,inference_time_sec,runtime_sec,artifact_size_mb,train_command,notes,decision
20260701_081648_baseline_prompt_lr_random,tfidf_logreg,,current_prompt word 1-2grams,,random,,,,,,,,,,,,,,0.438757,,,,,,,,,,,Baseline notebook reproduction: current_prompt TF-IDF + LogisticRegression.,
20260701_081748_baseline_prompt_lr_session,tfidf_logreg,,current_prompt word 1-2grams,,session,,,,,,,,,,,,,,0.432977,,,,,,,,,,,Baseline notebook reproduction under session-aware validation.,
20260701_081829_prompt_svc_random,tfidf_linearsvc,,current_prompt word+char ngrams,,random,,,,,,,,,,,,,,0.651178,,,,,,,,,,,Current prompt word/char TF-IDF plus intent/meta tokens; tuned class bias for Macro-F1.; class bias tuned on validation scores,
20260701_081958_prompt_svc_session,tfidf_linearsvc,,current_prompt word+char ngrams,,session,,,,,,,,,,,,,,0.640894,,,,,,,,,,,Current prompt word/char TF-IDF plus intent/meta tokens under session-aware validation; tuned class bias.; class bias tuned on validation scores,
20260701_082146_full_svc_session,tfidf_linearsvc,,"prompt, history actions, args/results, workspace metadata",,session,,,,,,,,,,,,,,0.639448,,,,,,,,,,,"Full sparse channels: current prompt, history user/action text, args/result summaries, action sequence, workspace metadata; tuned class bias.; class bias tuned on validation scores",
20260701_082357_full_svc_light_session,tfidf_linearsvc,,compact prompt/history/meta sparse ensemble,,session,,,,,,,,,,,,,,0.640600,,,,,,,,,,,Compact full-context variant to test whether smaller history channels help without diluting prompt/action-meta signal.; class bias tuned on validation scores,
20260701_082637_prompt_svc_session,tfidf_linearsvc,,current_prompt word+char ngrams,,session,,,,,,,,,,,,,,0.644404,,,,,,,,,,,Prompt/action-meta SVC regularization sweep C=0.4.; class bias tuned on validation scores; C override=0.4,
20260701_082646_prompt_svc_session,tfidf_linearsvc,,current_prompt word+char ngrams,,session,,,,,,,,,,,,,,0.636689,,,,,,,,,,,Prompt/action-meta SVC regularization sweep C=1.2.; class bias tuned on validation scores; C override=1.2,
20260701_082823_prompt_svc_session,tfidf_linearsvc,,current_prompt word+char ngrams,,session,,,,,,,,,,,,,,0.650287,,,,,,,,,,,Prompt/action-meta SVC regularization sweep C=0.2.; class bias tuned on validation scores; C override=0.2,
20260701_082828_prompt_svc_session,tfidf_linearsvc,,current_prompt word+char ngrams,,session,,,,,,,,,,,,,,0.642515,,,,,,,,,,,Prompt/action-meta SVC regularization sweep C=0.6.; class bias tuned on validation scores; C override=0.6,
20260701_083007_prompt_svc_session,tfidf_linearsvc,,current_prompt word+char ngrams,,session,,,,,,,,,,,,,,0.654681,,,,,,,,,,,Prompt/action-meta SVC regularization sweep C=0.1.; class bias tuned on validation scores; C override=0.1,
20260701_083007_prompt_svc_session,tfidf_linearsvc,,current_prompt word+char ngrams,,session,,,,,,,,,,,,,,0.650566,,,,,,,,,,,Prompt/action-meta SVC C=0.2 without class_weight to test minority tradeoff.; class bias tuned on validation scores; C override=0.2; class_weight=none,
20260701_083134_prompt_svc_session,tfidf_linearsvc,,current_prompt word+char ngrams,,session,,,,,,,,,,,,,,0.656725,,,,,,,,,,,Prompt/action-meta SVC regularization sweep C=0.05.; class bias tuned on validation scores; C override=0.05,
20260701_083135_prompt_svc_random,tfidf_linearsvc,,current_prompt word+char ngrams,,random,,,,,,,,,,,,,,0.662099,,,,,,,,,,,Chosen prompt/action-meta SVC C=0.1 evaluated on baseline-compatible random split.; class bias tuned on validation scores; C override=0.1,
20260701_083300_prompt_svc_session,tfidf_linearsvc,,current_prompt word+char ngrams,,session,,,,,,,,,,,,,,0.654798,,,,,,,,,,,Prompt/action-meta SVC regularization sweep C=0.025.; class bias tuned on validation scores; C override=0.025,
20260701_083420_prompt_svc_random,tfidf_linearsvc,,current_prompt word+char ngrams,,random,,,,,,,,,,,,,,0.662137,,,,,,,,,,,Chosen prompt/action-meta SVC C=0.05 evaluated on baseline-compatible random split.; class bias tuned on validation scores; C override=0.05,
20260701_083541_prompt_svc_session,tfidf_linearsvc,,current_prompt word+char ngrams,,session,,,,,,,,,,,,,,0.656725,,,,,,,,,,,"Final candidate: prompt/action-meta LinearSVC, balanced class weights, C=0.05, session-tuned class bias, refit on all training data.; class bias tuned on validation scores; C override=0.05",
20260701_085147_gpu_linear_session,torch_gpu_linear,,hashed prompt word/char ngrams plus action/workspace metadata,,session,,,,,,,,,,,,,,0.567094,,,,,,,,,,,GPU rewrite: Torch linear EmbeddingBag hashed prompt/action/meta features.,
20260701_085320_gpu_mlp_session,torch_gpu_mlp,,hashed prompt word/char ngrams plus action/workspace metadata,,session,,,,,,,,,,,,,,0.574049,,,,,,,,,,,GPU MLP EmbeddingBag hashed prompt/action/meta features.,
20260701_085817_gpu_linear_session,torch_gpu_linear,,hashed prompt word/char ngrams plus action/workspace metadata,,session,,,,,,,,,,,,,,0.556751,,,,,,,,,,,GPU vocab TF-IDF-style weighted features with Torch linear EmbeddingBag classifier.,
20260701_085942_gpu_linear_session,torch_gpu_linear,,hashed prompt word/char ngrams plus action/workspace metadata,,session,,,,,,,,,,,,,,0.574929,,,,,,,,,,,GPU vocab linear short training to check overfit.,
20260701_090149_gpu_linear_session,torch_gpu_linear,,hashed prompt word/char ngrams plus action/workspace metadata,,session,,,,,,,,,,,,,,0.559482,,,,,,,,,,,GPU vocab weighted features with OVR squared hinge loss.,
20260701_090903_gpu_transformer_session,torch_gpu_transformer,,serialized prompt/action/workspace text,,session,,,,,,,,,,,,,,0.654018,,,,,,,,,,,"GPU multilingual DistilBERT fine-tune, 1 epoch session validation.",
20260701_091700_gpu_transformer_session,torch_gpu_transformer,,serialized prompt/action/workspace text,,session,,,,,,,,,,,,,,0.692934,,,,,,,,,,,"GPU multilingual DistilBERT fine-tune, 2 epochs session validation.",
20260701_092751_gpu_transformer_session,torch_gpu_transformer,,serialized prompt/action/workspace text,,session,,,,,,,,,,,,,,0.709668,,,,,,,,,,,"GPU multilingual DistilBERT fine-tune, 3 epochs session validation.",
20260701_093837_gpu_transformer_session,torch_gpu_transformer,,serialized prompt/action/workspace text,,session,,,,,,,,,,,,,,0.710721,,,,model,,,,,,,"Final GPU multilingual DistilBERT fine-tune, 3 epochs with session-tuned class bias.",
20260701_100225_gpu_transformer_random,torch_gpu_transformer,,serialized prompt/action/workspace text,,random,,,,,,,,,,,,,,0.722073,,,,,,,,,,,"GPU multilingual DistilBERT fine-tune, 3 epochs random validation.",
20260701_113611_gpu_transformer_session_current_v1_len160_qv600_stage1_cache_current_smoke,torch_gpu_transformer,distilbert-base-multilingual-cased,serialized prompt/action/workspace text,current_v1,session_quick600,42,,160,1,2e-05,24,0.5,0.02,none,0,0.665491,,,0.665491,ask_user:0.3684;read_file:0.4130;run_tests:0.5647;plan_task:0.5714;web_search:0.5750,"[[18, ""ask_user"", ""plan_task""], [14, ""read_file"", ""grep_search""], [11, ""list_directory"", ""read_file""], [10, ""glob_pattern"", ""read_file""], [10, ""run_tests"", ""lint_or_typecheck""], [10, ""web_search"", ""ask_user""], [10, ""run_bash"", ""run_tests""], [8, ""ask_user"", ""web_search""]]","{""apply_patch"": 49, ""ask_user"": 33, ""edit_file"": 47, ""glob_pattern"": 27, ""grep_search"": 54, ""lint_or_typecheck"": 41, ""list_directory"": 43, ""plan_task"": 55, ""read_file"": 49, ""respond_only"": 43, ""run_bash"": 39, ""run_tests"": 42, ""web_search"": 38, ""write_file"": 40}",,experiments/logits/20260701_113611_gpu_transformer_session_current_v1_len160_qv600_stage1_cache_current_smoke_val_logits.pt,,,208.204,520.013,"train_transformer.py --device cuda --serializer current_v1 --max-length 160 --epochs 1 --batch-size 24 --eval-batch-size 64 --quick-val-size 600 --experiment-suffix stage1_cache_current_smoke --notes 'Stage1 cached current serializer smoke: len160 epoch1 quick_val600, no final refit'","Stage1 cached current serializer smoke: len160 epoch1 quick_val600, no final refit",screening only; require full fixed-session validation
20260701_114116_gpu_transformer_session_recent_pairs_v1_len160_qv600_stage1_recent_pairs_smoke,torch_gpu_transformer,distilbert-base-multilingual-cased,serialized prompt/action/workspace text,recent_pairs_v1,session_quick600,42,,160,1,2e-05,24,0.5,0.02,none,0,0.542845,,,0.542845,web_search:0.1852;lint_or_typecheck:0.3729;ask_user:0.4182;read_file:0.4318;run_tests:0.4545,"[[29, ""web_search"", ""ask_user""], [25, ""lint_or_typecheck"", ""run_tests""], [23, ""apply_patch"", ""edit_file""], [17, ""run_bash"", ""run_tests""], [15, ""ask_user"", ""plan_task""], [14, ""run_tests"", ""run_bash""], [14, ""plan_task"", ""ask_user""], [12, ""glob_pattern"", ""grep_search""]]","{""apply_patch"": 32, ""ask_user"": 67, ""edit_file"": 61, ""glob_pattern"": 24, ""grep_search"": 54, ""lint_or_typecheck"": 16, ""list_directory"": 53, ""plan_task"": 42, ""read_file"": 45, ""respond_only"": 42, ""run_bash"": 44, ""run_tests"": 67, ""web_search"": 12, ""write_file"": 41}",,experiments/logits/20260701_114116_gpu_transformer_session_recent_pairs_v1_len160_qv600_stage1_recent_pairs_smoke_val_logits.pt,,,196.429,520.013,"train_transformer.py --device cuda --serializer recent_pairs_v1 --max-length 160 --epochs 1 --batch-size 24 --eval-batch-size 64 --quick-val-size 600 --experiment-suffix stage1_recent_pairs_smoke --notes 'Stage1 recent_pairs_v1 serializer smoke: len160 epoch1 quick_val600, no final refit'","Stage1 recent_pairs_v1 serializer smoke: len160 epoch1 quick_val600, no final refit",screening only; require full fixed-session validation
20260701_115211_gpu_transformer_session_current_v1_len160_qv600_replay-last1_stage1_replay_last1_cap10000,torch_gpu_transformer,distilbert-base-multilingual-cased,serialized prompt/action/workspace text,current_v1,session_quick600,42,,160,1,2e-05,24,0.5,0.02,last1,10000,0.692097,,,0.692097,ask_user:0.5176;plan_task:0.5238;read_file:0.5657;run_tests:0.5783;grep_search:0.6022,"[[12, ""run_tests"", ""lint_or_typecheck""], [12, ""plan_task"", ""ask_user""], [12, ""ask_user"", ""plan_task""], [10, ""glob_pattern"", ""read_file""], [9, ""grep_search"", ""read_file""], [9, ""run_bash"", ""run_tests""], [8, ""read_file"", ""grep_search""], [8, ""list_directory"", ""read_file""]]","{""apply_patch"": 46, ""ask_user"": 42, ""edit_file"": 49, ""glob_pattern"": 23, ""grep_search"": 50, ""lint_or_typecheck"": 44, ""list_directory"": 45, ""plan_task"": 41, ""read_file"": 56, ""respond_only"": 42, ""run_bash"": 41, ""run_tests"": 40, ""web_search"": 40, ""write_file"": 41}",,experiments/logits/20260701_115211_gpu_transformer_session_current_v1_len160_qv600_replay-last1_stage1_replay_last1_cap10000_val_logits.pt,,,229.547,520.013,"train_transformer.py --device cuda --serializer current_v1 --max-length 160 --epochs 1 --batch-size 24 --eval-batch-size 64 --quick-val-size 600 --replay-mode last1 --max-replay-samples 10000 --replay-sample-weight 0.5 --experiment-suffix stage1_replay_last1_cap10000 --notes 'Stage1 current_v1 + replay_last1 cap10000 weight0.5: len160 epoch1 quick_val600, no final refit'","Stage1 current_v1 + replay_last1 cap10000 weight0.5: len160 epoch1 quick_val600, no final refit",screening only; require full fixed-session validation
20260701_115640_gpu_transformer_session_current_v1_len160_qv600_replay-last2_stage1_replay_last2_cap10000,torch_gpu_transformer,distilbert-base-multilingual-cased,serialized prompt/action/workspace text,current_v1,session_quick600,42,,160,1,2e-05,24,0.5,0.02,last2,10000,0.691595,,,0.691595,ask_user:0.4054;read_file:0.5155;plan_task:0.5778;grep_search:0.5909;web_search:0.6047,"[[15, ""ask_user"", ""plan_task""], [11, ""run_bash"", ""run_tests""], [10, ""glob_pattern"", ""read_file""], [10, ""grep_search"", ""read_file""], [9, ""read_file"", ""grep_search""], [9, ""ask_user"", ""web_search""], [9, ""web_search"", ""ask_user""], [8, ""run_tests"", ""lint_or_typecheck""]]","{""apply_patch"": 50, ""ask_user"": 31, ""edit_file"": 46, ""glob_pattern"": 26, ""grep_search"": 45, ""lint_or_typecheck"": 37, ""list_directory"": 49, ""plan_task"": 47, ""read_file"": 54, ""respond_only"": 45, ""run_bash"": 40, ""run_tests"": 46, ""web_search"": 44, ""write_file"": 40}",,experiments/logits/20260701_115640_gpu_transformer_session_current_v1_len160_qv600_replay-last2_stage1_replay_last2_cap10000_val_logits.pt,,,218.505,520.013,"train_transformer.py --device cuda --serializer current_v1 --max-length 160 --epochs 1 --batch-size 24 --eval-batch-size 64 --quick-val-size 600 --replay-mode last2 --max-replay-samples 10000 --replay-sample-weight 0.5 --experiment-suffix stage1_replay_last2_cap10000 --notes 'Stage1 current_v1 + replay_last2 cap10000 weight0.5: len160 epoch1 quick_val600, no final refit'","Stage1 current_v1 + replay_last2 cap10000 weight0.5: len160 epoch1 quick_val600, no final refit",screening only; require full fixed-session validation
20260701_120904_gpu_transformer_session_current_v1_len192_replay-last1_stage2_replay_last1_cap10000_len192_ep3,torch_gpu_transformer,distilbert-base-multilingual-cased,serialized prompt/action/workspace text,current_v1,session,42,,192,3,2e-05,24,0.5,0.02,last1,10000,0.712909,0.718145,,0.718145,list_directory:0.4705;web_search:0.5568;read_file:0.5620;grep_search:0.5918;lint_or_typecheck:0.6014,"[[580, ""grep_search"", ""read_file""], [360, ""read_file"", ""list_directory""], [283, ""grep_search"", ""list_directory""], [247, ""glob_pattern"", ""read_file""], [244, ""list_directory"", ""read_file""], [233, ""read_file"", ""grep_search""], [187, ""run_bash"", ""run_tests""], [161, ""ask_user"", ""plan_task""]]","{""apply_patch"": 961, ""ask_user"": 378, ""edit_file"": 2259, ""glob_pattern"": 720, ""grep_search"": 1412, ""lint_or_typecheck"": 433, ""list_directory"": 1320, ""plan_task"": 632, ""read_file"": 2247, ""respond_only"": 1048, ""run_bash"": 926, ""run_tests"": 1008, ""web_search"": 348, ""write_file"": 309}",,experiments/logits/20260701_120904_gpu_transformer_session_current_v1_len192_replay-last1_stage2_replay_last1_cap10000_len192_ep3_val_logits.pt,,,650.127,520.013,"train_transformer.py --device cuda --serializer current_v1 --max-length 192 --epochs 3 --batch-size 24 --eval-batch-size 64 --replay-mode last1 --max-replay-samples 10000 --replay-sample-weight 0.5 --tune-bias --keep-threshold 0.710721 --experiment-suffix stage2_replay_last1_cap10000_len192_ep3 --notes 'Stage2 full fixed-session current_v1 + replay_last1 cap10000 weight0.5: len192 epochs3, bias tuned, no final refit'","Stage2 full fixed-session current_v1 + replay_last1 cap10000 weight0.5: len192 epochs3, bias tuned, no final refit",keep as GPU candidate
20260701_122727_gpu_transformer_session_current_v1_len256_replay-last1_stage2_replay_last1_cap10000_len256_ep4,torch_gpu_transformer,distilbert-base-multilingual-cased,serialized prompt/action/workspace text,current_v1,session,42,,256,4,2e-05,24,0.5,0.02,last1,10000,0.726448,0.731768,,0.731768,list_directory:0.4885;read_file:0.5527;web_search:0.5760;grep_search:0.6021;glob_pattern:0.6144,"[[480, ""grep_search"", ""read_file""], [368, ""read_file"", ""list_directory""], [325, ""read_file"", ""grep_search""], [286, ""grep_search"", ""list_directory""], [183, ""list_directory"", ""read_file""], [183, ""glob_pattern"", ""read_file""], [163, ""glob_pattern"", ""list_directory""], [135, ""ask_user"", ""plan_task""]]","{""apply_patch"": 940, ""ask_user"": 479, ""edit_file"": 2268, ""glob_pattern"": 762, ""grep_search"": 1654, ""lint_or_typecheck"": 459, ""list_directory"": 1382, ""plan_task"": 564, ""read_file"": 1900, ""respond_only"": 1051, ""run_bash"": 1013, ""run_tests"": 918, ""web_search"": 307, ""write_file"": 304}",,experiments/logits/20260701_122727_gpu_transformer_session_current_v1_len256_replay-last1_stage2_replay_last1_cap10000_len256_ep4_val_logits.pt,,,1003.488,520.013,"train_transformer.py --device cuda --serializer current_v1 --max-length 256 --epochs 4 --batch-size 24 --eval-batch-size 64 --replay-mode last1 --max-replay-samples 10000 --replay-sample-weight 0.5 --tune-bias --keep-threshold 0.718145 --experiment-suffix stage2_replay_last1_cap10000_len256_ep4 --notes 'Stage2 full fixed-session current_v1 + replay_last1 cap10000 weight0.5: len256 epochs4, bias tuned, no final refit'","Stage2 full fixed-session current_v1 + replay_last1 cap10000 weight0.5: len256 epochs4, bias tuned, no final refit",keep as GPU candidate
20260701_124846_gpu_transformer_session_current_v1_len256_replay-last1_stage2_replay_last1_cap10000_len256_ep5_lr1e-5,torch_gpu_transformer,distilbert-base-multilingual-cased,serialized prompt/action/workspace text,current_v1,session,42,,256,5,1e-05,24,0.5,0.02,last1,10000,0.722781,0.729483,,0.729483,list_directory:0.4977;web_search:0.5400;read_file:0.5796;grep_search:0.5956;lint_or_typecheck:0.6122,"[[571, ""grep_search"", ""read_file""], [306, ""read_file"", ""list_directory""], [263, ""grep_search"", ""list_directory""], [248, ""read_file"", ""grep_search""], [237, ""glob_pattern"", ""read_file""], [228, ""list_directory"", ""read_file""], [156, ""ask_user"", ""plan_task""], [149, ""glob_pattern"", ""list_directory""]]","{""apply_patch"": 908, ""ask_user"": 427, ""edit_file"": 2317, ""glob_pattern"": 733, ""grep_search"": 1448, ""lint_or_typecheck"": 349, ""list_directory"": 1264, ""plan_task"": 623, ""read_file"": 2253, ""respond_only"": 1050, ""run_bash"": 1047, ""run_tests"": 977, ""web_search"": 304, ""write_file"": 301}",,experiments/logits/20260701_124846_gpu_transformer_session_current_v1_len256_replay-last1_stage2_replay_last1_cap10000_len256_ep5_lr1e-5_val_logits.pt,,,1184.041,520.013,"train_transformer.py --device cuda --serializer current_v1 --max-length 256 --epochs 5 --batch-size 24 --eval-batch-size 64 --lr 1e-5 --replay-mode last1 --max-replay-samples 10000 --replay-sample-weight 0.5 --tune-bias --keep-threshold 0.731768 --experiment-suffix stage2_replay_last1_cap10000_len256_ep5_lr1e-5 --notes 'Stage2 full fixed-session current_v1 + replay_last1 cap10000 weight0.5: len256 epochs5 lr1e-5, bias tuned, no final refit'","Stage2 full fixed-session current_v1 + replay_last1 cap10000 weight0.5: len256 epochs5 lr1e-5, bias tuned, no final refit",discard or revisit
20260701_131408_gpu_transformer_session_oof_current_v1_len256_fold0-of3_replay-last1_finalist_oof_len256_ep4_lr2e-5_replay_last1_fold,torch_gpu_transformer,distilbert-base-multilingual-cased,serialized prompt/action/workspace text,current_v1,session_oof_fold0_of3,42,0/3,256,4,2e-05,24,0.5,0.02,last1,10000,0.721392,,,0.721392,list_directory:0.4867;read_file:0.5630;web_search:0.5817;grep_search:0.6063;lint_or_typecheck:0.6098,"[[774, ""grep_search"", ""read_file""], [578, ""read_file"", ""grep_search""], [539, ""read_file"", ""list_directory""], [458, ""grep_search"", ""list_directory""], [311, ""list_directory"", ""read_file""], [288, ""glob_pattern"", ""read_file""], [253, ""run_bash"", ""run_tests""], [240, ""glob_pattern"", ""list_directory""]]","{""apply_patch"": 1695, ""ask_user"": 828, ""edit_file"": 3672, ""glob_pattern"": 1409, ""grep_search"": 2861, ""lint_or_typecheck"": 879, ""list_directory"": 2116, ""plan_task"": 811, ""read_file"": 3156, ""respond_only"": 1723, ""run_bash"": 1542, ""run_tests"": 1556, ""web_search"": 580, ""write_file"": 506}",,experiments/logits/20260701_131408_gpu_transformer_session_oof_current_v1_len256_fold0-of3_replay-last1_finalist_oof_len256_ep4_lr2e-5_replay_last1_fold_val_logits.pt,,,859.464,520.013,"train_transformer.py --device cuda --split session_oof --n-folds 3 --fold-id 0 --serializer current_v1 --max-length 256 --epochs 4 --batch-size 24 --eval-batch-size 64 --lr 2e-5 --replay-mode last1 --max-replay-samples 10000 --replay-sample-weight 0.5 --keep-threshold 0.0 --experiment-suffix finalist_oof_len256_ep4_lr2e-5_replay_last1_fold0 --notes 'Finalist OOF fold 0/3: current_v1 + replay_last1 cap10000 weight0.5, len256 epochs4 lr2e-5, no final refit'","Finalist OOF fold 0/3: current_v1 + replay_last1 cap10000 weight0.5, len256 epochs4 lr2e-5, no final refit",oof fold complete; aggregate before decision
20260701_132925_gpu_transformer_session_oof_current_v1_len256_fold1-of3_replay-last1_finalist_oof_len256_ep4_lr2e-5_replay_last1,torch_gpu_transformer,distilbert-base-multilingual-cased,serialized prompt/action/workspace text,current_v1,session_oof_fold1_of3,42,1/3,256,4,2e-05,24,0.5,0.02,last1,10000,0.721838,,,0.721838,list_directory:0.4872;read_file:0.5557;web_search:0.5897;lint_or_typecheck:0.5957;grep_search:0.6062,"[[765, ""grep_search"", ""read_file""], [621, ""read_file"", ""grep_search""], [562, ""read_file"", ""list_directory""], [476, ""grep_search"", ""list_directory""], [296, ""list_directory"", ""read_file""], [269, ""glob_pattern"", ""list_directory""], [246, ""glob_pattern"", ""read_file""], [234, ""run_bash"", ""run_tests""]]","{""apply_patch"": 1751, ""ask_user"": 835, ""edit_file"": 3612, ""glob_pattern"": 1410, ""grep_search"": 2912, ""lint_or_typecheck"": 854, ""list_directory"": 2215, ""plan_task"": 796, ""read_file"": 3029, ""respond_only"": 1731, ""run_bash"": 1604, ""run_tests"": 1511, ""web_search"": 563, ""write_file"": 510}",,experiments/logits/20260701_132925_gpu_transformer_session_oof_current_v1_len256_fold1-of3_replay-last1_finalist_oof_len256_ep4_lr2e-5_replay_last1_val_logits.pt,,,854.744,520.013,"train_transformer.py --device cuda --split session_oof --n-folds 3 --fold-id 1 --serializer current_v1 --max-length 256 --epochs 4 --batch-size 24 --eval-batch-size 64 --lr 2e-5 --replay-mode last1 --max-replay-samples 10000 --replay-sample-weight 0.5 --keep-threshold 0.0 --experiment-suffix finalist_oof_len256_ep4_lr2e-5_replay_last1 --notes 'Finalist OOF fold 1/3: current_v1 + replay_last1 cap10000 weight0.5, len256 epochs4 lr2e-5, no final refit'","Finalist OOF fold 1/3: current_v1 + replay_last1 cap10000 weight0.5, len256 epochs4 lr2e-5, no final refit",oof fold complete; aggregate before decision
20260701_150857_gpu_transformer_session_oof_current_v1_len256_fold2-of3_replay-last1_finalist_oof_len256_ep4_lr2e-5_replay_last1,torch_gpu_transformer,distilbert-base-multilingual-cased,serialized prompt/action/workspace text,current_v1,session_oof_fold2_of3,42,2/3,256,4,2e-05,24,0.5,0.02,last1,10000,0.720619,,,0.720619,list_directory:0.4945;read_file:0.5426;web_search:0.5725;lint_or_typecheck:0.5938;ask_user:0.6032,"[[699, ""read_file"", ""grep_search""], [674, ""grep_search"", ""read_file""], [573, ""read_file"", ""list_directory""], [439, ""grep_search"", ""list_directory""], [277, ""list_directory"", ""read_file""], [256, ""glob_pattern"", ""list_directory""], [244, ""glob_pattern"", ""read_file""], [231, ""glob_pattern"", ""grep_search""]]","{""apply_patch"": 1724, ""ask_user"": 685, ""edit_file"": 3651, ""glob_pattern"": 1428, ""grep_search"": 3112, ""lint_or_typecheck"": 876, ""list_directory"": 2185, ""plan_task"": 890, ""read_file"": 2842, ""respond_only"": 1727, ""run_bash"": 1550, ""run_tests"": 1525, ""web_search"": 644, ""write_file"": 494}",,experiments/logits/20260701_150857_gpu_transformer_session_oof_current_v1_len256_fold2-of3_replay-last1_finalist_oof_len256_ep4_lr2e-5_replay_last1_val_logits.pt,,,915.228,520.013,"train_transformer.py --device cuda --split session_oof --n-folds 3 --fold-id 2 --serializer current_v1 --max-length 256 --epochs 4 --batch-size 24 --eval-batch-size 64 --lr 2e-5 --replay-mode last1 --max-replay-samples 10000 --replay-sample-weight 0.5 --keep-threshold 0.0 --experiment-suffix finalist_oof_len256_ep4_lr2e-5_replay_last1 --notes 'Finalist OOF fold 2/3: current_v1 + replay_last1 cap10000 weight0.5, len256 epochs4 lr2e-5, no final refit'","Finalist OOF fold 2/3: current_v1 + replay_last1 cap10000 weight0.5, len256 epochs4 lr2e-5, no final refit",oof fold complete; aggregate before decision
20260701_oof_current_v1_len256_ep4_lr2e-5_replay_last1_cap10000,torch_gpu_transformer_oof,,serialized prompt/action/workspace text,,session_oof,,oof,,,,,,,,,0.721322,0.725204,,0.725204,list_directory:0.4886;web_search:0.5768;read_file:0.5782;grep_search:0.5963;lint_or_typecheck:0.5981,"[[2867, ""grep_search"", ""read_file""], [1729, ""read_file"", ""list_directory""], [1432, ""grep_search"", ""list_directory""], [1156, ""read_file"", ""grep_search""], [1056, ""list_directory"", ""read_file""], [980, ""glob_pattern"", ""read_file""], [818, ""run_bash"", ""run_tests""], [791, ""glob_pattern"", ""list_directory""]]","{""apply_patch"": 4790, ""ask_user"": 2161, ""edit_file"": 11339, ""glob_pattern"": 4115, ""grep_search"": 7048, ""lint_or_typecheck"": 2128, ""list_directory"": 6694, ""plan_task"": 2887, ""read_file"": 10809, ""respond_only"": 5177, ""run_bash"": 4695, ""run_tests"": 5080, ""web_search"": 1577, ""write_file"": 1500}",,experiments/logits/20260701_131408_gpu_transformer_session_oof_current_v1_len256_fold0-of3_replay-last1_finalist_oof_len256_ep4_lr2e-5_replay_last1_fold_val_logits.pt;experiments/logits/20260701_132925_gpu_transformer_session_oof_current_v1_len256_fold1-of3_replay-last1_finalist_oof_len256_ep4_lr2e-5_replay_last1_val_logits.pt;experiments/logits/20260701_150857_gpu_transformer_session_oof_current_v1_len256_fold2-of3_replay-last1_finalist_oof_len256_ep4_lr2e-5_replay_last1_val_logits.pt,,,,,,"OOF aggregate for current_v1 + replay_last1 cap10000 weight0.5, len256 epochs4 lr2e-5; compare to fixed-session 0.731768 before final refit",oof aggregate complete
20260701_154129_gpu_transformer_session_hybrid_v1_len160_qv600_replay-last1_stage1_hybrid_replay_last1_cap10000,torch_gpu_transformer,distilbert-base-multilingual-cased,serialized prompt/action/workspace text,hybrid_v1,session_quick600,42,,160,1,2e-05,24,0.5,0.02,last1,10000,0.395243,,,0.395243,glob_pattern:0.0000;apply_patch:0.0000;lint_or_typecheck:0.0000;web_search:0.0444;read_file:0.2903,"[[42, ""apply_patch"", ""edit_file""], [35, ""glob_pattern"", ""grep_search""], [32, ""web_search"", ""ask_user""], [31, ""read_file"", ""grep_search""], [30, ""lint_or_typecheck"", ""run_tests""], [28, ""plan_task"", ""ask_user""], [20, ""list_directory"", ""grep_search""], [19, ""run_bash"", ""run_tests""]]","{""ask_user"": 87, ""edit_file"": 91, ""grep_search"": 127, ""lint_or_typecheck"": 2, ""list_directory"": 30, ""plan_task"": 33, ""read_file"": 19, ""respond_only"": 44, ""run_bash"": 45, ""run_tests"": 75, ""web_search"": 3, ""write_file"": 44}",,experiments/logits/20260701_154129_gpu_transformer_session_hybrid_v1_len160_qv600_replay-last1_stage1_hybrid_replay_last1_cap10000_val_logits.pt,,,226.722,520.013,"train_transformer.py --device cuda --serializer hybrid_v1 --max-length 160 --epochs 1 --batch-size 24 --eval-batch-size 64 --lr 2e-5 --replay-mode last1 --max-replay-samples 10000 --replay-sample-weight 0.5 --quick-val-size 600 --keep-threshold 0.0 --tokenize-batch-size 1024 --experiment-suffix stage1_hybrid_replay_last1_cap10000 --notes 'Stage1 quick screen hybrid_v1 + replay_last1 cap10000 weight0.5: len160 epoch1 quick_val600, no final refit'","Stage1 quick screen hybrid_v1 + replay_last1 cap10000 weight0.5: len160 epoch1 quick_val600, no final refit",screening only; require full fixed-session validation
20260701_154605_gpu_transformer_session_compact_events_v1_len160_qv600_replay-last1_stage1_compact_events_replay_last1_cap10000,torch_gpu_transformer,distilbert-base-multilingual-cased,serialized prompt/action/workspace text,compact_events_v1,session_quick600,42,,160,1,2e-05,24,0.5,0.02,last1,10000,0.420960,,,0.420960,glob_pattern:0.0000;apply_patch:0.0000;lint_or_typecheck:0.0000;web_search:0.2545;read_file:0.2899,"[[43, ""apply_patch"", ""edit_file""], [35, ""lint_or_typecheck"", ""run_tests""], [31, ""glob_pattern"", ""grep_search""], [29, ""web_search"", ""ask_user""], [27, ""read_file"", ""grep_search""], [26, ""run_bash"", ""run_tests""], [20, ""plan_task"", ""ask_user""], [18, ""list_directory"", ""grep_search""]]","{""ask_user"": 78, ""edit_file"": 97, ""glob_pattern"": 1, ""grep_search"": 113, ""lint_or_typecheck"": 1, ""list_directory"": 38, ""plan_task"": 32, ""read_file"": 26, ""respond_only"": 42, ""run_bash"": 22, ""run_tests"": 95, ""web_search"": 13, ""write_file"": 42}",,experiments/logits/20260701_154605_gpu_transformer_session_compact_events_v1_len160_qv600_replay-last1_stage1_compact_events_replay_last1_cap10000_val_logits.pt,,,246.188,520.013,"train_transformer.py --device cuda --serializer compact_events_v1 --max-length 160 --epochs 1 --batch-size 24 --eval-batch-size 64 --lr 2e-5 --replay-mode last1 --max-replay-samples 10000 --replay-sample-weight 0.5 --quick-val-size 600 --keep-threshold 0.0 --tokenize-batch-size 1024 --experiment-suffix stage1_compact_events_replay_last1_cap10000 --notes 'Stage1 quick screen compact_events_v1 + replay_last1 cap10000 weight0.5: len160 epoch1 quick_val600, no final refit'","Stage1 quick screen compact_events_v1 + replay_last1 cap10000 weight0.5: len160 epoch1 quick_val600, no final refit",screening only; require full fixed-session validation
20260701_155056_gpu_transformer_session_current_v1_len160_qv600_replay-last1_stage1_current_replay_last1_cwp075,torch_gpu_transformer,distilbert-base-multilingual-cased,serialized prompt/action/workspace text,current_v1,session_quick600,42,,160,1,2e-05,24,0.75,0.02,last1,10000,0.684071,,,0.684071,read_file:0.4545;ask_user:0.4737;grep_search:0.5870;web_search:0.5882;list_directory:0.5934,"[[14, ""ask_user"", ""plan_task""], [11, ""read_file"", ""grep_search""], [10, ""ask_user"", ""web_search""], [10, ""run_tests"", ""lint_or_typecheck""], [9, ""list_directory"", ""read_file""], [9, ""run_bash"", ""run_tests""], [8, ""web_search"", ""ask_user""], [8, ""grep_search"", ""read_file""]]","{""apply_patch"": 45, ""ask_user"": 33, ""edit_file"": 46, ""glob_pattern"": 31, ""grep_search"": 49, ""lint_or_typecheck"": 42, ""list_directory"": 48, ""plan_task"": 48, ""read_file"": 45, ""respond_only"": 42, ""run_bash"": 41, ""run_tests"": 44, ""web_search"": 43, ""write_file"": 43}",,experiments/logits/20260701_155056_gpu_transformer_session_current_v1_len160_qv600_replay-last1_stage1_current_replay_last1_cwp075_val_logits.pt,,,222.340,520.013,"train_transformer.py --device cuda --serializer current_v1 --max-length 160 --epochs 1 --batch-size 24 --eval-batch-size 64 --lr 2e-5 --class-weight-power 0.75 --replay-mode last1 --max-replay-samples 10000 --replay-sample-weight 0.5 --quick-val-size 600 --keep-threshold 0.0 --tokenize-batch-size 1024 --experiment-suffix stage1_current_replay_last1_cwp075 --notes 'Stage1 quick screen current_v1 + replay_last1 cap10000 weight0.5: len160 epoch1 quick_val600 class_weight_power=0.75, no final refit'","Stage1 quick screen current_v1 + replay_last1 cap10000 weight0.5: len160 epoch1 quick_val600 class_weight_power=0.75, no final refit",screening only; require full fixed-session validation
20260701_155501_gpu_transformer_session_current_v1_len160_qv600_replay-last1_stage1_current_replay_last1_cwp025,torch_gpu_transformer,distilbert-base-multilingual-cased,serialized prompt/action/workspace text,current_v1,session_quick600,42,,160,1,2e-05,24,0.25,0.02,last1,10000,0.669840,,,0.669840,ask_user:0.4330;plan_task:0.4819;read_file:0.5094;web_search:0.5278;list_directory:0.5783,"[[16, ""plan_task"", ""ask_user""], [15, ""web_search"", ""ask_user""], [13, ""glob_pattern"", ""read_file""], [13, ""ask_user"", ""plan_task""], [11, ""list_directory"", ""read_file""], [10, ""grep_search"", ""read_file""], [10, ""run_bash"", ""run_tests""], [8, ""read_file"", ""grep_search""]]","{""apply_patch"": 50, ""ask_user"": 54, ""edit_file"": 48, ""glob_pattern"": 25, ""grep_search"": 43, ""lint_or_typecheck"": 38, ""list_directory"": 40, ""plan_task"": 40, ""read_file"": 63, ""respond_only"": 41, ""run_bash"": 41, ""run_tests"": 47, ""web_search"": 30, ""write_file"": 40}",,experiments/logits/20260701_155501_gpu_transformer_session_current_v1_len160_qv600_replay-last1_stage1_current_replay_last1_cwp025_val_logits.pt,,,202.009,520.013,"train_transformer.py --device cuda --serializer current_v1 --max-length 160 --epochs 1 --batch-size 24 --eval-batch-size 64 --lr 2e-5 --class-weight-power 0.25 --replay-mode last1 --max-replay-samples 10000 --replay-sample-weight 0.5 --quick-val-size 600 --keep-threshold 0.0 --tokenize-batch-size 1024 --experiment-suffix stage1_current_replay_last1_cwp025 --notes 'Stage1 quick screen current_v1 + replay_last1 cap10000 weight0.5: len160 epoch1 quick_val600 class_weight_power=0.25, no final refit'","Stage1 quick screen current_v1 + replay_last1 cap10000 weight0.5: len160 epoch1 quick_val600 class_weight_power=0.25, no final refit",screening only; require full fixed-session validation
20260701_155929_gpu_transformer_session_current_v1_len160_qv600_replay-last1_stage1_current_replay_last1_ls000,torch_gpu_transformer,distilbert-base-multilingual-cased,serialized prompt/action/workspace text,current_v1,session_quick600,42,,160,1,2e-05,24,0.5,0.0,last1,10000,0.679076,,,0.679076,read_file:0.4510;ask_user:0.5000;plan_task:0.5176;grep_search:0.5714;list_directory:0.5977,"[[13, ""glob_pattern"", ""read_file""], [13, ""plan_task"", ""ask_user""], [13, ""ask_user"", ""plan_task""], [11, ""read_file"", ""grep_search""], [11, ""list_directory"", ""read_file""], [10, ""web_search"", ""ask_user""], [10, ""grep_search"", ""read_file""], [9, ""run_tests"", ""lint_or_typecheck""]]","{""apply_patch"": 45, ""ask_user"": 45, ""edit_file"": 49, ""glob_pattern"": 24, ""grep_search"": 48, ""lint_or_typecheck"": 42, ""list_directory"": 44, ""plan_task"": 42, ""read_file"": 59, ""respond_only"": 41, ""run_bash"": 42, ""run_tests"": 43, ""web_search"": 34, ""write_file"": 42}",,experiments/logits/20260701_155929_gpu_transformer_session_current_v1_len160_qv600_replay-last1_stage1_current_replay_last1_ls000_val_logits.pt,,,189.563,520.013,"train_transformer.py --device cuda --serializer current_v1 --max-length 160 --epochs 1 --batch-size 24 --eval-batch-size 64 --lr 2e-5 --label-smoothing 0.0 --class-weight-power 0.5 --replay-mode last1 --max-replay-samples 10000 --replay-sample-weight 0.5 --quick-val-size 600 --keep-threshold 0.0 --tokenize-batch-size 1024 --experiment-suffix stage1_current_replay_last1_ls000 --notes 'Stage1 quick screen current_v1 + replay_last1 cap10000 weight0.5: len160 epoch1 quick_val600 label_smoothing=0.0, no final refit'","Stage1 quick screen current_v1 + replay_last1 cap10000 weight0.5: len160 epoch1 quick_val600 label_smoothing=0.0, no final refit",screening only; require full fixed-session validation
20260701_160334_gpu_transformer_session_current_v1_len160_qv600_replay-last1_stage1_current_replay_last1_ls005,torch_gpu_transformer,distilbert-base-multilingual-cased,serialized prompt/action/workspace text,current_v1,session_quick600,42,,160,1,2e-05,24,0.5,0.05,last1,10000,0.680512,,,0.680512,ask_user:0.4250;read_file:0.5143;plan_task:0.5556;web_search:0.5610;list_directory:0.5909,"[[15, ""ask_user"", ""plan_task""], [13, ""glob_pattern"", ""read_file""], [11, ""grep_search"", ""read_file""], [10, ""list_directory"", ""read_file""], [10, ""ask_user"", ""web_search""], [10, ""web_search"", ""ask_user""], [9, ""plan_task"", ""ask_user""], [9, ""run_bash"", ""run_tests""]]","{""apply_patch"": 45, ""ask_user"": 37, ""edit_file"": 50, ""glob_pattern"": 24, ""grep_search"": 38, ""lint_or_typecheck"": 41, ""list_directory"": 45, ""plan_task"": 47, ""read_file"": 62, ""respond_only"": 41, ""run_bash"": 44, ""run_tests"": 44, ""web_search"": 40, ""write_file"": 42}",,experiments/logits/20260701_160334_gpu_transformer_session_current_v1_len160_qv600_replay-last1_stage1_current_replay_last1_ls005_val_logits.pt,,,189.535,520.013,"train_transformer.py --device cuda --serializer current_v1 --max-length 160 --epochs 1 --batch-size 24 --eval-batch-size 64 --lr 2e-5 --label-smoothing 0.05 --class-weight-power 0.5 --replay-mode last1 --max-replay-samples 10000 --replay-sample-weight 0.5 --quick-val-size 600 --keep-threshold 0.0 --tokenize-batch-size 1024 --experiment-suffix stage1_current_replay_last1_ls005 --notes 'Stage1 quick screen current_v1 + replay_last1 cap10000 weight0.5: len160 epoch1 quick_val600 label_smoothing=0.05, no final refit'","Stage1 quick screen current_v1 + replay_last1 cap10000 weight0.5: len160 epoch1 quick_val600 label_smoothing=0.05, no final refit",screening only; require full fixed-session validation
20260702_oof_rule_boosts_current_v1_len256_ep4_replay_last1,torch_gpu_transformer_oof_rule_boost,,OOF logits + deterministic sample/logit rule boosts,,session_oof,,oof,,,,,,,,,0.725204,0.728511,,0.728511,list_directory:0.4939;read_file:0.5809;web_search:0.5933;grep_search:0.5963;lint_or_typecheck:0.6003,"[[2937, ""grep_search"", ""read_file""], [1639, ""read_file"", ""list_directory""], [1362, ""grep_search"", ""list_directory""], [1156, ""read_file"", ""grep_search""], [1081, ""list_directory"", ""read_file""], [1014, ""glob_pattern"", ""read_file""], [786, ""run_bash"", ""run_tests""], [757, ""glob_pattern"", ""list_directory""]]","{""apply_patch"": 4790, ""ask_user"": 2248, ""edit_file"": 11339, ""glob_pattern"": 4115, ""grep_search"": 7048, ""lint_or_typecheck"": 2155, ""list_directory"": 6474, ""plan_task"": 2797, ""read_file"": 11030, ""respond_only"": 5177, ""run_bash"": 4719, ""run_tests"": 5029, ""web_search"": 1579, ""write_file"": 1500}",experiments/artifacts/20260702_oof_rule_boosts_current_v1_len256_ep4_replay_last1_rule_boosts.json,experiments/logits/20260701_131408_gpu_transformer_session_oof_current_v1_len256_fold0-of3_replay-last1_finalist_oof_len256_ep4_lr2e-5_replay_last1_fold_val_logits.pt;experiments/logits/20260701_132925_gpu_transformer_session_oof_current_v1_len256_fold1-of3_replay-last1_finalist_oof_len256_ep4_lr2e-5_replay_last1_val_logits.pt;experiments/logits/20260701_150857_gpu_transformer_session_oof_current_v1_len256_fold2-of3_replay-last1_finalist_oof_len256_ep4_lr2e-5_replay_last1_val_logits.pt,,,,,,OOF diagnostic: greedy deterministic sample/logit rule boosts on current_v1 + replay_last1 finalist OOF logits; inspect gain before inference integration,rule boost diagnostic complete
20260702_oof_markov_prior_current_v1_len256_ep4_replay_last1,torch_gpu_transformer_oof_markov_prior,,OOF transformer logits + fold-aware Markov/action prior,,session_oof,,oof,,,,,,,,,0.725204,0.725495,,0.725495,list_directory:0.4915;read_file:0.5726;web_search:0.5853;lint_or_typecheck:0.5966;grep_search:0.5979,"[[2844, ""grep_search"", ""read_file""], [1638, ""read_file"", ""list_directory""], [1327, ""grep_search"", ""list_directory""], [1307, ""read_file"", ""grep_search""], [1079, ""list_directory"", ""read_file""], [982, ""glob_pattern"", ""read_file""], [846, ""run_bash"", ""run_tests""], [749, ""glob_pattern"", ""list_directory""]]","{""apply_patch"": 4774, ""ask_user"": 2168, ""edit_file"": 11367, ""glob_pattern"": 4117, ""grep_search"": 7411, ""lint_or_typecheck"": 2129, ""list_directory"": 6409, ""plan_task"": 2791, ""read_file"": 10737, ""respond_only"": 5175, ""run_bash"": 4603, ""run_tests"": 5180, ""web_search"": 1652, ""write_file"": 1487}",experiments/artifacts/20260702_oof_markov_prior_current_v1_len256_ep4_replay_last1_markov_prior.json,experiments/logits/20260701_131408_gpu_transformer_session_oof_current_v1_len256_fold0-of3_replay-last1_finalist_oof_len256_ep4_lr2e-5_replay_last1_fold_val_logits.pt;experiments/logits/20260701_132925_gpu_transformer_session_oof_current_v1_len256_fold1-of3_replay-last1_finalist_oof_len256_ep4_lr2e-5_replay_last1_val_logits.pt;experiments/logits/20260701_150857_gpu_transformer_session_oof_current_v1_len256_fold2-of3_replay-last1_finalist_oof_len256_ep4_lr2e-5_replay_last1_val_logits.pt,,,,,,OOF diagnostic: fold-aware Markov/action prior added to current_v1 + replay_last1 finalist logits; no extra bias retune,markov prior oof diagnostic complete
20260702_oof_markov_prior_plus_rules_current_v1_len256_ep4_replay_last1,torch_gpu_transformer_oof_markov_prior,,OOF transformer logits + fold-aware Markov/action prior,,session_oof,,oof,,,,,,,,,0.728511,0.728511,,0.728511,list_directory:0.4939;read_file:0.5809;web_search:0.5933;grep_search:0.5963;lint_or_typecheck:0.6003,"[[2937, ""grep_search"", ""read_file""], [1639, ""read_file"", ""list_directory""], [1362, ""grep_search"", ""list_directory""], [1156, ""read_file"", ""grep_search""], [1081, ""list_directory"", ""read_file""], [1014, ""glob_pattern"", ""read_file""], [786, ""run_bash"", ""run_tests""], [757, ""glob_pattern"", ""list_directory""]]","{""apply_patch"": 4790, ""ask_user"": 2248, ""edit_file"": 11339, ""glob_pattern"": 4115, ""grep_search"": 7048, ""lint_or_typecheck"": 2155, ""list_directory"": 6474, ""plan_task"": 2797, ""read_file"": 11030, ""respond_only"": 5177, ""run_bash"": 4719, ""run_tests"": 5029, ""web_search"": 1579, ""write_file"": 1500}",experiments/artifacts/20260702_oof_markov_prior_plus_rules_current_v1_len256_ep4_replay_last1_markov_prior.json,experiments/logits/20260701_131408_gpu_transformer_session_oof_current_v1_len256_fold0-of3_replay-last1_finalist_oof_len256_ep4_lr2e-5_replay_last1_fold_val_logits.pt;experiments/logits/20260701_132925_gpu_transformer_session_oof_current_v1_len256_fold1-of3_replay-last1_finalist_oof_len256_ep4_lr2e-5_replay_last1_val_logits.pt;experiments/logits/20260701_150857_gpu_transformer_session_oof_current_v1_len256_fold2-of3_replay-last1_finalist_oof_len256_ep4_lr2e-5_replay_last1_val_logits.pt,,,,,,OOF diagnostic: fold-aware Markov/action prior added on top of 6 OOF rule boosts for current_v1 + replay_last1 finalist logits; no extra bias retune,markov prior oof diagnostic complete
20260702_oof_markov_prior_plus_rules_bias_current_v1_len256_ep4_replay_last1,torch_gpu_transformer_oof_markov_prior,,OOF transformer logits + fold-aware Markov/action prior,,session_oof,,oof,,,,,,,,,0.728511,0.729425,,0.729425,list_directory:0.4943;read_file:0.5749;web_search:0.5945;lint_or_typecheck:0.6008;grep_search:0.6021,"[[2732, ""grep_search"", ""read_file""], [1616, ""read_file"", ""list_directory""], [1383, ""read_file"", ""grep_search""], [1333, ""grep_search"", ""list_directory""], [1043, ""list_directory"", ""read_file""], [946, ""glob_pattern"", ""read_file""], [750, ""glob_pattern"", ""list_directory""], [744, ""run_bash"", ""run_tests""]]","{""apply_patch"": 4761, ""ask_user"": 2220, ""edit_file"": 11373, ""glob_pattern"": 4141, ""grep_search"": 7634, ""lint_or_typecheck"": 2194, ""list_directory"": 6398, ""plan_task"": 2877, ""read_file"": 10502, ""respond_only"": 5171, ""run_bash"": 4774, ""run_tests"": 4938, ""web_search"": 1526, ""write_file"": 1491}",experiments/artifacts/20260702_oof_markov_prior_plus_rules_bias_current_v1_len256_ep4_replay_last1_markov_prior.json,experiments/logits/20260701_131408_gpu_transformer_session_oof_current_v1_len256_fold0-of3_replay-last1_finalist_oof_len256_ep4_lr2e-5_replay_last1_fold_val_logits.pt;experiments/logits/20260701_132925_gpu_transformer_session_oof_current_v1_len256_fold1-of3_replay-last1_finalist_oof_len256_ep4_lr2e-5_replay_last1_val_logits.pt;experiments/logits/20260701_150857_gpu_transformer_session_oof_current_v1_len256_fold2-of3_replay-last1_finalist_oof_len256_ep4_lr2e-5_replay_last1_val_logits.pt,,,,,,OOF diagnostic: fold-aware Markov/action prior plus 6 OOF rule boosts with final class-bias retune; inspect before integration,markov prior oof diagnostic complete
20260702_oof_sparse_svc_plus_rules_current_v1_len256_ep4_replay_last1,tfidf_linearsvc_oof_ensemble,,OOF transformer logits + fold-aware TF-IDF LinearSVC scores,,session_oof,,oof,,,,,,,,,0.728511,0.730254,,0.730254,list_directory:0.4943;read_file:0.5697;grep_search:0.5979;lint_or_typecheck:0.6080;web_search:0.6082,"[[2658, ""grep_search"", ""read_file""], [1730, ""read_file"", ""list_directory""], [1423, ""grep_search"", ""list_directory""], [1348, ""read_file"", ""grep_search""], [958, ""list_directory"", ""read_file""], [919, ""glob_pattern"", ""read_file""], [785, ""glob_pattern"", ""list_directory""], [730, ""run_bash"", ""run_tests""]]","{""apply_patch"": 4799, ""ask_user"": 2326, ""edit_file"": 11320, ""glob_pattern"": 4323, ""grep_search"": 7434, ""lint_or_typecheck"": 2243, ""list_directory"": 6730, ""plan_task"": 2801, ""read_file"": 10164, ""respond_only"": 5174, ""run_bash"": 4687, ""run_tests"": 4987, ""web_search"": 1509, ""write_file"": 1503}",experiments/artifacts/20260702_oof_sparse_svc_plus_rules_current_v1_len256_ep4_replay_last1_sparse_svc.json,experiments/logits/20260702_oof_sparse_svc_plus_rules_current_v1_len256_ep4_replay_last1_sparse_oof_logits.pt,,,,,,OOF diagnostic: fold-aware TF-IDF LinearSVC scores ensembled with 6-rule boosted current_v1 + replay_last1 finalist logits; no extra bias retune,sparse svc oof ensemble diagnostic complete
20260702_oof_sparse_svc_current_v1_len256_ep4_replay_last1,tfidf_linearsvc_oof_ensemble,,OOF transformer logits + fold-aware TF-IDF LinearSVC scores,,session_oof,,oof,,,,,,,,,0.725204,0.728315,,0.728315,list_directory:0.4908;read_file:0.5683;grep_search:0.5980;web_search:0.6003;lint_or_typecheck:0.6054,"[[2609, ""grep_search"", ""read_file""], [1777, ""read_file"", ""list_directory""], [1466, ""grep_search"", ""list_directory""], [1353, ""read_file"", ""grep_search""], [943, ""list_directory"", ""read_file""], [899, ""glob_pattern"", ""read_file""], [802, ""glob_pattern"", ""list_directory""], [755, ""run_bash"", ""run_tests""]]","{""apply_patch"": 4799, ""ask_user"": 2255, ""edit_file"": 11320, ""glob_pattern"": 4322, ""grep_search"": 7453, ""lint_or_typecheck"": 2220, ""list_directory"": 6848, ""plan_task"": 2874, ""read_file"": 10026, ""respond_only"": 5174, ""run_bash"": 4666, ""run_tests"": 5031, ""web_search"": 1509, ""write_file"": 1503}",experiments/artifacts/20260702_oof_sparse_svc_current_v1_len256_ep4_replay_last1_sparse_svc.json,experiments/logits/20260702_oof_sparse_svc_current_v1_len256_ep4_replay_last1_sparse_oof_logits.pt,,,,,,"OOF diagnostic: fold-aware TF-IDF LinearSVC scores ensembled with current_v1 + replay_last1 finalist logits; no rules, no extra bias retune",sparse svc oof ensemble diagnostic complete
20260701_slack_xlm_roberta_base_public_07081,slack_shared_transformer_submission,xlm-roberta-base,teammate serialize_transformer_sample: current prompt; tier/lang/turn/budget/elapsed meta; workspace meta; recent 8 actions; optional last_user/args/results,team_serialize_transformer_sample,session,,,192,3,2e-05,16,0.5,0.02,none,0,,0.718793,,0.718793,list_directory:~0.48;read_file:~0.54;web_search:~0.54;lint_or_typecheck:~0.58;grep_search:~0.60,,,,,,67,,513,Slack handoff external run: xlm-roberta-base epochs3 lr2e-5 max_length192 batch16 bf16 class_weight_power0.5 label_smoothing0.02; full 70k refit saved fp16,Slack shared by jinsanroh02 on 2026-07-01 23:47 KST; Public Macro-F1=0.7080569737; local session=0.718793; local-public gap=-0.0107; previous DistilBERT public=0.6983,promote xlm-roberta-base to reproduction baseline; rerun in repo and evaluate OOF/TF-IDF ensemble
20260702_slack_xlm_roberta_base_5ep_fixed_07389,slack_shared_transformer_fixed_validation,xlm-roberta-base,current_v1-style serialized prompt/action/workspace text,current_v1-style,session,42,,192,5,2e-05,16,0.5,0.02,none,0,0.735400,,0.738900,0.738900,list_directory:0.4740;read_file:0.5610;grep_search:0.5960;web_search:0.6100;glob_pattern:0.6260,"[[564, ""grep_search"", ""read_file""], [360, ""read_file"", ""list_directory""], [283, ""grep_search"", ""list_directory""]]",,,,,,,556,External teammate handoff: xlm-roberta-base current_v1-style max_length192 epochs5 lr2e-5 batch16 seed42 class_weight_power0.5 label_smoothing0.02 replay none; fp16 artifact only,Canonical XLM-R fixed-session baseline as of 2026-07-02; validation logits not saved; expected Public roughly 0.726-0.728 from fixed 0.7389,promote to current fixed-session baseline; next test replay_last1 cap10000 with saved val logits and 2-stage bias
20260701_183208_gpu_transformer_session_current_v1_len192_replay-last1_stage2_xlmr_base_len192_ep5_replay_last1_cap1000,torch_gpu_transformer,xlm-roberta-base,serialized prompt/action/workspace text,current_v1,session,42,,192,5,2e-05,16,0.5,0.02,last1,10000,0.739664,0.743909,0.744625,0.744625,list_directory:0.5050;web_search:0.5876;read_file:0.6042;grep_search:0.6100;glob_pattern:0.6274,"[[564, ""grep_search"", ""read_file""], [320, ""read_file"", ""list_directory""], [270, ""grep_search"", ""list_directory""], [218, ""glob_pattern"", ""read_file""], [209, ""list_directory"", ""read_file""], [182, ""read_file"", ""grep_search""], [154, ""glob_pattern"", ""list_directory""], [148, ""ask_user"", ""plan_task""]]","{""apply_patch"": 927, ""ask_user"": 466, ""edit_file"": 2264, ""glob_pattern"": 804, ""grep_search"": 1368, ""lint_or_typecheck"": 448, ""list_directory"": 1300, ""plan_task"": 584, ""read_file"": 2254, ""respond_only"": 1052, ""run_bash"": 998, ""run_tests"": 921, ""web_search"": 306, ""write_file"": 309}",,experiments/logits/20260701_183208_gpu_transformer_session_current_v1_len192_replay-last1_stage2_xlmr_base_len192_ep5_replay_last1_cap1000_val_logits.pt,,,2411.120,520.013,"train_transformer.py --device cuda --base-model xlm-roberta-base --serializer current_v1 --max-length 192 --epochs 5 --batch-size 16 --eval-batch-size 64 --lr 2e-5 --class-weight-power 0.5 --label-smoothing 0.02 --replay-mode last1 --max-replay-samples 10000 --replay-sample-weight 0.5 --tune-bias --keep-threshold 0.7389 --tokenize-batch-size 1024 --experiment-suffix stage2_xlmr_base_len192_ep5_replay_last1_cap10000 --notes 'Stage2 XLM-R replay test: xlm-roberta-base current_v1 len192 epochs5 lr2e-5 batch16 replay_last1 cap10000 weight0.5, old and 2-stage bias tuned, no final refit'","Stage2 XLM-R replay test: xlm-roberta-base current_v1 len192 epochs5 lr2e-5 batch16 replay_last1 cap10000 weight0.5, old and 2-stage bias tuned, no final refit",keep as GPU candidate
20260701_190742_gpu_transformer_session_oof_current_v1_len192_fold0-of3_replay-last1_oof_xlmr_len192_ep5_replay_last1_cap10000_fold0,torch_gpu_transformer,xlm-roberta-base,serialized prompt/action/workspace text,current_v1,session_oof_fold0_of3,42,0/3,192,5,2e-05,16,0.5,0.02,last1,10000,0.731585,,,0.731585,list_directory:0.4471;read_file:0.5395;ask_user:0.5920;grep_search:0.6006;web_search:0.6194,"[[757, ""grep_search"", ""read_file""], [667, ""read_file"", ""grep_search""], [578, ""read_file"", ""list_directory""], [448, ""grep_search"", ""list_directory""], [346, ""list_directory"", ""read_file""], [261, ""glob_pattern"", ""read_file""], [243, ""list_directory"", ""grep_search""], [235, ""ask_user"", ""plan_task""]]","{""apply_patch"": 1650, ""ask_user"": 751, ""edit_file"": 3684, ""glob_pattern"": 1439, ""grep_search"": 3070, ""lint_or_typecheck"": 814, ""list_directory"": 2055, ""plan_task"": 839, ""read_file"": 3031, ""respond_only"": 1728, ""run_bash"": 1566, ""run_tests"": 1598, ""web_search"": 606, ""write_file"": 503}",,experiments/logits/20260701_190742_gpu_transformer_session_oof_current_v1_len192_fold0-of3_replay-last1_oof_xlmr_len192_ep5_replay_last1_cap10000_fold0_val_logits.pt,,,2038.371,520.013,train_transformer.py --device cuda --split session_oof --n-folds 3 --fold-id 0 --base-model xlm-roberta-base --serializer current_v1 --max-length 192 --epochs 5 --batch-size 16 --eval-batch-size 64 --lr 2e-5 --class-weight-power 0.5 --label-smoothing 0.02 --replay-mode last1 --max-replay-samples 10000 --replay-sample-weight 0.5 --keep-threshold 0.0 --tokenize-batch-size 1024 --experiment-suffix oof_xlmr_len192_ep5_replay_last1_cap10000_fold0 --notes 'OOF fold 0/3 for promoted XLM-R replay finalist: xlm-roberta-base current_v1 len192 epochs5 replay_last1 cap10000 weight0.5; raw fold logits for aggregate OOF 2-stage bias/ensemble tuning',OOF fold 0/3 for promoted XLM-R replay finalist: xlm-roberta-base current_v1 len192 epochs5 replay_last1 cap10000 weight0.5; raw fold logits for aggregate OOF 2-stage bias/ensemble tuning,oof fold complete; aggregate before decision
20260701_194151_gpu_transformer_session_oof_current_v1_len192_fold1-of3_replay-last1_oof_xlmr_len192_ep5_replay_last1_cap10000_fold1,torch_gpu_transformer,xlm-roberta-base,serialized prompt/action/workspace text,current_v1,session_oof_fold1_of3,42,1/3,192,5,2e-05,16,0.5,0.02,last1,10000,0.720607,,,0.720607,list_directory:0.4452;read_file:0.5484;web_search:0.5785;lint_or_typecheck:0.5979;grep_search:0.5995,"[[864, ""grep_search"", ""read_file""], [618, ""read_file"", ""grep_search""], [493, ""read_file"", ""list_directory""], [415, ""list_directory"", ""read_file""], [399, ""grep_search"", ""list_directory""], [298, ""glob_pattern"", ""read_file""], [253, ""run_bash"", ""run_tests""], [226, ""plan_task"", ""ask_user""]]","{""apply_patch"": 1684, ""ask_user"": 850, ""edit_file"": 3663, ""glob_pattern"": 1490, ""grep_search"": 2885, ""lint_or_typecheck"": 771, ""list_directory"": 1841, ""plan_task"": 776, ""read_file"": 3358, ""respond_only"": 1726, ""run_bash"": 1575, ""run_tests"": 1614, ""web_search"": 589, ""write_file"": 511}",,experiments/logits/20260701_194151_gpu_transformer_session_oof_current_v1_len192_fold1-of3_replay-last1_oof_xlmr_len192_ep5_replay_last1_cap10000_fold1_val_logits.pt,,,2039.101,520.013,train_transformer.py --device cuda --split session_oof --n-folds 3 --fold-id 1 --base-model xlm-roberta-base --serializer current_v1 --max-length 192 --epochs 5 --batch-size 16 --eval-batch-size 64 --lr 2e-5 --class-weight-power 0.5 --label-smoothing 0.02 --replay-mode last1 --max-replay-samples 10000 --replay-sample-weight 0.5 --keep-threshold 0.0 --tokenize-batch-size 1024 --experiment-suffix oof_xlmr_len192_ep5_replay_last1_cap10000_fold1 --notes 'OOF fold 1/3 for promoted XLM-R replay finalist: xlm-roberta-base current_v1 len192 epochs5 replay_last1 cap10000 weight0.5; raw fold logits for aggregate OOF 2-stage bias/ensemble tuning',OOF fold 1/3 for promoted XLM-R replay finalist: xlm-roberta-base current_v1 len192 epochs5 replay_last1 cap10000 weight0.5; raw fold logits for aggregate OOF 2-stage bias/ensemble tuning,oof fold complete; aggregate before decision
20260701_201604_gpu_transformer_session_oof_current_v1_len192_fold2-of3_replay-last1_oof_xlmr_len192_ep5_replay_last1_cap10000_fold2,torch_gpu_transformer,xlm-roberta-base,serialized prompt/action/workspace text,current_v1,session_oof_fold2_of3,42,2/3,192,5,2e-05,16,0.5,0.02,last1,10000,0.718740,,,0.718740,list_directory:0.4227;read_file:0.5462;web_search:0.5879;lint_or_typecheck:0.5917;ask_user:0.6052,"[[892, ""grep_search"", ""read_file""], [614, ""read_file"", ""grep_search""], [543, ""list_directory"", ""read_file""], [442, ""read_file"", ""list_directory""], [358, ""glob_pattern"", ""read_file""], [336, ""grep_search"", ""list_directory""], [261, ""run_bash"", ""run_tests""], [227, ""ask_user"", ""plan_task""]]","{""apply_patch"": 1695, ""ask_user"": 759, ""edit_file"": 3663, ""glob_pattern"": 1405, ""grep_search"": 2907, ""lint_or_typecheck"": 804, ""list_directory"": 1609, ""plan_task"": 869, ""read_file"": 3653, ""respond_only"": 1736, ""run_bash"": 1523, ""run_tests"": 1619, ""web_search"": 599, ""write_file"": 492}",,experiments/logits/20260701_201604_gpu_transformer_session_oof_current_v1_len192_fold2-of3_replay-last1_oof_xlmr_len192_ep5_replay_last1_cap10000_fold2_val_logits.pt,,,2039.205,520.013,train_transformer.py --device cuda --split session_oof --n-folds 3 --fold-id 2 --base-model xlm-roberta-base --serializer current_v1 --max-length 192 --epochs 5 --batch-size 16 --eval-batch-size 64 --lr 2e-5 --class-weight-power 0.5 --label-smoothing 0.02 --replay-mode last1 --max-replay-samples 10000 --replay-sample-weight 0.5 --keep-threshold 0.0 --tokenize-batch-size 1024 --experiment-suffix oof_xlmr_len192_ep5_replay_last1_cap10000_fold2 --notes 'OOF fold 2/3 for promoted XLM-R replay finalist: xlm-roberta-base current_v1 len192 epochs5 replay_last1 cap10000 weight0.5; raw fold logits for aggregate OOF 2-stage bias/ensemble tuning',OOF fold 2/3 for promoted XLM-R replay finalist: xlm-roberta-base current_v1 len192 epochs5 replay_last1 cap10000 weight0.5; raw fold logits for aggregate OOF 2-stage bias/ensemble tuning,oof fold complete; aggregate before decision
20260702_oof_xlmr_base_len192_ep5_replay_last1_cap10000,torch_gpu_transformer_oof,,serialized prompt/action/workspace text,,session_oof,,oof,,,,,,,,,0.723739,0.728371,0.728569,0.728569,list_directory:0.4538;read_file:0.5662;grep_search:0.5893;web_search:0.6001;lint_or_typecheck:0.6102,"[[3139, ""grep_search"", ""read_file""], [1858, ""read_file"", ""list_directory""], [1440, ""grep_search"", ""list_directory""], [1340, ""list_directory"", ""read_file""], [1158, ""glob_pattern"", ""read_file""], [997, ""read_file"", ""grep_search""], [724, ""ask_user"", ""plan_task""], [709, ""glob_pattern"", ""list_directory""]]","{""apply_patch"": 4898, ""ask_user"": 2390, ""edit_file"": 11152, ""glob_pattern"": 4072, ""grep_search"": 6554, ""lint_or_typecheck"": 1978, ""list_directory"": 6508, ""plan_task"": 2719, ""read_file"": 11597, ""respond_only"": 5186, ""run_bash"": 5003, ""run_tests"": 4915, ""web_search"": 1543, ""write_file"": 1485}",,experiments/logits/20260701_190742_gpu_transformer_session_oof_current_v1_len192_fold0-of3_replay-last1_oof_xlmr_len192_ep5_replay_last1_cap10000_fold0_val_logits.pt;experiments/logits/20260701_194151_gpu_transformer_session_oof_current_v1_len192_fold1-of3_replay-last1_oof_xlmr_len192_ep5_replay_last1_cap10000_fold1_val_logits.pt;experiments/logits/20260701_201604_gpu_transformer_session_oof_current_v1_len192_fold2-of3_replay-last1_oof_xlmr_len192_ep5_replay_last1_cap10000_fold2_val_logits.pt,,,,,,Aggregate 3-fold session OOF for promoted XLM-R replay finalist; compare against fixed-session 0.744625 before rule/sparse ensemble or final refit,oof aggregate complete
20260702_oof_rule_boosts_xlmr_base_len192_ep5_replay_last1_cap10000,torch_gpu_transformer_oof_rule_boost,,OOF logits + deterministic sample/logit rule boosts,,session_oof,,oof,,,,,,,,,0.728569,0.735673,,0.735673,list_directory:0.4678;read_file:0.5659;grep_search:0.5893;lint_or_typecheck:0.6173;web_search:0.6263,"[[3110, ""grep_search"", ""read_file""], [1954, ""read_file"", ""list_directory""], [1476, ""grep_search"", ""list_directory""], [1195, ""list_directory"", ""read_file""], [1115, ""glob_pattern"", ""read_file""], [995, ""read_file"", ""grep_search""], [756, ""glob_pattern"", ""list_directory""], [726, ""ask_user"", ""plan_task""]]","{""apply_patch"": 4898, ""ask_user"": 2353, ""edit_file"": 11149, ""glob_pattern"": 4068, ""grep_search"": 6539, ""lint_or_typecheck"": 2107, ""list_directory"": 6843, ""plan_task"": 2797, ""read_file"": 11285, ""respond_only"": 5186, ""run_bash"": 4980, ""run_tests"": 4805, ""web_search"": 1505, ""write_file"": 1485}",experiments/artifacts/20260702_oof_rule_boosts_xlmr_base_len192_ep5_replay_last1_cap10000_rule_boosts.json,experiments/logits/20260701_190742_gpu_transformer_session_oof_current_v1_len192_fold0-of3_replay-last1_oof_xlmr_len192_ep5_replay_last1_cap10000_fold0_val_logits.pt;experiments/logits/20260701_194151_gpu_transformer_session_oof_current_v1_len192_fold1-of3_replay-last1_oof_xlmr_len192_ep5_replay_last1_cap10000_fold1_val_logits.pt;experiments/logits/20260701_201604_gpu_transformer_session_oof_current_v1_len192_fold2-of3_replay-last1_oof_xlmr_len192_ep5_replay_last1_cap10000_fold2_val_logits.pt,,,,,,OOF rule boost diagnostic on XLM-R replay finalist; only promote if gain is meaningful over 0.728569 2-stage OOF baseline,rule boost diagnostic complete
20260702_oof_sparse_svc_plus_rules_xlmr_base_len192_ep5_replay_last1_cap10000,tfidf_linearsvc_oof_ensemble,,OOF transformer logits + fold-aware TF-IDF LinearSVC scores,,session_oof,,oof,,,,,,,,,0.735673,0.738590,0.739142,0.739142,list_directory:0.4674;read_file:0.5684;grep_search:0.5973;lint_or_typecheck:0.6215;ask_user:0.6308,"[[2999, ""grep_search"", ""read_file""], [1653, ""read_file"", ""list_directory""], [1310, ""grep_search"", ""list_directory""], [1289, ""list_directory"", ""read_file""], [1266, ""read_file"", ""grep_search""], [1086, ""glob_pattern"", ""read_file""], [765, ""ask_user"", ""plan_task""], [697, ""glob_pattern"", ""list_directory""]]","{""apply_patch"": 4872, ""ask_user"": 2305, ""edit_file"": 11169, ""glob_pattern"": 4105, ""grep_search"": 7236, ""lint_or_typecheck"": 2068, ""list_directory"": 6142, ""plan_task"": 2892, ""read_file"": 11262, ""respond_only"": 5179, ""run_bash"": 4893, ""run_tests"": 4930, ""web_search"": 1465, ""write_file"": 1482}",experiments/artifacts/20260702_oof_sparse_svc_plus_rules_xlmr_base_len192_ep5_replay_last1_cap10000_sparse_svc.json,experiments/logits/20260702_oof_sparse_svc_plus_rules_xlmr_base_len192_ep5_replay_last1_cap10000_sparse_oof_logits.pt,,,,,,"OOF sparse SVC ensemble on top of XLM-R replay plus OOF rule boosts; fold-aware sparse training, tune sparse weight and 2-stage bias on OOF only",sparse svc oof ensemble diagnostic complete
20260702_oof_sparse_svc_plus_rules_xlmr_base_len192_ep5_replay_last1_cap10000_w4_retune,tfidf_linearsvc_oof_ensemble_retune,xlm-roberta-base,OOF XLM-R replay rule-boosted logits + saved fold-aware TF-IDF LinearSVC scores,current_v1,session_oof,,oof,192,5,2e-05,16,0.5,0.02,last1,10000,0.739852,0.741570,0.741881,0.741881,list_directory:0.4824;read_file:0.5682;grep_search:0.6035;lint_or_typecheck:0.6298;ask_user:0.6349,"[[2736, ""grep_search"", ""read_file""], [1701, ""read_file"", ""list_directory""], [1451, ""read_file"", ""grep_search""], [1374, ""grep_search"", ""list_directory""], [1089, ""list_directory"", ""read_file""], [1037, ""glob_pattern"", ""read_file""], [756, ""ask_user"", ""plan_task""], [728, ""glob_pattern"", ""list_directory""]]","{""apply_patch"": 4754, ""ask_user"": 2462, ""edit_file"": 11289, ""glob_pattern"": 4014, ""grep_search"": 7738, ""lint_or_typecheck"": 2188, ""list_directory"": 6434, ""plan_task"": 2840, ""read_file"": 10538, ""respond_only"": 5179, ""run_bash"": 4951, ""run_tests"": 4777, ""web_search"": 1356, ""write_file"": 1480}",experiments/artifacts/20260702_oof_sparse_svc_plus_rules_xlmr_base_len192_ep5_replay_last1_cap10000_w4_retune_sparse_weight_retune.json,experiments/logits/20260702_oof_sparse_svc_plus_rules_xlmr_base_len192_ep5_replay_last1_cap10000_sparse_oof_logits.pt,,,,,,Weight-only retune from saved sparse OOF logits; best checked weight=4.0 after wide sweep 0.8-10.0; no new sparse training,best OOF candidate so far; requires packaging feasibility and fixed/public calibration before submission
20260701_215145_gpu_transformer_session_current_v1_len192_replay-last1_final_xlmr_len192_ep5_replay_last1_oofbias_rules,torch_gpu_transformer_final_refit,xlm-roberta-base,serialized prompt/action/workspace text,current_v1,final_refit,42,,192,5,2e-05,16,0.5,0.02,last1,10000,,,,0.728569,list_directory:0.4538;read_file:0.5662;grep_search:0.5893;web_search:0.6001;lint_or_typecheck:0.6102,,,model,,,,2840.117,553 after fp16 conversion,"train_transformer.py --device cuda --base-model xlm-roberta-base --serializer current_v1 --max-length 192 --epochs 5 --batch-size 16 --eval-batch-size 64 --lr 2e-5 --class-weight-power 0.5 --label-smoothing 0.02 --replay-mode last1 --max-replay-samples 10000 --replay-sample-weight 0.5 --final-model --final-only --class-bias-artifact experiments/artifacts/20260702_oof_xlmr_base_len192_ep5_replay_last1_cap10000_oof_metrics.json --rule-boosts-path experiments/artifacts/20260702_oof_rule_boosts_xlmr_base_len192_ep5_replay_last1_cap10000_rule_boosts.json --tokenize-batch-size 1024 --experiment-suffix final_xlmr_len192_ep5_replay_last1_oofbias_rules --notes 'Final refit selected XLM-R replay transformer: all train rows + replay_last1 cap10000, OOF transformer class bias, OOF rule boosts; pair with final sparse SVC artifact before submission'","Final refit selected XLM-R replay transformer: all train rows + replay_last1 cap10000, OOF transformer class bias, OOF rule boosts; pair with final sparse SVC artifact before submission; fp16 converted after training for package size",final transformer refit complete; requires sparse artifact and package smoke test
20260702_final_package_xlmr_replay_rules_sparse_w4,submission_package,xlm-roberta-base,final XLM-R replay transformer + OOF rule boosts + final sparse SVC ensemble,current_v1,final_refit_package,42,,192,5,2e-05,16,0.5,0.02,last1,10000,0.739852,0.741570,0.741881,0.741881,list_directory:0.4824;read_file:0.5682;grep_search:0.6035;lint_or_typecheck:0.6298;ask_user:0.6349,,,submit.zip,experiments/logits/20260702_oof_sparse_svc_plus_rules_xlmr_base_len192_ep5_replay_last1_cap10000_sparse_oof_logits.pt,,,,529 zip / 611 model dir,,"Final refit/package built from best OOF stack; fp16 HF weights, 12 OOF rules, sparse SVC weight=4.0; zip-extracted offline smoke passed on sample test data; requirements pinned to scikit-learn==1.8.0/joblib==1.5.3; submitted Public Macro-F1=0.743 reported 2026-07-02 KST",submitted; Public Macro-F1 0.743 meets the 0.74 target; keep as achieved submission unless private/public calibration later changes priority
20260701_221707_gpu_transformer_session_current_v1_len192_qv600_stage1_xlm_align_base_len192_ep1_qv600,torch_gpu_transformer,microsoft/xlm-align-base,serialized prompt/action/workspace text,current_v1,session_quick600,42,,192,1,2e-05,16,0.5,0.02,none,0,0.133759,,,0.133759,write_file:0.0000;ask_user:0.0000;grep_search:0.0299;glob_pattern:0.0426;lint_or_typecheck:0.0426,"[[32, ""lint_or_typecheck"", ""run_tests""], [26, ""respond_only"", ""run_tests""], [26, ""write_file"", ""list_directory""], [19, ""plan_task"", ""list_directory""], [15, ""apply_patch"", ""run_tests""], [13, ""run_bash"", ""run_tests""], [11, ""grep_search"", ""apply_patch""], [11, ""web_search"", ""grep_search""]]","{""apply_patch"": 88, ""edit_file"": 63, ""glob_pattern"": 4, ""grep_search"": 24, ""lint_or_typecheck"": 4, ""list_directory"": 124, ""plan_task"": 3, ""read_file"": 39, ""respond_only"": 46, ""run_bash"": 39, ""run_tests"": 140, ""web_search"": 22, ""write_file"": 4}",,experiments/logits/20260701_221707_gpu_transformer_session_current_v1_len192_qv600_stage1_xlm_align_base_len192_ep1_qv600_val_logits.pt,,,443.428,610.333,train_transformer.py --device cuda --base-model microsoft/xlm-align-base --serializer current_v1 --max-length 192 --epochs 1 --batch-size 16 --eval-batch-size 64 --lr 2e-5 --class-weight-power 0.5 --label-smoothing 0.02 --quick-val-size 600 --keep-threshold 0.0 --tokenize-batch-size 1024 --experiment-suffix stage1_xlm_align_base_len192_ep1_qv600 --notes 'Stage1 quick screen microsoft/xlm-align-base current_v1 len192 epoch1 quick_val600 no replay; compare against XLM-R-family screens before any full fixed-session promotion',Stage1 quick screen microsoft/xlm-align-base current_v1 len192 epoch1 quick_val600 no replay; compare against XLM-R-family screens before any full fixed-session promotion,discard; quick_val Macro-F1 0.133759 is far below XLM-R/DistilBERT screens and misses multiple classes; do not promote to full fixed-session or replay
20260701_222632_gpu_transformer_session_current_v1_len192_qv600_stage1_infoxlm_base_len192_ep1_qv600,torch_gpu_transformer,microsoft/infoxlm-base,serialized prompt/action/workspace text,current_v1,session_quick600,42,,192,1,2e-05,16,0.5,0.02,none,0,0.009553,,,0.009553,grep_search:0.0000;list_directory:0.0000;glob_pattern:0.0000;edit_file:0.0000;write_file:0.0000,"[[43, ""apply_patch"", ""read_file""], [43, ""run_tests"", ""read_file""], [43, ""glob_pattern"", ""read_file""], [43, ""respond_only"", ""read_file""], [43, ""grep_search"", ""read_file""], [43, ""ask_user"", ""read_file""], [43, ""run_bash"", ""read_file""], [43, ""plan_task"", ""read_file""]]","{""read_file"": 600}",,experiments/logits/20260701_222632_gpu_transformer_session_current_v1_len192_qv600_stage1_infoxlm_base_len192_ep1_qv600_val_logits.pt,,,441.884,610.333,train_transformer.py --device cuda --base-model microsoft/infoxlm-base --serializer current_v1 --max-length 192 --epochs 1 --batch-size 16 --eval-batch-size 64 --lr 2e-5 --class-weight-power 0.5 --label-smoothing 0.02 --quick-val-size 600 --keep-threshold 0.0 --tokenize-batch-size 1024 --experiment-suffix stage1_infoxlm_base_len192_ep1_qv600 --notes 'Stage1 quick screen microsoft/infoxlm-base current_v1 len192 epoch1 quick_val600 no replay; compare against XLM-R-family screens before any full fixed-session promotion',Stage1 quick screen microsoft/infoxlm-base current_v1 len192 epoch1 quick_val600 no replay; compare against XLM-R-family screens before any full fixed-session promotion,discard; quick_val Macro-F1 0.009553 collapsed to read_file for all 600 validation rows; do not promote to full fixed-session or replay
20260701_224444_gpu_transformer_session_current_v1_len192_qv600_stage1_mdeberta_v3_base_len192_ep1_qv600,torch_gpu_transformer,microsoft/mdeberta-v3-base,serialized prompt/action/workspace text,current_v1,session_quick600,42,,192,1,2e-05,8,0.5,0.02,none,0,0.664922,,,0.664922,read_file:0.3784;ask_user:0.4524;web_search:0.4932;grep_search:0.5357;plan_task:0.5833,"[[19, ""read_file"", ""grep_search""], [17, ""ask_user"", ""plan_task""], [14, ""web_search"", ""ask_user""], [12, ""run_bash"", ""run_tests""], [12, ""glob_pattern"", ""grep_search""], [11, ""run_tests"", ""lint_or_typecheck""], [8, ""plan_task"", ""ask_user""], [7, ""web_search"", ""plan_task""]]","{""apply_patch"": 41, ""ask_user"": 41, ""edit_file"": 47, ""glob_pattern"": 22, ""grep_search"": 69, ""lint_or_typecheck"": 41, ""list_directory"": 51, ""plan_task"": 53, ""read_file"": 31, ""respond_only"": 43, ""run_bash"": 43, ""run_tests"": 46, ""web_search"": 31, ""write_file"": 41}",,experiments/logits/20260701_224444_gpu_transformer_session_current_v1_len192_qv600_stage1_mdeberta_v3_base_len192_ep1_qv600_val_logits.pt,,,965.470,610.333,train_transformer.py --device cuda --base-model microsoft/mdeberta-v3-base --serializer current_v1 --max-length 192 --epochs 1 --batch-size 8 --eval-batch-size 32 --lr 2e-5 --class-weight-power 0.5 --label-smoothing 0.02 --quick-val-size 600 --keep-threshold 0.0 --tokenize-batch-size 1024 --experiment-suffix stage1_mdeberta_v3_base_len192_ep1_qv600 --notes 'Stage1 quick screen microsoft/mdeberta-v3-base current_v1 len192 epoch1 quick_val600 no replay batch8; compare against XLM-R-family screens before any full fixed-session promotion',Stage1 quick screen microsoft/mdeberta-v3-base current_v1 len192 epoch1 quick_val600 no replay batch8; compare against XLM-R-family screens before any full fixed-session promotion,"do not promote; quick_val Macro-F1 0.664922 only matches older DistilBERT no-replay screen, trails active quick baselines, and is slower with slow-tokenizer fallback"
20260701_225233_gpu_transformer_session_current_v1_len192_qv600_stage1_mbert_base_len192_ep1_qv600,torch_gpu_transformer,bert-base-multilingual-cased,serialized prompt/action/workspace text,current_v1,session_quick600,42,,192,1,2e-05,16,0.5,0.02,none,0,0.697580,,,0.697580,read_file:0.4545;ask_user:0.5000;run_tests:0.5909;grep_search:0.6087;lint_or_typecheck:0.6190,"[[13, ""ask_user"", ""plan_task""], [11, ""run_tests"", ""lint_or_typecheck""], [11, ""ask_user"", ""web_search""], [11, ""run_bash"", ""run_tests""], [10, ""glob_pattern"", ""read_file""], [10, ""read_file"", ""grep_search""], [9, ""plan_task"", ""web_search""], [9, ""grep_search"", ""read_file""]]","{""apply_patch"": 47, ""ask_user"": 29, ""edit_file"": 44, ""glob_pattern"": 28, ""grep_search"": 49, ""lint_or_typecheck"": 41, ""list_directory"": 50, ""plan_task"": 47, ""read_file"": 45, ""respond_only"": 44, ""run_bash"": 39, ""run_tests"": 45, ""web_search"": 50, ""write_file"": 42}",,experiments/logits/20260701_225233_gpu_transformer_session_current_v1_len192_qv600_stage1_mbert_base_len192_ep1_qv600_val_logits.pt,,,369.994,610.333,train_transformer.py --device cuda --base-model bert-base-multilingual-cased --serializer current_v1 --max-length 192 --epochs 1 --batch-size 16 --eval-batch-size 64 --lr 2e-5 --class-weight-power 0.5 --label-smoothing 0.02 --quick-val-size 600 --keep-threshold 0.0 --tokenize-batch-size 1024 --experiment-suffix stage1_mbert_base_len192_ep1_qv600 --notes 'Stage1 quick screen bert-base-multilingual-cased current_v1 len192 epoch1 quick_val600 no replay; evaluate only as possible ensemble-diversity candidate',Stage1 quick screen bert-base-multilingual-cased current_v1 len192 epoch1 quick_val600 no replay; evaluate only as possible ensemble-diversity candidate,"keep only as possible ensemble-diversity candidate; quick_val 0.697580 beats DistilBERT replay quick screen slightly but is far below XLM-R finalist path, so do not full-validate before Dacon submission result"
20260702_060303_gpu_transformer_session_current_v1_len192_qv600_replay-last1_local_state_v2_screen_current_v1_len192_qv600,torch_gpu_transformer,xlm-roberta-base,serialized prompt/action/workspace text,current_v1,session_quick600,42,,192,1,2e-05,16,0.5,0.02,last1,10000,0.688651,,,0.688651,ask_user:0.4737;read_file:0.4752;plan_task:0.5476;grep_search:0.5854;web_search:0.5934,"[[13, ""grep_search"", ""read_file""], [12, ""glob_pattern"", ""read_file""], [12, ""ask_user"", ""web_search""], [12, ""ask_user"", ""plan_task""], [11, ""run_tests"", ""lint_or_typecheck""], [11, ""run_bash"", ""run_tests""], [10, ""plan_task"", ""web_search""], [9, ""plan_task"", ""ask_user""]]","{""apply_patch"": 47, ""ask_user"": 33, ""edit_file"": 46, ""glob_pattern"": 25, ""grep_search"": 39, ""lint_or_typecheck"": 41, ""list_directory"": 53, ""plan_task"": 41, ""read_file"": 58, ""respond_only"": 41, ""run_bash"": 39, ""run_tests"": 47, ""web_search"": 49, ""write_file"": 41}",,experiments/logits/20260702_060303_gpu_transformer_session_current_v1_len192_qv600_replay-last1_local_state_v2_screen_current_v1_len192_qv600_val_logits.pt,,,466.199,610.333,train_transformer.py --device cuda --base-model xlm-roberta-base --serializer current_v1 --max-length 192 --epochs 1 --batch-size 16 --eval-batch-size 64 --lr 2e-5 --class-weight-power 0.5 --label-smoothing 0.02 --quick-val-size 600 --replay-mode last1 --max-replay-samples 10000 --replay-sample-weight 0.5 --keep-threshold 0.0 --tokenize-batch-size 1024 --experiment-suffix local_state_v2_screen_current_v1_len192_qv600 --notes 'Local serializer screen baseline: XLM-R current_v1 len192 epoch1 quick_val600 replay_last1 cap10000' --no-research-log,Local serializer screen baseline: XLM-R current_v1 len192 epoch1 quick_val600 replay_last1 cap10000,screening only; require full fixed-session validation
20260702_061115_gpu_transformer_session_state_v2_len192_qv600_replay-last1_local_state_v2_screen_state_v2_len192_qv600,torch_gpu_transformer,xlm-roberta-base,serialized prompt/action/workspace text,state_v2,session_quick600,42,,192,1,2e-05,16,0.5,0.02,last1,10000,0.667450,,,0.667450,ask_user:0.4494;lint_or_typecheck:0.4638;read_file:0.5051;web_search:0.5128;plan_task:0.5647,"[[20, ""lint_or_typecheck"", ""run_tests""], [15, ""web_search"", ""ask_user""], [14, ""ask_user"", ""plan_task""], [12, ""glob_pattern"", ""read_file""], [11, ""plan_task"", ""ask_user""], [10, ""run_bash"", ""run_tests""], [9, ""ask_user"", ""web_search""], [9, ""list_directory"", ""read_file""]]","{""apply_patch"": 40, ""ask_user"": 46, ""edit_file"": 48, ""glob_pattern"": 31, ""grep_search"": 38, ""lint_or_typecheck"": 26, ""list_directory"": 49, ""plan_task"": 42, ""read_file"": 56, ""respond_only"": 43, ""run_bash"": 39, ""run_tests"": 64, ""web_search"": 36, ""write_file"": 42}",,experiments/logits/20260702_061115_gpu_transformer_session_state_v2_len192_qv600_replay-last1_local_state_v2_screen_state_v2_len192_qv600_val_logits.pt,,,470.412,610.333,train_transformer.py --device cuda --base-model xlm-roberta-base --serializer state_v2 --max-length 192 --epochs 1 --batch-size 16 --eval-batch-size 64 --lr 2e-5 --class-weight-power 0.5 --label-smoothing 0.02 --quick-val-size 600 --replay-mode last1 --max-replay-samples 10000 --replay-sample-weight 0.5 --keep-threshold 0.0 --tokenize-batch-size 1024 --experiment-suffix local_state_v2_screen_state_v2_len192_qv600 --notes 'Local serializer screen: XLM-R state_v2 len192 epoch1 quick_val600 replay_last1 cap10000' --no-research-log,Local serializer screen: XLM-R state_v2 len192 epoch1 quick_val600 replay_last1 cap10000,screening only; require full fixed-session validation
20260702_062046_gpu_transformer_session_state_v2_len256_qv600_replay-last1_local_state_v2_screen_state_v2_len256_qv600,torch_gpu_transformer,xlm-roberta-base,serialized prompt/action/workspace text,state_v2,session_quick600,42,,256,1,2e-05,16,0.5,0.02,last1,10000,0.692120,,,0.692120,read_file:0.5227;ask_user:0.5366;plan_task:0.5783;grep_search:0.5806;run_tests:0.6136,"[[12, ""ask_user"", ""plan_task""], [10, ""plan_task"", ""ask_user""], [10, ""run_tests"", ""lint_or_typecheck""], [10, ""run_bash"", ""run_tests""], [9, ""read_file"", ""grep_search""], [9, ""ask_user"", ""web_search""], [9, ""grep_search"", ""read_file""], [8, ""lint_or_typecheck"", ""run_tests""]]","{""apply_patch"": 41, ""ask_user"": 39, ""edit_file"": 48, ""glob_pattern"": 27, ""grep_search"": 50, ""lint_or_typecheck"": 43, ""list_directory"": 54, ""plan_task"": 40, ""read_file"": 45, ""respond_only"": 43, ""run_bash"": 37, ""run_tests"": 45, ""web_search"": 46, ""write_file"": 42}",,experiments/logits/20260702_062046_gpu_transformer_session_state_v2_len256_qv600_replay-last1_local_state_v2_screen_state_v2_len256_qv600_val_logits.pt,,,544.216,610.333,train_transformer.py --device cuda --base-model xlm-roberta-base --serializer state_v2 --max-length 256 --epochs 1 --batch-size 16 --eval-batch-size 64 --lr 2e-5 --class-weight-power 0.5 --label-smoothing 0.02 --quick-val-size 600 --replay-mode last1 --max-replay-samples 10000 --replay-sample-weight 0.5 --keep-threshold 0.0 --tokenize-batch-size 1024 --experiment-suffix local_state_v2_screen_state_v2_len256_qv600 --notes 'Local serializer screen: XLM-R state_v2 len256 epoch1 quick_val600 replay_last1 cap10000' --no-research-log,Local serializer screen: XLM-R state_v2 len256 epoch1 quick_val600 replay_last1 cap10000,screening only; require full fixed-session validation
20260702_oof_sparse_svc_state_v2_text_xlmr_base_len192_ep5_replay_last1_cap10000,tfidf_linearsvc_oof_ensemble,,OOF transformer logits + fold-aware TF-IDF LinearSVC scores,state_v2,session_oof,,oof,,,,,,,,,0.735673,0.737588,0.738086,0.738086,list_directory:0.4738;read_file:0.5594;grep_search:0.5976;lint_or_typecheck:0.6205;ask_user:0.6281,"[[2833, ""grep_search"", ""read_file""], [1925, ""read_file"", ""list_directory""], [1446, ""grep_search"", ""list_directory""], [1275, ""read_file"", ""grep_search""], [1100, ""list_directory"", ""read_file""], [1015, ""glob_pattern"", ""read_file""], [763, ""glob_pattern"", ""list_directory""], [763, ""ask_user"", ""plan_task""]]","{""apply_patch"": 4850, ""ask_user"": 2295, ""edit_file"": 11184, ""glob_pattern"": 4178, ""grep_search"": 7216, ""lint_or_typecheck"": 2194, ""list_directory"": 6814, ""plan_task"": 2868, ""read_file"": 10538, ""respond_only"": 5181, ""run_bash"": 4905, ""run_tests"": 4806, ""web_search"": 1489, ""write_file"": 1482}",experiments/artifacts/20260702_oof_sparse_svc_state_v2_text_xlmr_base_len192_ep5_replay_last1_cap10000_sparse_svc.json,experiments/logits/20260702_oof_sparse_svc_state_v2_text_xlmr_base_len192_ep5_replay_last1_cap10000_sparse_oof_logits.pt,,,,,,Local sparse diversity check: state_v2 text against saved XLM-R replay+rules OOF logits,sparse svc oof ensemble diagnostic complete
20260702_oof_sparse_svc_compact_events_text_xlmr_base_len192_ep5_replay_last1_cap10000,tfidf_linearsvc_oof_ensemble,,OOF transformer logits + fold-aware TF-IDF LinearSVC scores,compact_events_v1,session_oof,,oof,,,,,,,,,0.735673,0.740771,0.741169,0.741169,list_directory:0.4722;read_file:0.5624;grep_search:0.5965;ask_user:0.6190;lint_or_typecheck:0.6361,"[[2828, ""grep_search"", ""read_file""], [1905, ""read_file"", ""list_directory""], [1461, ""grep_search"", ""list_directory""], [1284, ""read_file"", ""grep_search""], [1105, ""list_directory"", ""read_file""], [1013, ""glob_pattern"", ""read_file""], [849, ""ask_user"", ""plan_task""], [774, ""glob_pattern"", ""list_directory""]]","{""apply_patch"": 4843, ""ask_user"": 2217, ""edit_file"": 11199, ""glob_pattern"": 4065, ""grep_search"": 7268, ""lint_or_typecheck"": 2339, ""list_directory"": 6807, ""plan_task"": 3036, ""read_file"": 10575, ""respond_only"": 5179, ""run_bash"": 4828, ""run_tests"": 4750, ""web_search"": 1412, ""write_file"": 1482}",experiments/artifacts/20260702_oof_sparse_svc_compact_events_text_xlmr_base_len192_ep5_replay_last1_cap10000_sparse_svc.json,experiments/logits/20260702_oof_sparse_svc_compact_events_text_xlmr_base_len192_ep5_replay_last1_cap10000_sparse_oof_logits.pt,,,,,,Local sparse diversity check: compact_events_v1 text against saved XLM-R replay+rules OOF logits,sparse svc oof ensemble diagnostic complete
20260702_112826_gpu_transformer_session_current_v1_len256_qv600_replay-last1_local_state_v2_control_current_v1_len256_qv600,torch_gpu_transformer,xlm-roberta-base,serialized prompt/action/workspace text,current_v1,session_quick600,42,,256,1,2e-05,16,0.5,0.02,last1,10000,0.673048,,,0.673048,read_file:0.4000;ask_user:0.4359;plan_task:0.5714;run_tests:0.5747;grep_search:0.5895,"[[16, ""ask_user"", ""plan_task""], [12, ""read_file"", ""grep_search""], [10, ""ask_user"", ""web_search""], [10, ""run_tests"", ""lint_or_typecheck""], [10, ""run_bash"", ""run_tests""], [9, ""plan_task"", ""ask_user""], [9, ""read_file"", ""list_directory""], [8, ""lint_or_typecheck"", ""run_tests""]]","{""apply_patch"": 43, ""ask_user"": 35, ""edit_file"": 46, ""glob_pattern"": 34, ""grep_search"": 52, ""lint_or_typecheck"": 41, ""list_directory"": 54, ""plan_task"": 48, ""read_file"": 37, ""respond_only"": 44, ""run_bash"": 38, ""run_tests"": 44, ""web_search"": 42, ""write_file"": 42}",,experiments/logits/20260702_112826_gpu_transformer_session_current_v1_len256_qv600_replay-last1_local_state_v2_control_current_v1_len256_qv600_val_logits.pt,,,538.218,610.333,train_transformer.py --device cuda --base-model xlm-roberta-base --serializer current_v1 --max-length 256 --epochs 1 --batch-size 16 --eval-batch-size 64 --lr 2e-5 --class-weight-power 0.5 --label-smoothing 0.02 --quick-val-size 600 --replay-mode last1 --max-replay-samples 10000 --replay-sample-weight 0.5 --keep-threshold 0.0 --tokenize-batch-size 1024 --experiment-suffix local_state_v2_control_current_v1_len256_qv600 --notes 'Local serializer control: XLM-R current_v1 len256 epoch1 quick_val600 replay_last1 cap10000' --no-research-log,Local serializer control: XLM-R current_v1 len256 epoch1 quick_val600 replay_last1 cap10000,screening only; require full fixed-session validation
20260702_113914_gpu_transformer_session_state_v2_len320_qv600_replay-last1_local_state_v2_probe_state_v2_len320_qv600,torch_gpu_transformer,xlm-roberta-base,serialized prompt/action/workspace text,state_v2,session_quick600,42,,320,1,2e-05,16,0.5,0.02,last1,10000,0.679193,,,0.679193,ask_user:0.4789;read_file:0.5161;plan_task:0.5747;run_tests:0.5750;grep_search:0.6087,"[[15, ""run_tests"", ""lint_or_typecheck""], [13, ""ask_user"", ""web_search""], [13, ""ask_user"", ""plan_task""], [10, ""plan_task"", ""web_search""], [9, ""run_bash"", ""run_tests""], [9, ""grep_search"", ""read_file""], [8, ""read_file"", ""grep_search""], [8, ""list_directory"", ""read_file""]]","{""apply_patch"": 48, ""ask_user"": 28, ""edit_file"": 42, ""glob_pattern"": 25, ""grep_search"": 49, ""lint_or_typecheck"": 52, ""list_directory"": 51, ""plan_task"": 44, ""read_file"": 50, ""respond_only"": 41, ""run_bash"": 37, ""run_tests"": 37, ""web_search"": 55, ""write_file"": 41}",,experiments/logits/20260702_113914_gpu_transformer_session_state_v2_len320_qv600_replay-last1_local_state_v2_probe_state_v2_len320_qv600_val_logits.pt,,,604.373,610.333,train_transformer.py --device cuda --base-model xlm-roberta-base --serializer state_v2 --max-length 320 --epochs 1 --batch-size 16 --eval-batch-size 64 --lr 2e-5 --class-weight-power 0.5 --label-smoothing 0.02 --quick-val-size 600 --replay-mode last1 --max-replay-samples 10000 --replay-sample-weight 0.5 --keep-threshold 0.0 --tokenize-batch-size 1024 --experiment-suffix local_state_v2_probe_state_v2_len320_qv600 --notes 'Local serializer probe: XLM-R state_v2 len320 epoch1 quick_val600 replay_last1 cap10000' --no-research-log,Local serializer probe: XLM-R state_v2 len320 epoch1 quick_val600 replay_last1 cap10000,screening only; require full fixed-session validation
20260702_140543_gpu_transformer_session_state_v2_len256_qv600_replay-last1_cloud_smoke_state_v2_len256_qv600,torch_gpu_transformer,xlm-roberta-base,serialized prompt/action/workspace text,state_v2,session_quick600,42,,256,1,2e-05,16,0.5,0.02,last1,10000,0.686371,,,0.686371,ask_user:0.5250;read_file:0.5361;plan_task:0.5476;grep_search:0.6000;glob_pattern:0.6087,"[[12, ""ask_user"", ""plan_task""], [11, ""plan_task"", ""ask_user""], [11, ""run_tests"", ""lint_or_typecheck""], [10, ""run_bash"", ""run_tests""], [10, ""grep_search"", ""read_file""], [9, ""apply_patch"", ""edit_file""], [9, ""ask_user"", ""web_search""], [9, ""plan_task"", ""web_search""]]","{""apply_patch"": 41, ""ask_user"": 37, ""edit_file"": 49, ""glob_pattern"": 26, ""grep_search"": 47, ""lint_or_typecheck"": 43, ""list_directory"": 49, ""plan_task"": 41, ""read_file"": 54, ""respond_only"": 43, ""run_bash"": 38, ""run_tests"": 44, ""web_search"": 46, ""write_file"": 42}",,experiments/logits/20260702_140543_gpu_transformer_session_state_v2_len256_qv600_replay-last1_cloud_smoke_state_v2_len256_qv600_val_logits.pt,,,1175.639,0.000,train_transformer.py --device cuda --base-model xlm-roberta-base --serializer state_v2 --max-length 256 --epochs 1 --batch-size 16 --eval-batch-size 64 --lr 2e-5 --class-weight-power 0.5 --label-smoothing 0.02 --quick-val-size 600 --replay-mode last1 --max-replay-samples 10000 --replay-sample-weight 0.5 --keep-threshold 0.0 --tokenize-batch-size 1024 --experiment-suffix cloud_smoke_state_v2_len256_qv600 --notes 'Cloud lane smoke: replicate local state_v2 len256 qv600 screen (local 0.692120)' --no-research-log,Cloud lane smoke: replicate local state_v2 len256 qv600 screen (local 0.692120),screening only; require full fixed-session validation
20260702_155500_gpu_transformer_session_state_v2_len384_replay-last1_cloud_state_v2_len384_5ep_fixed,torch_gpu_transformer,xlm-roberta-base,serialized prompt/action/workspace text,state_v2,session,42,,384,5,2e-05,16,0.5,0.02,last1,10000,0.727378,,,0.727378,list_directory:0.4673;web_search:0.5175;read_file:0.5582;grep_search:0.6058;lint_or_typecheck:0.6239,"[[488, ""grep_search"", ""read_file""], [342, ""read_file"", ""grep_search""], [307, ""read_file"", ""list_directory""], [257, ""grep_search"", ""list_directory""], [250, ""list_directory"", ""read_file""], [195, ""glob_pattern"", ""read_file""], [134, ""glob_pattern"", ""list_directory""], [120, ""ask_user"", ""plan_task""]]","{""apply_patch"": 965, ""ask_user"": 500, ""edit_file"": 2218, ""glob_pattern"": 837, ""grep_search"": 1681, ""lint_or_typecheck"": 501, ""list_directory"": 1185, ""plan_task"": 516, ""read_file"": 2035, ""respond_only"": 1053, ""run_bash"": 962, ""run_tests"": 902, ""web_search"": 340, ""write_file"": 306}",,experiments/logits/20260702_155500_gpu_transformer_session_state_v2_len384_replay-last1_cloud_state_v2_len384_5ep_fixed_val_logits.pt,,,5882.354,0.000,train_transformer.py --device cuda --base-model xlm-roberta-base --serializer state_v2 --max-length 384 --epochs 5 --batch-size 16 --eval-batch-size 64 --lr 2e-5 --class-weight-power 0.5 --label-smoothing 0.02 --replay-mode last1 --max-replay-samples 10000 --replay-sample-weight 0.5 --keep-threshold 0.0 --tokenize-batch-size 1024 --experiment-suffix cloud_state_v2_len384_5ep_fixed --notes 'G1 judgment run: state_v2 len384 5ep replay_last1 fixed-session; compare raw vs current_v1 len192 5ep fixed raw 0.739664 (+0.006 gate)' --no-research-log,G1 judgment run: state_v2 len384 5ep replay_last1 fixed-session; compare raw vs current_v1 len192 5ep fixed raw 0.739664 (+0.006 gate),keep as GPU candidate
20260702_174103_gpu_transformer_session_state_v2_len256_replay-last1_cloud_state_v2_len256_5ep_fixed_after_g1_fail,torch_gpu_transformer,xlm-roberta-base,serialized prompt/action/workspace text,state_v2,session,42,,256,5,2e-05,16,0.5,0.02,last1,10000,0.712615,,,0.712615,list_directory:0.4637;web_search:0.5025;read_file:0.5654;lint_or_typecheck:0.5923;grep_search:0.6048,"[[531, ""grep_search"", ""read_file""], [308, ""read_file"", ""list_directory""], [292, ""read_file"", ""grep_search""], [248, ""list_directory"", ""read_file""], [240, ""grep_search"", ""list_directory""], [208, ""glob_pattern"", ""read_file""], [151, ""run_bash"", ""run_tests""], [127, ""glob_pattern"", ""list_directory""]]","{""apply_patch"": 911, ""ask_user"": 488, ""edit_file"": 2267, ""glob_pattern"": 850, ""grep_search"": 1608, ""lint_or_typecheck"": 470, ""list_directory"": 1154, ""plan_task"": 508, ""read_file"": 2134, ""respond_only"": 1051, ""run_bash"": 975, ""run_tests"": 926, ""web_search"": 350, ""write_file"": 309}",,experiments/logits/20260702_174103_gpu_transformer_session_state_v2_len256_replay-last1_cloud_state_v2_len256_5ep_fixed_after_g1_fail_val_logits.pt,,,3960.062,0.000,train_transformer.py --device cuda --split session --base-model xlm-roberta-base --serializer state_v2 --max-length 256 --epochs 5 --batch-size 16 --eval-batch-size 64 --lr 2e-5 --class-weight-power 0.5 --label-smoothing 0.02 --replay-mode last1 --max-replay-samples 10000 --replay-sample-weight 0.5 --keep-threshold 0.0 --tokenize-batch-size 1024 --experiment-suffix cloud_state_v2_len256_5ep_fixed_after_g1_fail --notes G1_fallback_state_v2_len256_5ep_after_len384_raw_0.727378_missed_gate_0.7457_compare_current_v1_len192_raw_0.739664 --no-research-log,G1_fallback_state_v2_len256_5ep_after_len384_raw_0.727378_missed_gate_0.7457_compare_current_v1_len192_raw_0.739664,keep as GPU candidate
20260703_sparse_weight_wide_regrid,tfidf_linearsvc_oof_ensemble,,OOF transformer logits + fold-aware TF-IDF LinearSVC scores,current_v1,session_oof,,oof,,,,,,,,,0.735673,0.741433,0.741892,0.741892,list_directory:0.4830;read_file:0.5657;grep_search:0.6051;lint_or_typecheck:0.6312;ask_user:0.6334,"[[2665, ""grep_search"", ""read_file""], [1702, ""read_file"", ""list_directory""], [1526, ""read_file"", ""grep_search""], [1370, ""grep_search"", ""list_directory""], [1056, ""list_directory"", ""read_file""], [1009, ""glob_pattern"", ""read_file""], [775, ""ask_user"", ""plan_task""], [728, ""glob_pattern"", ""list_directory""]]","{""apply_patch"": 4910, ""ask_user"": 2427, ""edit_file"": 11145, ""glob_pattern"": 4037, ""grep_search"": 7930, ""lint_or_typecheck"": 2204, ""list_directory"": 6434, ""plan_task"": 2884, ""read_file"": 10318, ""respond_only"": 5179, ""run_bash"": 4916, ""run_tests"": 4798, ""web_search"": 1339, ""write_file"": 1479}",experiments/artifacts/20260703_sparse_weight_wide_regrid_sparse_svc.json,experiments/logits/20260703_sparse_weight_wide_regrid_sparse_oof_logits.pt,,,,,,Phase0_sparse_SVC_weight_regrid_against_len192_replay_rules,sparse svc oof ensemble diagnostic complete
20260703_rule_boosts_wide_regrid_max20,torch_gpu_transformer_oof_rule_boost,,OOF logits + deterministic sample/logit rule boosts,,session_oof,,oof,,,,,,,,,0.728569,0.740149,,0.740149,list_directory:0.4716;read_file:0.5683;grep_search:0.5893;lint_or_typecheck:0.6159;ask_user:0.6344,"[[3176, ""grep_search"", ""read_file""], [1873, ""read_file"", ""list_directory""], [1410, ""grep_search"", ""list_directory""], [1219, ""list_directory"", ""read_file""], [1131, ""glob_pattern"", ""read_file""], [995, ""read_file"", ""grep_search""], [783, ""ask_user"", ""plan_task""], [738, ""glob_pattern"", ""list_directory""]]","{""apply_patch"": 4898, ""ask_user"": 2340, ""edit_file"": 11148, ""glob_pattern"": 4069, ""grep_search"": 6538, ""lint_or_typecheck"": 2036, ""list_directory"": 6647, ""plan_task"": 2956, ""read_file"": 11475, ""respond_only"": 5186, ""run_bash"": 4981, ""run_tests"": 4874, ""web_search"": 1368, ""write_file"": 1484}",experiments/artifacts/20260703_rule_boosts_wide_regrid_max20_rule_boosts.json,experiments/logits/20260701_190742_gpu_transformer_session_oof_current_v1_len192_fold0-of3_replay-last1_oof_xlmr_len192_ep5_replay_last1_cap10000_fold0_val_logits.pt;experiments/logits/20260701_194151_gpu_transformer_session_oof_current_v1_len192_fold1-of3_replay-last1_oof_xlmr_len192_ep5_replay_last1_cap10000_fold1_val_logits.pt;experiments/logits/20260701_201604_gpu_transformer_session_oof_current_v1_len192_fold2-of3_replay-last1_oof_xlmr_len192_ep5_replay_last1_cap10000_fold2_val_logits.pt,,,,,,Phase0_rule_boosts_wide_regrid_max20,rule boost diagnostic complete
20260703_034744_gpu_transformer_session_current_v1_len256_replay-last1_m1_trackA_len256_ep5_replay_last1_fixed,torch_gpu_transformer,xlm-roberta-base,serialized prompt/action/workspace text,current_v1,session,42,,256,5,2e-05,16,0.5,0.02,last1,10000,0.728402,0.733487,0.733746,0.733746,list_directory:0.4715;web_search:0.5448;read_file:0.5581;grep_search:0.6028;glob_pattern:0.6263,"[[541, ""grep_search"", ""read_file""], [351, ""read_file"", ""list_directory""], [285, ""read_file"", ""grep_search""], [267, ""grep_search"", ""list_directory""], [248, ""list_directory"", ""read_file""], [208, ""glob_pattern"", ""read_file""], [156, ""ask_user"", ""plan_task""], [155, ""glob_pattern"", ""list_directory""]]","{""apply_patch"": 946, ""ask_user"": 441, ""edit_file"": 2238, ""glob_pattern"": 785, ""grep_search"": 1527, ""lint_or_typecheck"": 453, ""list_directory"": 1290, ""plan_task"": 608, ""read_file"": 2125, ""respond_only"": 1053, ""run_bash"": 1036, ""run_tests"": 879, ""web_search"": 310, ""write_file"": 310}",,experiments/logits/20260703_034744_gpu_transformer_session_current_v1_len256_replay-last1_m1_trackA_len256_ep5_replay_last1_fixed_val_logits.pt,,,3102.740,610.333,train_transformer.py --device cuda --base-model xlm-roberta-base --serializer current_v1 --max-length 256 --epochs 5 --batch-size 16 --eval-batch-size 64 --lr 2e-5 --class-weight-power 0.5 --label-smoothing 0.02 --replay-mode last1 --max-replay-samples 10000 --replay-sample-weight 0.5 --tune-bias --keep-threshold 0.0 --tokenize-batch-size 1024 --experiment-suffix m1_trackA_len256_ep5_replay_last1_fixed --notes M1_TrackA_len256_current_v1_length_ablation_fixed_raw_gate_0.739664 --no-research-log,M1_TrackA_len256_current_v1_length_ablation_fixed_raw_gate_0.739664,keep as GPU candidate
20260703_035947_gpu_transformer_session_current_v1_len320_replay-last1_m1_trackA_len320_ep5_replay_last1_fixed,torch_gpu_transformer,xlm-roberta-base,serialized prompt/action/workspace text,current_v1,session,42,,320,5,2e-05,16,0.5,0.02,last1,10000,0.735856,0.739841,0.740102,0.740102,list_directory:0.4579;read_file:0.5748;web_search:0.5918;grep_search:0.6005;glob_pattern:0.6319,"[[591, ""grep_search"", ""read_file""], [330, ""read_file"", ""list_directory""], [288, ""list_directory"", ""read_file""], [263, ""grep_search"", ""list_directory""], [225, ""glob_pattern"", ""read_file""], [215, ""read_file"", ""grep_search""], [146, ""glob_pattern"", ""list_directory""], [136, ""plan_task"", ""ask_user""]]","{""apply_patch"": 959, ""ask_user"": 552, ""edit_file"": 2227, ""glob_pattern"": 813, ""grep_search"": 1377, ""lint_or_typecheck"": 449, ""list_directory"": 1232, ""plan_task"": 499, ""read_file"": 2322, ""respond_only"": 1051, ""run_bash"": 930, ""run_tests"": 980, ""web_search"": 302, ""write_file"": 308}",,experiments/logits/20260703_035947_gpu_transformer_session_current_v1_len320_replay-last1_m1_trackA_len320_ep5_replay_last1_fixed_val_logits.pt,,,4302.442,0.000,train_transformer.py --device cuda --base-model xlm-roberta-base --serializer current_v1 --max-length 320 --epochs 5 --batch-size 16 --eval-batch-size 64 --lr 2e-5 --class-weight-power 0.5 --label-smoothing 0.02 --replay-mode last1 --max-replay-samples 10000 --replay-sample-weight 0.5 --tune-bias --keep-threshold 0.0 --tokenize-batch-size 1024 --experiment-suffix m1_trackA_len320_ep5_replay_last1_fixed --notes M1_TrackA_len320_current_v1_length_ablation_fixed_raw_gate_0.739664 --no-research-log,M1_TrackA_len320_current_v1_length_ablation_fixed_raw_gate_0.739664,keep as GPU candidate
20260703_sparse_weight_wide_regrid_after_rule_regrid,tfidf_linearsvc_oof_ensemble,,OOF transformer logits + fold-aware TF-IDF LinearSVC scores,current_v1,session_oof,,oof,,,,,,,,,0.740149,0.742832,0.743183,0.743183,list_directory:0.4807;read_file:0.5685;grep_search:0.6024;lint_or_typecheck:0.6189;ask_user:0.6315,"[[2828, ""grep_search"", ""read_file""], [1784, ""read_file"", ""list_directory""], [1405, ""grep_search"", ""list_directory""], [1321, ""read_file"", ""grep_search""], [1097, ""list_directory"", ""read_file""], [1051, ""glob_pattern"", ""read_file""], [797, ""ask_user"", ""plan_task""], [747, ""glob_pattern"", ""list_directory""]]","{""apply_patch"": 4800, ""ask_user"": 2328, ""edit_file"": 11234, ""glob_pattern"": 3987, ""grep_search"": 7422, ""lint_or_typecheck"": 1866, ""list_directory"": 6596, ""plan_task"": 2934, ""read_file"": 10704, ""respond_only"": 5180, ""run_bash"": 5126, ""run_tests"": 4947, ""web_search"": 1392, ""write_file"": 1484}",experiments/artifacts/20260703_sparse_weight_wide_regrid_after_rule_regrid_sparse_svc.json,experiments/logits/20260703_sparse_weight_wide_regrid_after_rule_regrid_sparse_oof_logits.pt,,,,,,Phase0_sparse_SVC_weight_regrid_after_rule_boosts_max20,sparse svc oof ensemble diagnostic complete
20260703_markov_prior_after_rule_regrid,torch_gpu_transformer_oof_markov_prior,,OOF transformer logits + fold-aware Markov/action prior,,session_oof,,oof,,,,,,,,,0.740149,0.740259,,0.740259,list_directory:0.4715;read_file:0.5676;grep_search:0.5892;lint_or_typecheck:0.6159;ask_user:0.6344,"[[3164, ""grep_search"", ""read_file""], [1872, ""read_file"", ""list_directory""], [1410, ""grep_search"", ""list_directory""], [1216, ""list_directory"", ""read_file""], [1113, ""glob_pattern"", ""read_file""], [992, ""read_file"", ""grep_search""], [784, ""ask_user"", ""plan_task""], [737, ""glob_pattern"", ""list_directory""]]","{""apply_patch"": 4898, ""ask_user"": 2340, ""edit_file"": 11150, ""glob_pattern"": 4160, ""grep_search"": 6508, ""lint_or_typecheck"": 2036, ""list_directory"": 6644, ""plan_task"": 2964, ""read_file"": 11419, ""respond_only"": 5180, ""run_bash"": 4984, ""run_tests"": 4873, ""web_search"": 1368, ""write_file"": 1476}",experiments/artifacts/20260703_markov_prior_after_rule_regrid_markov_prior.json,experiments/logits/20260701_190742_gpu_transformer_session_oof_current_v1_len192_fold0-of3_replay-last1_oof_xlmr_len192_ep5_replay_last1_cap10000_fold0_val_logits.pt;experiments/logits/20260701_194151_gpu_transformer_session_oof_current_v1_len192_fold1-of3_replay-last1_oof_xlmr_len192_ep5_replay_last1_cap10000_fold1_val_logits.pt;experiments/logits/20260701_201604_gpu_transformer_session_oof_current_v1_len192_fold2-of3_replay-last1_oof_xlmr_len192_ep5_replay_last1_cap10000_fold2_val_logits.pt,,,,,,Phase0_markov_prior_after_rule_regrid,markov prior oof diagnostic complete
20260703_sparse_compact_events_after_rule_regrid,tfidf_linearsvc_oof_ensemble,,OOF transformer logits + fold-aware TF-IDF LinearSVC scores,compact_events_v1,session_oof,,oof,,,,,,,,,0.740149,0.742268,0.742709,0.742709,list_directory:0.4766;read_file:0.5640;grep_search:0.5945;lint_or_typecheck:0.6328;ask_user:0.6335,"[[2850, ""grep_search"", ""read_file""], [1983, ""read_file"", ""list_directory""], [1513, ""grep_search"", ""list_directory""], [1166, ""read_file"", ""grep_search""], [1051, ""list_directory"", ""read_file""], [974, ""glob_pattern"", ""read_file""], [787, ""glob_pattern"", ""list_directory""], [765, ""ask_user"", ""plan_task""]]","{""apply_patch"": 4828, ""ask_user"": 2407, ""edit_file"": 11206, ""glob_pattern"": 4226, ""grep_search"": 6966, ""lint_or_typecheck"": 2357, ""list_directory"": 7027, ""plan_task"": 2875, ""read_file"": 10500, ""respond_only"": 5179, ""run_bash"": 4801, ""run_tests"": 4764, ""web_search"": 1382, ""write_file"": 1482}",experiments/artifacts/20260703_sparse_compact_events_after_rule_regrid_sparse_svc.json,experiments/logits/20260703_sparse_compact_events_after_rule_regrid_sparse_oof_logits.pt,,,,,,Phase0_compact_events_sparse_channel_after_rule_regrid,sparse svc oof ensemble diagnostic complete
20260703_061928_gpu_transformer_session_current_v1_len192_qv600_replay-last1_m1_trackB_xlmr_large_qv600_screen,torch_gpu_transformer,xlm-roberta-large,serialized prompt/action/workspace text,current_v1,session_quick600,42,,192,1,2e-05,8,0.5,0.02,last1,10000,0.714846,,,0.714846,ask_user:0.4857;read_file:0.5333;plan_task:0.6170;glob_pattern:0.6197;web_search:0.6292,"[[15, ""ask_user"", ""plan_task""], [14, ""run_bash"", ""run_tests""], [13, ""glob_pattern"", ""read_file""], [11, ""ask_user"", ""web_search""], [10, ""grep_search"", ""read_file""], [8, ""list_directory"", ""read_file""], [8, ""lint_or_typecheck"", ""run_tests""], [8, ""plan_task"", ""web_search""]]","{""apply_patch"": 45, ""ask_user"": 27, ""edit_file"": 44, ""glob_pattern"": 28, ""grep_search"": 36, ""lint_or_typecheck"": 34, ""list_directory"": 51, ""plan_task"": 51, ""read_file"": 62, ""respond_only"": 43, ""run_bash"": 39, ""run_tests"": 52, ""web_search"": 47, ""write_file"": 41}",,experiments/logits/20260703_061928_gpu_transformer_session_current_v1_len192_qv600_replay-last1_m1_trackB_xlmr_large_qv600_screen_val_logits.pt,,,2861.673,0.000,train_transformer.py --device cuda --base-model xlm-roberta-large --serializer current_v1 --max-length 192 --quick-val-size 600 --epochs 1 --batch-size 8 --eval-batch-size 64 --lr 2e-5 --class-weight-power 0.5 --label-smoothing 0.02 --replay-mode last1 --max-replay-samples 10000 --replay-sample-weight 0.5 --tokenize-batch-size 1024 --experiment-suffix m1_trackB_xlmr_large_qv600_screen --notes 'M1 TrackB xlmr-large qv600 screen RERUN (original lost to runtime reclaim 20260703_0416utc); int8 storage codec eval pending' --no-research-log,M1 TrackB xlmr-large qv600 screen RERUN (original lost to runtime reclaim 20260703_0416utc); int8 storage codec eval pending,screening only; require full fixed-session validation
20260703_064157_gpu_transformer_session_current_v1_len192_qv600_stage1_kf_deberta_base_len192_ep1_qv600,torch_gpu_transformer,kakaobank/kf-deberta-base,serialized prompt/action/workspace text,current_v1,session_quick600,42,,192,1,2e-05,8,0.5,0.02,none,0,0.694504,,,0.694504,ask_user:0.5070;read_file:0.5102;grep_search:0.5349;plan_task:0.5652;glob_pattern:0.5915,"[[15, ""ask_user"", ""plan_task""], [13, ""grep_search"", ""read_file""], [12, ""run_bash"", ""run_tests""], [11, ""run_tests"", ""lint_or_typecheck""], [10, ""glob_pattern"", ""read_file""], [10, ""ask_user"", ""web_search""], [10, ""plan_task"", ""web_search""], [8, ""read_file"", ""grep_search""]]","{""apply_patch"": 46, ""ask_user"": 28, ""edit_file"": 43, ""glob_pattern"": 28, ""grep_search"": 43, ""lint_or_typecheck"": 40, ""list_directory"": 50, ""plan_task"": 49, ""read_file"": 55, ""respond_only"": 43, ""run_bash"": 43, ""run_tests"": 44, ""web_search"": 47, ""write_file"": 41}",,experiments/logits/20260703_064157_gpu_transformer_session_current_v1_len192_qv600_stage1_kf_deberta_base_len192_ep1_qv600_val_logits.pt,,,872.699,610.333,train_transformer.py --device cuda --base-model kakaobank/kf-deberta-base --serializer current_v1 --max-length 192 --epochs 1 --batch-size 8 --eval-batch-size 32 --lr 2e-5 --class-weight-power 0.5 --label-smoothing 0.02 --quick-val-size 600 --keep-threshold 0.0 --tokenize-batch-size 1024 --experiment-suffix stage1_kf_deberta_base_len192_ep1_qv600 --notes 'Stage1 quick screen kakaobank/kf-deberta-base current_v1 len192 epoch1 quick_val600 no replay batch8; Korean-specialized encoder with XLM-R-equal tokenizer efficiency (mean 262 tok trunc@192 72pct unk 0.02pct) as ensemble-diversity candidate' --no-research-log,Stage1 quick screen kakaobank/kf-deberta-base current_v1 len192 epoch1 quick_val600 no replay batch8; Korean-specialized encoder with XLM-R-equal tokenizer efficiency (mean 262 tok trunc@192 72pct unk 0.02pct) as ensemble-diversity candidate,screening only; require full fixed-session validation
20260703_100733_gpu_transformer_session_current_v1_len192_replay-last1_m1_trackB_xlmr_large_len192_ep5_replay_last1_fix,torch_gpu_transformer,xlm-roberta-large,serialized prompt/action/workspace text,current_v1,session,42,,192,5,2e-05,8,0.5,0.02,last1,10000,0.743910,0.750195,0.750671,0.750671,list_directory:0.4642;read_file:0.5644;grep_search:0.5929;glob_pattern:0.6240;lint_or_typecheck:0.6641,"[[584, ""grep_search"", ""read_file""], [334, ""read_file"", ""list_directory""], [272, ""grep_search"", ""list_directory""], [265, ""list_directory"", ""read_file""], [255, ""read_file"", ""grep_search""], [239, ""glob_pattern"", ""read_file""], [155, ""plan_task"", ""ask_user""], [145, ""glob_pattern"", ""list_directory""]]","{""apply_patch"": 947, ""ask_user"": 584, ""edit_file"": 2231, ""glob_pattern"": 763, ""grep_search"": 1453, ""lint_or_typecheck"": 351, ""list_directory"": 1255, ""plan_task"": 511, ""read_file"": 2268, ""respond_only"": 1051, ""run_bash"": 1014, ""run_tests"": 1010, ""web_search"": 252, ""write_file"": 311}",,experiments/logits/20260703_100733_gpu_transformer_session_current_v1_len192_replay-last1_m1_trackB_xlmr_large_len192_ep5_replay_last1_fix_val_logits.pt,,,5138.002,0.000,train_transformer.py --device cuda --split session --base-model xlm-roberta-large --serializer current_v1 --max-length 192 --epochs 5 --batch-size 8 --eval-batch-size 64 --lr 2e-5 --class-weight-power 0.5 --label-smoothing 0.02 --replay-mode last1 --max-replay-samples 10000 --replay-sample-weight 0.5 --tune-bias --keep-threshold 0.0 --tokenize-batch-size 1024 --experiment-suffix m1_trackB_xlmr_large_len192_ep5_replay_last1_fixed --notes 'M1 TrackB xlm-r-large fixed-session gate vs base raw 0.739664; screened recipe (batch8 lr2e-5) from gate1 0.714846; A100 short-wall-clock run' --no-research-log,M1 TrackB xlm-r-large fixed-session gate vs base raw 0.739664; screened recipe (batch8 lr2e-5) from gate1 0.714846; A100 short-wall-clock run,keep as GPU candidate
20260703_112702_gpu_transformer_session_oof_current_v1_len192_fold0-of3_replay-last1_oof_xlmr_large_len192_ep5_replay_last1_fold0,torch_gpu_transformer,xlm-roberta-large,serialized prompt/action/workspace text,current_v1,session_oof_fold0_of3,42,0/3,192,5,2e-05,8,0.5,0.02,last1,10000,0.730325,,,0.730325,list_directory:0.4497;web_search:0.5569;read_file:0.5590;grep_search:0.6075;ask_user:0.6088,"[[831, ""grep_search"", ""read_file""], [577, ""read_file"", ""list_directory""], [532, ""read_file"", ""grep_search""], [468, ""grep_search"", ""list_directory""], [393, ""list_directory"", ""read_file""], [294, ""glob_pattern"", ""read_file""], [242, ""glob_pattern"", ""list_directory""], [237, ""ask_user"", ""plan_task""]]","{""apply_patch"": 1618, ""ask_user"": 794, ""edit_file"": 3728, ""glob_pattern"": 1393, ""grep_search"": 2757, ""lint_or_typecheck"": 810, ""list_directory"": 2093, ""plan_task"": 899, ""read_file"": 3325, ""respond_only"": 1728, ""run_bash"": 1625, ""run_tests"": 1543, ""web_search"": 517, ""write_file"": 504}",,experiments/logits/20260703_112702_gpu_transformer_session_oof_current_v1_len192_fold0-of3_replay-last1_oof_xlmr_large_len192_ep5_replay_last1_fold0_val_logits.pt,,,4443.853,0.000,"train_transformer.py --device cuda --split session_oof --n-folds 3 --fold-id 0 --base-model xlm-roberta-large --serializer current_v1 --max-length 192 --epochs 5 --batch-size 8 --eval-batch-size 64 --lr 2e-5 --class-weight-power 0.5 --label-smoothing 0.02 --replay-mode last1 --max-replay-samples 10000 --replay-sample-weight 0.5 --keep-threshold 0.0 --tokenize-batch-size 1024 --experiment-suffix oof_xlmr_large_len192_ep5_replay_last1_fold0 --notes 'Track B OOF fold 0/3 xlm-r-large, recipe as fixed run (batch8 lr2e-5); fixed raw 0.743910 passed gate 0.739664' --no-research-log","Track B OOF fold 0/3 xlm-r-large, recipe as fixed run (batch8 lr2e-5); fixed raw 0.743910 passed gate 0.739664",oof fold complete; aggregate before decision
20260703_124258_gpu_transformer_session_oof_current_v1_len192_fold1-of3_replay-last1_oof_xlmr_large_len192_ep5_replay_last1_fold1,torch_gpu_transformer,xlm-roberta-large,serialized prompt/action/workspace text,current_v1,session_oof_fold1_of3,42,1/3,192,5,2e-05,8,0.5,0.02,last1,10000,0.727557,,,0.727557,list_directory:0.4528;web_search:0.5605;read_file:0.5623;grep_search:0.6090;lint_or_typecheck:0.6091,"[[807, ""grep_search"", ""read_file""], [640, ""read_file"", ""grep_search""], [474, ""read_file"", ""list_directory""], [393, ""grep_search"", ""list_directory""], [373, ""list_directory"", ""read_file""], [273, ""glob_pattern"", ""read_file""], [253, ""list_directory"", ""grep_search""], [222, ""glob_pattern"", ""grep_search""]]","{""apply_patch"": 1697, ""ask_user"": 860, ""edit_file"": 3656, ""glob_pattern"": 1431, ""grep_search"": 3067, ""lint_or_typecheck"": 815, ""list_directory"": 1821, ""plan_task"": 841, ""read_file"": 3252, ""respond_only"": 1725, ""run_bash"": 1631, ""run_tests"": 1516, ""web_search"": 518, ""write_file"": 503}",,experiments/logits/20260703_124258_gpu_transformer_session_oof_current_v1_len192_fold1-of3_replay-last1_oof_xlmr_large_len192_ep5_replay_last1_fold1_val_logits.pt,,,4442.035,0.000,"train_transformer.py --device cuda --split session_oof --n-folds 3 --base-model xlm-roberta-large --serializer current_v1 --max-length 192 --epochs 5 --batch-size 8 --eval-batch-size 64 --lr 2e-5 --class-weight-power 0.5 --label-smoothing 0.02 --replay-mode last1 --max-replay-samples 10000 --replay-sample-weight 0.5 --keep-threshold 0.0 --tokenize-batch-size 1024 --no-research-log --fold-id 1 --experiment-suffix oof_xlmr_large_len192_ep5_replay_last1_fold1 --notes 'Track B OOF fold 1/3 xlm-r-large, recipe as fixed run (batch8 lr2e-5)'","Track B OOF fold 1/3 xlm-r-large, recipe as fixed run (batch8 lr2e-5)",oof fold complete; aggregate before decision
20260703_135951_gpu_transformer_session_oof_current_v1_len192_fold2-of3_replay-last1_oof_xlmr_large_len192_ep5_replay_last1_fold2,torch_gpu_transformer,xlm-roberta-large,serialized prompt/action/workspace text,current_v1,session_oof_fold2_of3,42,2/3,192,5,2e-05,8,0.5,0.02,last1,10000,0.725235,,,0.725235,list_directory:0.4678;read_file:0.5599;web_search:0.5798;lint_or_typecheck:0.5837;grep_search:0.6097,"[[906, ""grep_search"", ""read_file""], [570, ""read_file"", ""list_directory""], [482, ""read_file"", ""grep_search""], [424, ""grep_search"", ""list_directory""], [423, ""list_directory"", ""read_file""], [338, ""glob_pattern"", ""read_file""], [266, ""run_bash"", ""run_tests""], [230, ""ask_user"", ""plan_task""]]","{""apply_patch"": 1652, ""ask_user"": 675, ""edit_file"": 3694, ""glob_pattern"": 1368, ""grep_search"": 2627, ""lint_or_typecheck"": 774, ""list_directory"": 2050, ""plan_task"": 914, ""read_file"": 3545, ""respond_only"": 1727, ""run_bash"": 1540, ""run_tests"": 1636, ""web_search"": 634, ""write_file"": 497}",,experiments/logits/20260703_135951_gpu_transformer_session_oof_current_v1_len192_fold2-of3_replay-last1_oof_xlmr_large_len192_ep5_replay_last1_fold2_val_logits.pt,,,4435.640,0.000,"train_transformer.py --device cuda --split session_oof --n-folds 3 --base-model xlm-roberta-large --serializer current_v1 --max-length 192 --epochs 5 --batch-size 8 --eval-batch-size 64 --lr 2e-5 --class-weight-power 0.5 --label-smoothing 0.02 --replay-mode last1 --max-replay-samples 10000 --replay-sample-weight 0.5 --keep-threshold 0.0 --tokenize-batch-size 1024 --no-research-log --fold-id 2 --experiment-suffix oof_xlmr_large_len192_ep5_replay_last1_fold2 --notes 'Track B OOF fold 2/3 xlm-r-large, recipe as fixed run (batch8 lr2e-5)'","Track B OOF fold 2/3 xlm-r-large, recipe as fixed run (batch8 lr2e-5)",oof fold complete; aggregate before decision
20260703_oof_xlmr_large_len192_ep5_replay_last1,torch_gpu_transformer_oof,,serialized prompt/action/workspace text,,session_oof,,oof,,,,,,,,,0.727784,0.729693,0.729941,0.729941,list_directory:0.4642;read_file:0.5646;web_search:0.5673;grep_search:0.6031;lint_or_typecheck:0.6130,"[[2733, ""grep_search"", ""read_file""], [1820, ""read_file"", ""list_directory""], [1438, ""grep_search"", ""list_directory""], [1319, ""read_file"", ""grep_search""], [1156, ""list_directory"", ""read_file""], [981, ""glob_pattern"", ""read_file""], [737, ""glob_pattern"", ""list_directory""], [733, ""ask_user"", ""plan_task""]]","{""apply_patch"": 4867, ""ask_user"": 2187, ""edit_file"": 11205, ""glob_pattern"": 4138, ""grep_search"": 7526, ""lint_or_typecheck"": 2441, ""list_directory"": 6550, ""plan_task"": 2856, ""read_file"": 10504, ""respond_only"": 5181, ""run_bash"": 4764, ""run_tests"": 4681, ""web_search"": 1611, ""write_file"": 1489}",,experiments/logits/20260703_112702_gpu_transformer_session_oof_current_v1_len192_fold0-of3_replay-last1_oof_xlmr_large_len192_ep5_replay_last1_fold0_val_logits.pt;experiments/logits/20260703_124258_gpu_transformer_session_oof_current_v1_len192_fold1-of3_replay-last1_oof_xlmr_large_len192_ep5_replay_last1_fold1_val_logits.pt;experiments/logits/20260703_135951_gpu_transformer_session_oof_current_v1_len192_fold2-of3_replay-last1_oof_xlmr_large_len192_ep5_replay_last1_fold2_val_logits.pt,,,,,,Track B xlm-r-large 3-fold OOF aggregate; compare vs base OOF 2-stage baseline 0.741881,oof aggregate complete
20260703_oof_rule_boosts_xlmr_large_len192_ep5_replay_last1,torch_gpu_transformer_oof_rule_boost,,OOF logits + deterministic sample/logit rule boosts,,session_oof,,oof,,,,,,,,,0.729941,0.736276,,0.736276,list_directory:0.4670;read_file:0.5657;grep_search:0.6038;lint_or_typecheck:0.6130;web_search:0.6193,"[[2770, ""grep_search"", ""read_file""], [1767, ""read_file"", ""list_directory""], [1382, ""grep_search"", ""list_directory""], [1333, ""read_file"", ""grep_search""], [1170, ""list_directory"", ""read_file""], [990, ""glob_pattern"", ""read_file""], [832, ""ask_user"", ""plan_task""], [723, ""glob_pattern"", ""list_directory""]]","{""apply_patch"": 4867, ""ask_user"": 2105, ""edit_file"": 11205, ""glob_pattern"": 4140, ""grep_search"": 7568, ""lint_or_typecheck"": 2441, ""list_directory"": 6404, ""plan_task"": 3104, ""read_file"": 10605, ""respond_only"": 5181, ""run_bash"": 4764, ""run_tests"": 4681, ""web_search"": 1446, ""write_file"": 1489}",experiments/artifacts/20260703_oof_rule_boosts_xlmr_large_len192_ep5_replay_last1_rule_boosts.json,experiments/logits/20260703_112702_gpu_transformer_session_oof_current_v1_len192_fold0-of3_replay-last1_oof_xlmr_large_len192_ep5_replay_last1_fold0_val_logits.pt;experiments/logits/20260703_124258_gpu_transformer_session_oof_current_v1_len192_fold1-of3_replay-last1_oof_xlmr_large_len192_ep5_replay_last1_fold1_val_logits.pt;experiments/logits/20260703_135951_gpu_transformer_session_oof_current_v1_len192_fold2-of3_replay-last1_oof_xlmr_large_len192_ep5_replay_last1_fold2_val_logits.pt,,,,,,Rule boosts on top of xlm-r-large 3-fold OOF,rule boost diagnostic complete
20260703_oof_sparse_svc_plus_rules_xlmr_large_len192_ep5_replay_last1,tfidf_linearsvc_oof_ensemble,,OOF transformer logits + fold-aware TF-IDF LinearSVC scores,current_v1,session_oof,,oof,,,,,,,,,0.736221,0.743001,0.743198,0.743198,list_directory:0.4868;read_file:0.5782;grep_search:0.6015;lint_or_typecheck:0.6239;ask_user:0.6349,"[[2770, ""grep_search"", ""read_file""], [1707, ""read_file"", ""list_directory""], [1442, ""grep_search"", ""list_directory""], [1280, ""read_file"", ""grep_search""], [1061, ""list_directory"", ""read_file""], [982, ""glob_pattern"", ""read_file""], [788, ""ask_user"", ""plan_task""], [761, ""glob_pattern"", ""list_directory""]]","{""apply_patch"": 4840, ""ask_user"": 2279, ""edit_file"": 11246, ""glob_pattern"": 4138, ""grep_search"": 7366, ""lint_or_typecheck"": 2051, ""list_directory"": 6596, ""plan_task"": 2952, ""read_file"": 10599, ""respond_only"": 5180, ""run_bash"": 4959, ""run_tests"": 4901, ""web_search"": 1414, ""write_file"": 1479}",experiments/artifacts/20260703_oof_sparse_svc_plus_rules_xlmr_large_len192_ep5_replay_last1_sparse_svc.json,experiments/logits/20260703_oof_sparse_svc_plus_rules_xlmr_large_len192_ep5_replay_last1_sparse_oof_logits.pt,,,,,,"Sparse SVC ensemble on xlm-r-large OOF + rule boosts, wide weight grid to match base promotion depth (weight 4.0)",sparse svc oof ensemble diagnostic complete
20260703_oof_ens_xlmr_base_large_w50,torch_gpu_transformer_oof,,serialized prompt/action/workspace text,,session_oof,,oof,,,,,,,,,0.733127,0.736412,0.736781,0.736781,list_directory:0.4697;read_file:0.5639;web_search:0.6015;grep_search:0.6072;ask_user:0.6172,"[[2587, ""grep_search"", ""read_file""], [1726, ""read_file"", ""list_directory""], [1506, ""read_file"", ""grep_search""], [1385, ""grep_search"", ""list_directory""], [1126, ""list_directory"", ""read_file""], [906, ""glob_pattern"", ""read_file""], [807, ""ask_user"", ""plan_task""], [715, ""glob_pattern"", ""list_directory""]]","{""apply_patch"": 4905, ""ask_user"": 2092, ""edit_file"": 11180, ""glob_pattern"": 4271, ""grep_search"": 7921, ""lint_or_typecheck"": 2267, ""list_directory"": 6355, ""plan_task"": 3036, ""read_file"": 10115, ""respond_only"": 5177, ""run_bash"": 4908, ""run_tests"": 4753, ""web_search"": 1540, ""write_file"": 1480}",,experiments/logits/20260703_oof_ens_xlmr_base_large_w50_fold0_val_logits.pt;experiments/logits/20260703_oof_ens_xlmr_base_large_w50_fold1_val_logits.pt;experiments/logits/20260703_oof_ens_xlmr_base_large_w50_fold2_val_logits.pt,,,,,,"Equal-weight softmax ensemble of base+large OOF logits (w=0.5), full tune-chain comparison vs singles",oof aggregate complete
20260703_oof_rule_boosts_ens_xlmr_base_large_w50,torch_gpu_transformer_oof_rule_boost,,OOF logits + deterministic sample/logit rule boosts,,session_oof,,oof,,,,,,,,,0.736781,0.742042,,0.742042,list_directory:0.4710;read_file:0.5730;grep_search:0.6058;lint_or_typecheck:0.6207;web_search:0.6295,"[[2815, ""grep_search"", ""read_file""], [1698, ""read_file"", ""list_directory""], [1360, ""grep_search"", ""list_directory""], [1253, ""read_file"", ""grep_search""], [1229, ""list_directory"", ""read_file""], [991, ""glob_pattern"", ""read_file""], [768, ""ask_user"", ""plan_task""], [708, ""glob_pattern"", ""list_directory""]]","{""apply_patch"": 4904, ""ask_user"": 2273, ""edit_file"": 11180, ""glob_pattern"": 4268, ""grep_search"": 7302, ""lint_or_typecheck"": 2267, ""list_directory"": 6287, ""plan_task"": 2997, ""read_file"": 10826, ""respond_only"": 5177, ""run_bash"": 4904, ""run_tests"": 4752, ""web_search"": 1383, ""write_file"": 1480}",experiments/artifacts/20260703_oof_rule_boosts_ens_xlmr_base_large_w50_rule_boosts.json,experiments/logits/20260703_oof_ens_xlmr_base_large_w50_fold0_val_logits.pt;experiments/logits/20260703_oof_ens_xlmr_base_large_w50_fold1_val_logits.pt;experiments/logits/20260703_oof_ens_xlmr_base_large_w50_fold2_val_logits.pt,,,,,,Rule boosts on base+large w50 ensemble OOF,rule boost diagnostic complete
20260703_oof_sparse_svc_plus_rules_ens_xlmr_base_large_w50,tfidf_linearsvc_oof_ensemble,,OOF transformer logits + fold-aware TF-IDF LinearSVC scores,current_v1,session_oof,,oof,,,,,,,,,0.742042,0.746459,0.746763,0.746763,list_directory:0.4869;read_file:0.5773;grep_search:0.6087;lint_or_typecheck:0.6342;ask_user:0.6363,"[[2673, ""grep_search"", ""read_file""], [1675, ""read_file"", ""list_directory""], [1407, ""grep_search"", ""list_directory""], [1367, ""read_file"", ""grep_search""], [1084, ""list_directory"", ""read_file""], [960, ""glob_pattern"", ""read_file""], [816, ""ask_user"", ""plan_task""], [740, ""glob_pattern"", ""list_directory""]]","{""apply_patch"": 4817, ""ask_user"": 2202, ""edit_file"": 11280, ""glob_pattern"": 4197, ""grep_search"": 7595, ""lint_or_typecheck"": 2372, ""list_directory"": 6471, ""plan_task"": 3050, ""read_file"": 10444, ""respond_only"": 5180, ""run_bash"": 4761, ""run_tests"": 4768, ""web_search"": 1384, ""write_file"": 1479}",experiments/artifacts/20260703_oof_sparse_svc_plus_rules_ens_xlmr_base_large_w50_sparse_svc.json,experiments/logits/20260703_oof_sparse_svc_plus_rules_ens_xlmr_base_large_w50_sparse_oof_logits.pt,,,,,,"Sparse SVC on base+large w50 ensemble OOF + rules, wide weight grid",sparse svc oof ensemble diagnostic complete
20260703_161133_gpu_transformer_session_current_v1_len192_replay-last1_m2_focal_len192_ep5_replay_last1_seed42,torch_gpu_transformer,xlm-roberta-base,serialized prompt/action/workspace text,current_v1,session,42,,192,5,2e-05,16,0.5,0.02,last1,10000,0.741530,0.747490,0.748293,0.748293,list_directory:0.5093;read_file:0.6025;web_search:0.6049;grep_search:0.6099;ask_user:0.6320,"[[565, ""grep_search"", ""read_file""], [307, ""read_file"", ""list_directory""], [260, ""grep_search"", ""list_directory""], [227, ""list_directory"", ""read_file""], [217, ""glob_pattern"", ""read_file""], [191, ""read_file"", ""grep_search""], [157, ""ask_user"", ""plan_task""], [145, ""glob_pattern"", ""list_directory""]]","{""apply_patch"": 952, ""ask_user"": 429, ""edit_file"": 2233, ""glob_pattern"": 848, ""grep_search"": 1365, ""lint_or_typecheck"": 426, ""list_directory"": 1262, ""plan_task"": 613, ""read_file"": 2269, ""respond_only"": 1052, ""run_bash"": 1000, ""run_tests"": 935, ""web_search"": 313, ""write_file"": 304}",,experiments/logits/20260703_161133_gpu_transformer_session_current_v1_len192_replay-last1_m2_focal_len192_ep5_replay_last1_seed42_val_logits.pt,,,1326.913,0.000,"train_transformer.py --device cuda --split session --base-model xlm-roberta-base --serializer current_v1 --epochs 5 --batch-size 16 --eval-batch-size 64 --lr 2e-5 --class-weight-power 0.5 --label-smoothing 0.02 --loss focal --focal-gamma 2.0 --replay-mode last1 --max-replay-samples 10000 --replay-sample-weight 0.5 --tune-bias --keep-threshold 0.0 --tokenize-batch-size 1024 --no-research-log --max-length 192 --seed 42 --experiment-suffix m2_focal_len192_ep5_replay_last1_seed42 --notes 'M2 length x focal screen lane A: len192 seed42, recipe = canonical fixed baseline except loss=focal g2.0; judge by within-lane paired delta + explorer-cluster per-class F1'","M2 length x focal screen lane A: len192 seed42, recipe = canonical fixed baseline except loss=focal g2.0; judge by within-lane paired delta + explorer-cluster per-class F1",keep as GPU candidate
20260704_oof_sparse_screen_ens_w50_C002,tfidf_linearsvc_oof_ensemble,,OOF transformer logits + fold-aware TF-IDF LinearSVC scores,current_v1,session_oof,,oof,,,,,,,,,0.742042,0.745925,0.746341,0.746341,list_directory:0.4855;read_file:0.5789;grep_search:0.6080;lint_or_typecheck:0.6319;web_search:0.6415,"[[2753, ""grep_search"", ""read_file""], [1687, ""read_file"", ""list_directory""], [1399, ""grep_search"", ""list_directory""], [1300, ""read_file"", ""grep_search""], [1110, ""list_directory"", ""read_file""], [987, ""glob_pattern"", ""read_file""], [762, ""ask_user"", ""plan_task""], [745, ""glob_pattern"", ""list_directory""]]","{""apply_patch"": 4821, ""ask_user"": 2309, ""edit_file"": 11254, ""glob_pattern"": 4117, ""grep_search"": 7444, ""lint_or_typecheck"": 2395, ""list_directory"": 6473, ""plan_task"": 2958, ""read_file"": 10645, ""respond_only"": 5179, ""run_bash"": 4820, ""run_tests"": 4726, ""web_search"": 1380, ""write_file"": 1479}",experiments/artifacts/20260704_oof_sparse_screen_ens_w50_C002_sparse_svc.json,experiments/logits/20260704_oof_sparse_screen_ens_w50_C002_sparse_oof_logits.pt,,,,,,"sparse retune screen: C=0.02 vs incumbent 0.05, blend w2 fixed, ens base+large chain",sparse svc oof ensemble diagnostic complete
20260704_oof_sparse_screen_ens_w50_C015,tfidf_linearsvc_oof_ensemble,,OOF transformer logits + fold-aware TF-IDF LinearSVC scores,current_v1,session_oof,,oof,,,,,,,,,0.742042,0.745117,0.745493,0.745493,list_directory:0.4858;read_file:0.5641;grep_search:0.6153;lint_or_typecheck:0.6309;ask_user:0.6314,"[[2301, ""grep_search"", ""read_file""], [1767, ""read_file"", ""grep_search""], [1706, ""read_file"", ""list_directory""], [1408, ""grep_search"", ""list_directory""], [944, ""list_directory"", ""read_file""], [833, ""glob_pattern"", ""read_file""], [818, ""ask_user"", ""plan_task""], [752, ""glob_pattern"", ""list_directory""]]","{""apply_patch"": 4705, ""ask_user"": 2209, ""edit_file"": 11369, ""glob_pattern"": 4180, ""grep_search"": 8622, ""lint_or_typecheck"": 2282, ""list_directory"": 6524, ""plan_task"": 3006, ""read_file"": 9366, ""respond_only"": 5180, ""run_bash"": 4927, ""run_tests"": 4737, ""web_search"": 1415, ""write_file"": 1478}",experiments/artifacts/20260704_oof_sparse_screen_ens_w50_C015_sparse_svc.json,experiments/logits/20260704_oof_sparse_screen_ens_w50_C015_sparse_oof_logits.pt,,,,,,"sparse retune screen: C=0.15 vs incumbent 0.05, blend w2 fixed, ens base+large chain",sparse svc oof ensemble diagnostic complete
20260704_oof_sparse_screen_ens_w50_char400k,tfidf_linearsvc_oof_ensemble,,OOF transformer logits + fold-aware TF-IDF LinearSVC scores,current_v1,session_oof,,oof,,,,,,,,,0.742042,0.746459,0.746763,0.746763,list_directory:0.4869;read_file:0.5773;grep_search:0.6087;lint_or_typecheck:0.6342;ask_user:0.6363,"[[2673, ""grep_search"", ""read_file""], [1675, ""read_file"", ""list_directory""], [1407, ""grep_search"", ""list_directory""], [1367, ""read_file"", ""grep_search""], [1084, ""list_directory"", ""read_file""], [960, ""glob_pattern"", ""read_file""], [816, ""ask_user"", ""plan_task""], [740, ""glob_pattern"", ""list_directory""]]","{""apply_patch"": 4817, ""ask_user"": 2202, ""edit_file"": 11280, ""glob_pattern"": 4197, ""grep_search"": 7595, ""lint_or_typecheck"": 2372, ""list_directory"": 6471, ""plan_task"": 3050, ""read_file"": 10444, ""respond_only"": 5180, ""run_bash"": 4761, ""run_tests"": 4768, ""web_search"": 1384, ""write_file"": 1479}",experiments/artifacts/20260704_oof_sparse_screen_ens_w50_char400k_sparse_svc.json,experiments/logits/20260704_oof_sparse_screen_ens_w50_char400k_sparse_oof_logits.pt,,,,,,"sparse retune screen: char_features 400k vs incumbent 220k, C=0.05, blend w2 fixed",sparse svc oof ensemble diagnostic complete
20260703_163751_gpu_transformer_session_current_v1_len384_replay-last1_m2_focal_len384_ep5_replay_last1_seed42,torch_gpu_transformer,xlm-roberta-base,serialized prompt/action/workspace text,current_v1,session,42,,384,5,2e-05,16,0.5,0.02,last1,10000,0.742224,0.745472,0.746318,0.746318,list_directory:0.4556;read_file:0.5765;grep_search:0.5989;glob_pattern:0.6309;web_search:0.6316,"[[650, ""grep_search"", ""read_file""], [323, ""list_directory"", ""read_file""], [291, ""read_file"", ""list_directory""], [260, ""glob_pattern"", ""read_file""], [229, ""grep_search"", ""list_directory""], [212, ""read_file"", ""grep_search""], [158, ""ask_user"", ""plan_task""], [130, ""glob_pattern"", ""list_directory""]]","{""apply_patch"": 953, ""ask_user"": 479, ""edit_file"": 2235, ""glob_pattern"": 759, ""grep_search"": 1359, ""lint_or_typecheck"": 424, ""list_directory"": 1111, ""plan_task"": 597, ""read_file"": 2511, ""respond_only"": 1049, ""run_bash"": 1053, ""run_tests"": 891, ""web_search"": 273, ""write_file"": 307}",,experiments/logits/20260703_163751_gpu_transformer_session_current_v1_len384_replay-last1_m2_focal_len384_ep5_replay_last1_seed42_val_logits.pt,,,1415.235,0.000,"train_transformer.py --device cuda --split session --base-model xlm-roberta-base --serializer current_v1 --epochs 5 --batch-size 16 --eval-batch-size 64 --lr 2e-5 --class-weight-power 0.5 --label-smoothing 0.02 --loss focal --focal-gamma 2.0 --replay-mode last1 --max-replay-samples 10000 --replay-sample-weight 0.5 --tune-bias --keep-threshold 0.0 --tokenize-batch-size 1024 --no-research-log --max-length 384 --seed 42 --experiment-suffix m2_focal_len384_ep5_replay_last1_seed42 --notes 'M2 length x focal screen lane A: len384 seed42, recipe = canonical fixed baseline except loss=focal g2.0; judge by within-lane paired delta + explorer-cluster per-class F1'","M2 length x focal screen lane A: len384 seed42, recipe = canonical fixed baseline except loss=focal g2.0; judge by within-lane paired delta + explorer-cluster per-class F1",keep as GPU candidate
20260703_170302_gpu_transformer_session_current_v1_len448_replay-last1_m2_focal_len448_ep5_replay_last1_seed42,torch_gpu_transformer,xlm-roberta-base,serialized prompt/action/workspace text,current_v1,session,42,,448,5,2e-05,16,0.5,0.02,last1,10000,0.749699,0.754362,0.755278,0.755278,list_directory:0.4702;read_file:0.5876;grep_search:0.6092;ask_user:0.6242;glob_pattern:0.6378,"[[565, ""grep_search"", ""read_file""], [343, ""read_file"", ""list_directory""], [267, ""grep_search"", ""list_directory""], [254, ""list_directory"", ""read_file""], [217, ""glob_pattern"", ""read_file""], [199, ""read_file"", ""grep_search""], [187, ""ask_user"", ""plan_task""], [157, ""glob_pattern"", ""list_directory""]]","{""apply_patch"": 961, ""ask_user"": 387, ""edit_file"": 2225, ""glob_pattern"": 824, ""grep_search"": 1382, ""lint_or_typecheck"": 495, ""list_directory"": 1283, ""plan_task"": 657, ""read_file"": 2262, ""respond_only"": 1052, ""run_bash"": 968, ""run_tests"": 899, ""web_search"": 302, ""write_file"": 304}",,experiments/logits/20260703_170302_gpu_transformer_session_current_v1_len448_replay-last1_m2_focal_len448_ep5_replay_last1_seed42_val_logits.pt,,,1451.090,0.000,"train_transformer.py --device cuda --split session --base-model xlm-roberta-base --serializer current_v1 --epochs 5 --batch-size 16 --eval-batch-size 64 --lr 2e-5 --class-weight-power 0.5 --label-smoothing 0.02 --loss focal --focal-gamma 2.0 --replay-mode last1 --max-replay-samples 10000 --replay-sample-weight 0.5 --tune-bias --keep-threshold 0.0 --tokenize-batch-size 1024 --no-research-log --max-length 448 --seed 42 --experiment-suffix m2_focal_len448_ep5_replay_last1_seed42 --notes 'M2 length x focal screen lane A: len448 seed42, recipe = canonical fixed baseline except loss=focal g2.0; judge by within-lane paired delta + explorer-cluster per-class F1'","M2 length x focal screen lane A: len448 seed42, recipe = canonical fixed baseline except loss=focal g2.0; judge by within-lane paired delta + explorer-cluster per-class F1",keep as GPU candidate
20260703_165222_gpu_transformer_session_current_v1_len192_replay-last1_m2_focal_len192_ep5_replay_last1_seed43,torch_gpu_transformer,xlm-roberta-base,serialized prompt/action/workspace text,current_v1,session,43,,192,5,2e-05,16,0.5,0.02,last1,10000,0.747106,0.752309,0.753149,0.753149,list_directory:0.5222;read_file:0.5866;ask_user:0.5878;grep_search:0.6064;glob_pattern:0.6473,"[[606, ""grep_search"", ""read_file""], [348, ""read_file"", ""list_directory""], [252, ""grep_search"", ""list_directory""], [219, ""ask_user"", ""plan_task""], [210, ""read_file"", ""grep_search""], [208, ""list_directory"", ""read_file""], [200, ""glob_pattern"", ""read_file""], [159, ""glob_pattern"", ""list_directory""]]","{""apply_patch"": 952, ""ask_user"": 355, ""edit_file"": 2277, ""glob_pattern"": 814, ""grep_search"": 1382, ""lint_or_typecheck"": 495, ""list_directory"": 1358, ""plan_task"": 750, ""read_file"": 2234, ""respond_only"": 1038, ""run_bash"": 894, ""run_tests"": 899, ""web_search"": 264, ""write_file"": 289}",,experiments/logits/20260703_165222_gpu_transformer_session_current_v1_len192_replay-last1_m2_focal_len192_ep5_replay_last1_seed43_val_logits.pt,,,3663.822,0.000,"train_transformer.py --device cuda --split session --base-model xlm-roberta-base --serializer current_v1 --epochs 5 --batch-size 16 --eval-batch-size 64 --lr 2e-5 --class-weight-power 0.5 --label-smoothing 0.02 --loss focal --focal-gamma 2.0 --replay-mode last1 --max-replay-samples 10000 --replay-sample-weight 0.5 --tune-bias --keep-threshold 0.0 --tokenize-batch-size 1024 --no-research-log --max-length 192 --seed 43 --experiment-suffix m2_focal_len192_ep5_replay_last1_seed43 --notes 'M2 length x focal screen lane B: len192 seed43, recipe = canonical fixed baseline except loss=focal g2.0; judge by within-lane paired delta + explorer-cluster per-class F1'","M2 length x focal screen lane B: len192 seed43, recipe = canonical fixed baseline except loss=focal g2.0; judge by within-lane paired delta + explorer-cluster per-class F1",keep as GPU candidate
20260704_020008_gpu_transformer_session_current_v1_len448_replay-last1_m3_focal_len448_ep5_replay_last1_seed42_valmodel,torch_gpu_transformer,xlm-roberta-base,serialized prompt/action/workspace text,current_v1,session,42,,448,5,2e-05,16,0.5,0.02,last1,10000,0.740875,0.747636,0.748091,0.748091,list_directory:0.4596;read_file:0.5656;grep_search:0.6146;ask_user:0.6326;glob_pattern:0.6399,"[[497, ""grep_search"", ""read_file""], [363, ""read_file"", ""list_directory""], [281, ""read_file"", ""grep_search""], [278, ""grep_search"", ""list_directory""], [239, ""list_directory"", ""read_file""], [202, ""glob_pattern"", ""read_file""], [163, ""ask_user"", ""plan_task""], [145, ""glob_pattern"", ""list_directory""]]","{""apply_patch"": 950, ""ask_user"": 466, ""edit_file"": 2228, ""glob_pattern"": 818, ""grep_search"": 1577, ""lint_or_typecheck"": 420, ""list_directory"": 1294, ""plan_task"": 600, ""read_file"": 2065, ""respond_only"": 1051, ""run_bash"": 970, ""run_tests"": 974, ""web_search"": 285, ""write_file"": 303}",,experiments/logits/20260704_020008_gpu_transformer_session_current_v1_len448_replay-last1_m3_focal_len448_ep5_replay_last1_seed42_valmodel_val_logits.pt,,,1444.186,551.499,"train_transformer.py --device cuda --split session --base-model xlm-roberta-base --serializer current_v1 --max-length 448 --epochs 5 --batch-size 16 --eval-batch-size 64 --lr 2e-5 --class-weight-power 0.5 --label-smoothing 0.02 --loss focal --focal-gamma 2.0 --replay-mode last1 --max-replay-samples 10000 --replay-sample-weight 0.5 --tune-bias --keep-threshold 0.0 --tokenize-batch-size 1024 --no-research-log --seed 42 --save-val-model --save-fp16 --output-dir /content/drive/MyDrive/AADP_exchange/models/m3_focal_len448_valmodel_seed42 --experiment-suffix m3_focal_len448_ep5_replay_last1_seed42_valmodel --notes 'M3 first Public-gated loop: len448 focal g2.0 fixed screen, val-split weights saved straight to Drive for encoder-only package; first Public read of the length hypothesis'","M3 first Public-gated loop: len448 focal g2.0 fixed screen, val-split weights saved straight to Drive for encoder-only package; first Public read of the length hypothesis",keep as GPU candidate
20260704_022905_gpu_transformer_session_current_v1_len448_replay-last1_m3_focal_len448_ep5_replay_last1_seed43_valmodel,torch_gpu_transformer,xlm-roberta-base,serialized prompt/action/workspace text,current_v1,session,43,,448,5,2e-05,16,0.5,0.02,last1,10000,0.728030,0.733767,0.735075,0.735075,list_directory:0.4987;read_file:0.5689;web_search:0.6039;grep_search:0.6051;ask_user:0.6091,"[[588, ""grep_search"", ""read_file""], [416, ""read_file"", ""list_directory""], [274, ""grep_search"", ""list_directory""], [210, ""list_directory"", ""read_file""], [201, ""read_file"", ""grep_search""], [184, ""glob_pattern"", ""read_file""], [156, ""glob_pattern"", ""list_directory""], [135, ""run_bash"", ""run_tests""]]","{""apply_patch"": 984, ""ask_user"": 498, ""edit_file"": 2248, ""glob_pattern"": 852, ""grep_search"": 1346, ""lint_or_typecheck"": 495, ""list_directory"": 1445, ""plan_task"": 478, ""read_file"": 2137, ""respond_only"": 1040, ""run_bash"": 907, ""run_tests"": 889, ""web_search"": 390, ""write_file"": 292}",,experiments/logits/20260704_022905_gpu_transformer_session_current_v1_len448_replay-last1_m3_focal_len448_ep5_replay_last1_seed43_valmodel_val_logits.pt,,,1406.657,551.499,train_transformer.py --device cuda --split session --base-model xlm-roberta-base --serializer current_v1 --max-length 448 --epochs 5 --batch-size 16 --eval-batch-size 64 --lr 2e-5 --class-weight-power 0.5 --label-smoothing 0.02 --loss focal --focal-gamma 2.0 --replay-mode last1 --max-replay-samples 10000 --replay-sample-weight 0.5 --tune-bias --keep-threshold 0.0 --tokenize-batch-size 1024 --no-research-log --seed 43 --save-val-model --save-fp16 --output-dir /content/drive/MyDrive/AADP_exchange/models/m3_focal_len448_valmodel_seed43 --experiment-suffix m3_focal_len448_ep5_replay_last1_seed43_valmodel --notes 'M3 seed replicate: len448 focal g2.0 seed43 with val-model weights; paired Public read vs seed42 prices Public-level seed noise',M3 seed replicate: len448 focal g2.0 seed43 with val-model weights; paired Public read vs seed42 prices Public-level seed noise,keep as GPU candidate
20260704_025402_gpu_transformer_session_current_v1_len192_replay-last1_m3_focal_len192_ep5_replay_last1_seed42_valmodel,torch_gpu_transformer,xlm-roberta-base,serialized prompt/action/workspace text,current_v1,session,42,,192,5,2e-05,16,0.5,0.02,last1,10000,0.734845,0.744016,0.744716,0.744716,list_directory:0.4758;read_file:0.5596;grep_search:0.5971;glob_pattern:0.6267;ask_user:0.6286,"[[544, ""grep_search"", ""read_file""], [372, ""read_file"", ""list_directory""], [291, ""grep_search"", ""list_directory""], [279, ""read_file"", ""grep_search""], [220, ""glob_pattern"", ""read_file""], [217, ""list_directory"", ""read_file""], [203, ""ask_user"", ""plan_task""], [153, ""glob_pattern"", ""list_directory""]]","{""apply_patch"": 893, ""ask_user"": 409, ""edit_file"": 2289, ""glob_pattern"": 752, ""grep_search"": 1530, ""lint_or_typecheck"": 559, ""list_directory"": 1350, ""plan_task"": 691, ""read_file"": 2104, ""respond_only"": 1051, ""run_bash"": 949, ""run_tests"": 864, ""web_search"": 252, ""write_file"": 308}",,experiments/logits/20260704_025402_gpu_transformer_session_current_v1_len192_replay-last1_m3_focal_len192_ep5_replay_last1_seed42_valmodel_val_logits.pt,,,1323.206,551.499,"train_transformer.py --device cuda --split session --base-model xlm-roberta-base --serializer current_v1 --max-length 192 --epochs 5 --batch-size 16 --eval-batch-size 64 --lr 2e-5 --class-weight-power 0.5 --label-smoothing 0.02 --loss focal --focal-gamma 2.0 --replay-mode last1 --max-replay-samples 10000 --replay-sample-weight 0.5 --tune-bias --keep-threshold 0.0 --tokenize-batch-size 1024 --no-research-log --seed 42 --save-val-model --save-fp16 --output-dir /content/drive/MyDrive/AADP_exchange/models/m3_focal_len192_valmodel_seed42 --experiment-suffix m3_focal_len192_ep5_replay_last1_seed42_valmodel --notes 'M3 length pair anchor: len192 focal g2.0 seed42 val-model, identical to the len448 arms except max-length; Public delta vs len448 isolates the length effect at the decision level'","M3 length pair anchor: len192 focal g2.0 seed42 val-model, identical to the len448 arms except max-length; Public delta vs len448 isolates the length effect at the decision level",keep as GPU candidate
20260704_valtune_rules_m3_base448_s42,torch_gpu_transformer_oof_rule_boost,,OOF logits + deterministic sample/logit rule boosts,,session_oof,,oof,,,,,,,,,0.748091,0.759522,,0.759522,list_directory:0.4608;read_file:0.5723;grep_search:0.6271;glob_pattern:0.6395;lint_or_typecheck:0.6628,"[[447, ""grep_search"", ""read_file""], [362, ""read_file"", ""list_directory""], [294, ""read_file"", ""grep_search""], [280, ""grep_search"", ""list_directory""], [227, ""list_directory"", ""read_file""], [187, ""glob_pattern"", ""read_file""], [148, ""glob_pattern"", ""list_directory""], [135, ""ask_user"", ""plan_task""]]","{""apply_patch"": 950, ""ask_user"": 502, ""edit_file"": 2228, ""glob_pattern"": 819, ""grep_search"": 1657, ""lint_or_typecheck"": 434, ""list_directory"": 1301, ""plan_task"": 559, ""read_file"": 1977, ""respond_only"": 1051, ""run_bash"": 998, ""run_tests"": 932, ""web_search"": 290, ""write_file"": 303}",experiments/artifacts/20260704_valtune_rules_m3_base448_s42_rule_boosts.json,experiments/logits/20260704_020008_gpu_transformer_session_current_v1_len448_replay-last1_m3_focal_len448_ep5_replay_last1_seed42_valmodel_val_logits.pt,,,,,,,rule boost diagnostic complete
20260704_valtune_sparse_m3_base448_s42,tfidf_linearsvc_oof_ensemble,,OOF transformer logits + fold-aware TF-IDF LinearSVC scores,current_v1,session_oof,,oof,,,,,,,,,0.759499,0.759534,0.760013,0.760013,list_directory:0.4688;read_file:0.5818;grep_search:0.6148;glob_pattern:0.6376;lint_or_typecheck:0.6706,"[[505, ""grep_search"", ""read_file""], [363, ""read_file"", ""list_directory""], [297, ""grep_search"", ""list_directory""], [238, ""read_file"", ""grep_search""], [232, ""list_directory"", ""read_file""], [200, ""glob_pattern"", ""read_file""], [155, ""glob_pattern"", ""list_directory""], [134, ""ask_user"", ""plan_task""]]","{""apply_patch"": 959, ""ask_user"": 498, ""edit_file"": 2217, ""glob_pattern"": 812, ""grep_search"": 1485, ""lint_or_typecheck"": 406, ""list_directory"": 1345, ""plan_task"": 562, ""read_file"": 2110, ""respond_only"": 1051, ""run_bash"": 1015, ""run_tests"": 944, ""web_search"": 291, ""write_file"": 306}",experiments/artifacts/20260704_valtune_sparse_m3_base448_s42_sparse_svc.json,experiments/logits/20260704_valtune_sparse_m3_base448_s42_sparse_oof_logits.pt,,,,,,,sparse svc oof ensemble diagnostic complete
20260704_050057_gpu_transformer_session_current_v1_len448_replay-last1_m4_large_len448_focal_ep5_replay_last1_s42_valmo,torch_gpu_transformer,xlm-roberta-large,serialized prompt/action/workspace text,current_v1,session,42,,448,5,2e-05,8,0.5,0.02,last1,10000,0.751674,0.755312,0.756718,0.756718,list_directory:0.4736;read_file:0.5865;grep_search:0.6006;glob_pattern:0.6322;ask_user:0.6528,"[[585, ""grep_search"", ""read_file""], [335, ""read_file"", ""list_directory""], [284, ""grep_search"", ""list_directory""], [254, ""list_directory"", ""read_file""], [221, ""glob_pattern"", ""read_file""], [205, ""read_file"", ""grep_search""], [156, ""ask_user"", ""plan_task""], [154, ""glob_pattern"", ""list_directory""]]","{""apply_patch"": 971, ""ask_user"": 538, ""edit_file"": 2216, ""glob_pattern"": 768, ""grep_search"": 1373, ""lint_or_typecheck"": 446, ""list_directory"": 1293, ""plan_task"": 584, ""read_file"": 2290, ""respond_only"": 1052, ""run_bash"": 1009, ""run_tests"": 906, ""web_search"": 248, ""write_file"": 307}",,experiments/logits/20260704_050057_gpu_transformer_session_current_v1_len448_replay-last1_m4_large_len448_focal_ep5_replay_last1_s42_valmo_val_logits.pt,,,5116.449,1089.109,"train_transformer.py --device cuda --split session --base-model xlm-roberta-large --serializer current_v1 --max-length 448 --epochs 5 --batch-size 8 --eval-batch-size 64 --lr 2e-5 --class-weight-power 0.5 --label-smoothing 0.02 --loss focal --focal-gamma 2.0 --replay-mode last1 --max-replay-samples 10000 --replay-sample-weight 0.5 --tune-bias --keep-threshold 0.0 --tokenize-batch-size 1024 --no-research-log --seed 42 --save-val-model --save-fp16 --output-dir /content/drive/MyDrive/AADP_exchange/models/m4_large_len448_focal_s42 --experiment-suffix m4_large_len448_focal_ep5_replay_last1_s42_valmodel --notes 'M4 cut chase: xlm-r-large x len448 x focal g2.0 val-model (large canonical batch8 lr2e-5); untested high-EV combo, full stack (int8+sparse+rules) packaged from this instance, Public decides'","M4 cut chase: xlm-r-large x len448 x focal g2.0 val-model (large canonical batch8 lr2e-5); untested high-EV combo, full stack (int8+sparse+rules) packaged from this instance, Public decides",keep as GPU candidate
20260704_valtune_rules_m4_large448_s42,torch_gpu_transformer_oof_rule_boost,,OOF logits + deterministic sample/logit rule boosts,,session_oof,,oof,,,,,,,,,0.756718,0.767660,,0.767660,list_directory:0.4740;read_file:0.5837;grep_search:0.6152;glob_pattern:0.6313;ask_user:0.6899,"[[514, ""grep_search"", ""read_file""], [334, ""read_file"", ""list_directory""], [283, ""grep_search"", ""list_directory""], [259, ""read_file"", ""grep_search""], [238, ""list_directory"", ""read_file""], [205, ""glob_pattern"", ""read_file""], [154, ""glob_pattern"", ""list_directory""], [150, ""ask_user"", ""plan_task""]]","{""apply_patch"": 971, ""ask_user"": 490, ""edit_file"": 2215, ""glob_pattern"": 761, ""grep_search"": 1538, ""lint_or_typecheck"": 426, ""list_directory"": 1291, ""plan_task"": 614, ""read_file"": 2135, ""respond_only"": 1052, ""run_bash"": 1034, ""run_tests"": 902, ""web_search"": 265, ""write_file"": 307}",experiments/artifacts/20260704_valtune_rules_m4_large448_s42_rule_boosts.json,experiments/logits/20260704_050057_gpu_transformer_session_current_v1_len448_replay-last1_m4_large_len448_focal_ep5_replay_last1_s42_valmo_val_logits.pt,,,,,,,rule boost diagnostic complete
20260704_valtune_rules_ens448_s42,torch_gpu_transformer_oof_rule_boost,,OOF logits + deterministic sample/logit rule boosts,,session_oof,,oof,,,,,,,,,0.760109,0.771038,,0.771038,list_directory:0.4791;read_file:0.5898;grep_search:0.6189;glob_pattern:0.6380;ask_user:0.7033,"[[527, ""grep_search"", ""read_file""], [337, ""read_file"", ""list_directory""], [278, ""grep_search"", ""list_directory""], [249, ""list_directory"", ""read_file""], [215, ""read_file"", ""grep_search""], [204, ""glob_pattern"", ""read_file""], [154, ""glob_pattern"", ""list_directory""], [129, ""ask_user"", ""plan_task""]]","{""apply_patch"": 963, ""ask_user"": 538, ""edit_file"": 2223, ""glob_pattern"": 836, ""grep_search"": 1404, ""lint_or_typecheck"": 423, ""list_directory"": 1293, ""plan_task"": 560, ""read_file"": 2182, ""respond_only"": 1051, ""run_bash"": 1009, ""run_tests"": 939, ""web_search"": 272, ""write_file"": 308}",experiments/artifacts/20260704_valtune_rules_ens448_s42_rule_boosts.json,experiments/logits/20260704_ens448_base_large_s42_w50_val_logits.pt,,,,,,,rule boost diagnostic complete
20260704_121323_gpu_transformer_session_current_v1_len448_replay-last1_m6_qwen05b_len448_focal_s42,torch_gpu_transformer,Qwen/Qwen2.5-0.5B-Instruct,serialized prompt/action/workspace text,current_v1,session,42,,448,5,2e-05,16,0.5,0.02,last1,10000,0.736476,0.742773,0.743237,0.743237,list_directory:0.4232;read_file:0.5602;glob_pattern:0.5662;grep_search:0.5927;ask_user:0.6143,"[[390, ""grep_search"", ""read_file""], [372, ""read_file"", ""grep_search""], [351, ""read_file"", ""list_directory""], [310, ""grep_search"", ""list_directory""], [204, ""ask_user"", ""plan_task""], [194, ""glob_pattern"", ""list_directory""], [180, ""list_directory"", ""read_file""], [163, ""glob_pattern"", ""grep_search""]]","{""apply_patch"": 950, ""ask_user"": 409, ""edit_file"": 2236, ""glob_pattern"": 849, ""grep_search"": 1822, ""lint_or_typecheck"": 357, ""list_directory"": 1325, ""plan_task"": 663, ""read_file"": 1753, ""respond_only"": 1052, ""run_bash"": 1065, ""run_tests"": 947, ""web_search"": 269, ""write_file"": 304}",,experiments/logits/20260704_121323_gpu_transformer_session_current_v1_len448_replay-last1_m6_qwen05b_len448_focal_s42_val_logits.pt,,,2159.428,957.493,"train_transformer.py --base-model Qwen/Qwen2.5-0.5B-Instruct --lr 2e-5 --device cuda --split session --serializer current_v1 --max-length 448 --epochs 5 --batch-size 16 --eval-batch-size 64 --class-weight-power 0.5 --label-smoothing 0.02 --loss focal --focal-gamma 2.0 --replay-mode last1 --max-replay-samples 10000 --replay-sample-weight 0.5 --tune-bias --keep-threshold 0.0 --tokenize-batch-size 1024 --no-research-log --seed 42 --save-val-model --save-fp16 --epoch-checkpoint-dir /content/drive/MyDrive/AADP_exchange/models/m6_qwen05b_len448_focal_s42_ckpt --output-dir /content/drive/MyDrive/AADP_exchange/models/m6_qwen05b_len448_focal_s42 --experiment-suffix m6_qwen05b_len448_focal_s42 --notes 'M6 decoder arm FULL 5-epoch rerun (ep3 salvage hit fixed 2stage 0.7742, champion +0.0175); champion recipe, L4 lane A'","M6 decoder arm FULL 5-epoch rerun (ep3 salvage hit fixed 2stage 0.7742, champion +0.0175); champion recipe, L4 lane A",keep as GPU candidate
20260704_123911_gpu_transformer_session_current_v1_len448_replay-last1_m6_qwen05b_len448_focal_ep3only_s42,torch_gpu_transformer,Qwen/Qwen2.5-0.5B-Instruct,serialized prompt/action/workspace text,current_v1,session,42,,448,3,2e-05,16,0.5,0.02,last1,10000,0.750945,0.757809,0.759679,0.759679,list_directory:0.4693;read_file:0.5919;grep_search:0.6186;glob_pattern:0.6282;ask_user:0.6490,"[[511, ""grep_search"", ""read_file""], [329, ""read_file"", ""list_directory""], [281, ""grep_search"", ""list_directory""], [245, ""read_file"", ""grep_search""], [231, ""list_directory"", ""read_file""], [207, ""glob_pattern"", ""read_file""], [165, ""ask_user"", ""plan_task""], [159, ""glob_pattern"", ""list_directory""]]","{""apply_patch"": 941, ""ask_user"": 526, ""edit_file"": 2246, ""glob_pattern"": 770, ""grep_search"": 1535, ""lint_or_typecheck"": 445, ""list_directory"": 1283, ""plan_task"": 591, ""read_file"": 2157, ""respond_only"": 1051, ""run_bash"": 1017, ""run_tests"": 904, ""web_search"": 228, ""write_file"": 307}",,experiments/logits/20260704_123911_gpu_transformer_session_current_v1_len448_replay-last1_m6_qwen05b_len448_focal_ep3only_s42_val_logits.pt,,,1293.496,957.493,train_transformer.py --base-model Qwen/Qwen2.5-0.5B-Instruct --lr 2e-5 --device cuda --split session --serializer current_v1 --max-length 448 --epochs 3 --batch-size 16 --eval-batch-size 64 --class-weight-power 0.5 --label-smoothing 0.02 --loss focal --focal-gamma 2.0 --replay-mode last1 --max-replay-samples 10000 --replay-sample-weight 0.5 --tune-bias --keep-threshold 0.0 --tokenize-batch-size 1024 --no-research-log --seed 42 --save-val-model --save-fp16 --epoch-checkpoint-dir /content/drive/MyDrive/AADP_exchange/models/m6_qwen05b_len448_focal_ep3only_s42_ckpt --output-dir /content/drive/MyDrive/AADP_exchange/models/m6_qwen05b_len448_focal_ep3only_s42 --experiment-suffix m6_qwen05b_len448_focal_ep3only_s42 --notes 'M6 EP3 hypothesis test: fresh Qwen instance at 3 epochs - ep3 salvage hit fixed 2stage 0.7742 while a full 5-epoch instance fell to 0.7432; if this lands ~0.77 the decoder peaks at 3 epochs',M6 EP3 hypothesis test: fresh Qwen instance at 3 epochs - ep3 salvage hit fixed 2stage 0.7742 while a full 5-epoch instance fell to 0.7432; if this lands ~0.77 the decoder peaks at 3 epochs,keep as GPU candidate
20260704_131018_gpu_transformer_session_current_v1_len448_replay-last1_m6_qwen05b_ep3_refit,torch_gpu_transformer_final_refit,Qwen/Qwen2.5-0.5B-Instruct,serialized prompt/action/workspace text,current_v1,final_refit,42,,448,3,2e-05,16,0.5,0.02,last1,10000,,,,0.000000,,,,/content/drive/MyDrive/AADP_exchange/models/m6_qwen05b_ep3_refit,,,,1551.710,957.493,train_transformer.py --base-model Qwen/Qwen2.5-0.5B-Instruct --lr 2e-5 --device cuda --split session --serializer current_v1 --max-length 448 --epochs 3 --batch-size 16 --eval-batch-size 64 --class-weight-power 0.5 --label-smoothing 0.02 --loss focal --focal-gamma 2.0 --replay-mode last1 --max-replay-samples 10000 --replay-sample-weight 0.5 --tune-bias --keep-threshold 0.0 --tokenize-batch-size 1024 --no-research-log --seed 42 --save-fp16 --epoch-checkpoint-dir /content/drive/MyDrive/AADP_exchange/models/m6_qwen05b_ep3_refit_ckpt --output-dir /content/drive/MyDrive/AADP_exchange/models/m6_qwen05b_ep3_refit --experiment-suffix m6_qwen05b_ep3_refit --notes 'M6 decoder refit: Qwen2.5-0.5B ep3 FULL-DATA refit (teammate-proven refit lever applied to the decoder peak-epoch recipe); bias injected at packaging from the ep3only val instance' --final-model --final-only,M6 decoder refit: Qwen2.5-0.5B ep3 FULL-DATA refit (teammate-proven refit lever applied to the decoder peak-epoch recipe); bias injected at packaging from the ep3only val instance,final transformer refit complete; requires sparse artifact and package smoke test
20260704_132827_gpu_transformer_session_current_v1_len448_replay-last1_m6_deberta_en_len448_focal_s42,torch_gpu_transformer,microsoft/deberta-v3-base,serialized prompt/action/workspace text,current_v1,session,42,,448,5,2e-05,16,0.5,0.02,last1,10000,0.741593,0.745626,0.746753,0.746753,list_directory:0.4801;read_file:0.5651;web_search:0.5910;grep_search:0.6061;ask_user:0.6368,"[[522, ""grep_search"", ""read_file""], [447, ""read_file"", ""list_directory""], [329, ""grep_search"", ""list_directory""], [215, ""read_file"", ""grep_search""], [188, ""list_directory"", ""read_file""], [185, ""glob_pattern"", ""list_directory""], [181, ""glob_pattern"", ""read_file""], [136, ""ask_user"", ""plan_task""]]","{""apply_patch"": 968, ""ask_user"": 456, ""edit_file"": 2225, ""glob_pattern"": 811, ""grep_search"": 1376, ""lint_or_typecheck"": 407, ""list_directory"": 1551, ""plan_task"": 552, ""read_file"": 1994, ""respond_only"": 1050, ""run_bash"": 1049, ""run_tests"": 915, ""web_search"": 340, ""write_file"": 307}",,experiments/logits/20260704_132827_gpu_transformer_session_current_v1_len448_replay-last1_m6_deberta_en_len448_focal_s42_val_logits.pt,,,7465.601,362.411,"train_transformer.py --base-model microsoft/deberta-v3-base --lr 2e-5 --device cuda --split session --serializer current_v1 --max-length 448 --epochs 5 --batch-size 16 --eval-batch-size 64 --class-weight-power 0.5 --label-smoothing 0.02 --loss focal --focal-gamma 2.0 --replay-mode last1 --max-replay-samples 10000 --replay-sample-weight 0.5 --tune-bias --keep-threshold 0.0 --tokenize-batch-size 1024 --no-research-log --seed 42 --save-val-model --save-fp16 --epoch-checkpoint-dir /content/drive/MyDrive/AADP_exchange_b/models/m6_deberta_en_len448_focal_s42_ckpt --output-dir /content/drive/MyDrive/AADP_exchange_b/models/m6_deberta_en_len448_focal_s42 --experiment-suffix m6_deberta_en_len448_focal_s42 --notes 'M6 English-encoder arm: deberta-v3-base (tokenizer gate mean 246.6 unk 0.20%), champion recipe, L4 lane B'","M6 English-encoder arm: deberta-v3-base (tokenizer gate mean 246.6 unk 0.20%), champion recipe, L4 lane B",keep as GPU candidate
20260704_141516_gpu_transformer_session_current_v1_len416_replay-last1_m7_qwen3_06b_len416_focal_ep3_s42,torch_gpu_transformer,Qwen/Qwen3-0.6B,serialized prompt/action/workspace text,current_v1,session,42,,416,3,2e-05,16,0.5,0.02,last1,10000,0.763701,0.770164,0.770875,0.770875,list_directory:0.4760;grep_search:0.5968;read_file:0.6074;glob_pattern:0.6433;ask_user:0.6610,"[[596, ""grep_search"", ""read_file""], [289, ""read_file"", ""list_directory""], [261, ""grep_search"", ""list_directory""], [233, ""list_directory"", ""read_file""], [207, ""glob_pattern"", ""read_file""], [193, ""read_file"", ""grep_search""], [172, ""ask_user"", ""plan_task""], [135, ""glob_pattern"", ""list_directory""]]","{""apply_patch"": 967, ""ask_user"": 488, ""edit_file"": 2219, ""glob_pattern"": 839, ""grep_search"": 1404, ""lint_or_typecheck"": 369, ""list_directory"": 1177, ""plan_task"": 629, ""read_file"": 2318, ""respond_only"": 1050, ""run_bash"": 1056, ""run_tests"": 944, ""web_search"": 239, ""write_file"": 302}",,experiments/logits/20260704_141516_gpu_transformer_session_current_v1_len416_replay-last1_m7_qwen3_06b_len416_focal_ep3_s42_val_logits.pt,,,2041.236,1152.085,"train_transformer.py --base-model Qwen/Qwen3-0.6B --lr 2e-5 --device cuda --split session --serializer current_v1 --max-length 416 --epochs 3 --batch-size 16 --eval-batch-size 64 --class-weight-power 0.5 --label-smoothing 0.02 --loss focal --focal-gamma 2.0 --replay-mode last1 --max-replay-samples 10000 --replay-sample-weight 0.5 --tune-bias --keep-threshold 0.0 --tokenize-batch-size 1024 --no-research-log --seed 42 --save-val-model --save-fp16 --epoch-checkpoint-dir /content/drive/MyDrive/AADP_exchange/models/m7_qwen3_06b_len416_focal_ep3_s42_ckpt --output-dir /content/drive/MyDrive/AADP_exchange/models/m7_qwen3_06b_len416_focal_ep3_s42 --experiment-suffix m7_qwen3_06b_len416_focal_ep3_s42 --notes 'M7 escalation rung 1: Qwen3-0.6B ep3 len416 (zero truncation, max token 409) val screen; VM transformers 4.51.3; compare vs Qwen2.5-0.5B ep3 raw 0.7474/0.7509'","M7 escalation rung 1: Qwen3-0.6B ep3 len416 (zero truncation, max token 409) val screen; VM transformers 4.51.3; compare vs Qwen2.5-0.5B ep3 raw 0.7474/0.7509",keep as GPU candidate
20260704_145055_gpu_transformer_session_oof_current_v1_len416_fold0-of3_replay-last1_m7_qwen3_oof_len416_ep3_fold0,torch_gpu_transformer,Qwen/Qwen3-0.6B,serialized prompt/action/workspace text,current_v1,session_oof_fold0_of3,42,0/3,416,3,2e-05,16,0.5,0.02,last1,10000,0.751662,0.755946,0.756480,0.756480,list_directory:0.4674;read_file:0.5762;grep_search:0.6086;ask_user:0.6333;plan_task:0.6584,"[[772, ""grep_search"", ""read_file""], [611, ""read_file"", ""list_directory""], [547, ""read_file"", ""grep_search""], [491, ""grep_search"", ""list_directory""], [273, ""list_directory"", ""read_file""], [270, ""glob_pattern"", ""list_directory""], [252, ""plan_task"", ""ask_user""], [242, ""glob_pattern"", ""read_file""]]","{""apply_patch"": 1650, ""ask_user"": 877, ""edit_file"": 3698, ""glob_pattern"": 1405, ""grep_search"": 2854, ""lint_or_typecheck"": 670, ""list_directory"": 2241, ""plan_task"": 878, ""read_file"": 3082, ""respond_only"": 1726, ""run_bash"": 1694, ""run_tests"": 1621, ""web_search"": 441, ""write_file"": 497}",,experiments/logits/20260704_145055_gpu_transformer_session_oof_current_v1_len416_fold0-of3_replay-last1_m7_qwen3_oof_len416_ep3_fold0_val_logits.pt,,,1776.566,0.000,train_transformer.py --base-model Qwen/Qwen3-0.6B --lr 2e-5 --device cuda --split session_oof --n-folds 3 --fold-id 0 --serializer current_v1 --max-length 416 --epochs 3 --batch-size 16 --eval-batch-size 64 --class-weight-power 0.5 --label-smoothing 0.02 --loss focal --focal-gamma 2.0 --replay-mode last1 --max-replay-samples 10000 --replay-sample-weight 0.5 --tune-bias --keep-threshold 0.0 --tokenize-batch-size 1024 --no-research-log --seed 42 --save-fp16 --output-dir /content/drive/MyDrive/AADP_exchange/models/m7_qwen3_oof_len416_ep3_fold0 --experiment-suffix m7_qwen3_oof_len416_ep3_fold0 --notes 'M7 Qwen3-0.6B OOF fold 0/3 (ep3 len416): proper bias/rules tuning logits for the decoder finalist',M7 Qwen3-0.6B OOF fold 0/3 (ep3 len416): proper bias/rules tuning logits for the decoder finalist,oof fold complete; aggregate before decision
20260704_152344_gpu_transformer_session_oof_current_v1_len416_fold1-of3_replay-last1_m7_qwen3_oof_len416_ep3_fold1,torch_gpu_transformer,Qwen/Qwen3-0.6B,serialized prompt/action/workspace text,current_v1,session_oof_fold1_of3,42,1/3,416,3,2e-05,16,0.5,0.02,last1,10000,0.759667,0.763863,0.764568,0.764568,list_directory:0.4891;read_file:0.6045;ask_user:0.6119;grep_search:0.6134;glob_pattern:0.6724,"[[912, ""grep_search"", ""read_file""], [612, ""read_file"", ""list_directory""], [526, ""grep_search"", ""list_directory""], [352, ""read_file"", ""grep_search""], [330, ""ask_user"", ""plan_task""], [318, ""list_directory"", ""read_file""], [296, ""glob_pattern"", ""read_file""], [284, ""glob_pattern"", ""list_directory""]]","{""apply_patch"": 1646, ""ask_user"": 682, ""edit_file"": 3697, ""glob_pattern"": 1285, ""grep_search"": 2402, ""lint_or_typecheck"": 730, ""list_directory"": 2360, ""plan_task"": 1071, ""read_file"": 3548, ""respond_only"": 1727, ""run_bash"": 1732, ""run_tests"": 1503, ""web_search"": 450, ""write_file"": 500}",,experiments/logits/20260704_152344_gpu_transformer_session_oof_current_v1_len416_fold1-of3_replay-last1_m7_qwen3_oof_len416_ep3_fold1_val_logits.pt,,,1775.803,0.000,train_transformer.py --base-model Qwen/Qwen3-0.6B --lr 2e-5 --device cuda --split session_oof --n-folds 3 --fold-id 1 --serializer current_v1 --max-length 416 --epochs 3 --batch-size 16 --eval-batch-size 64 --class-weight-power 0.5 --label-smoothing 0.02 --loss focal --focal-gamma 2.0 --replay-mode last1 --max-replay-samples 10000 --replay-sample-weight 0.5 --tune-bias --keep-threshold 0.0 --tokenize-batch-size 1024 --no-research-log --seed 42 --save-fp16 --output-dir /content/drive/MyDrive/AADP_exchange/models/m7_qwen3_oof_len416_ep3_fold1 --experiment-suffix m7_qwen3_oof_len416_ep3_fold1 --notes 'M7 Qwen3-0.6B OOF fold 1/3 (ep3 len416): proper bias/rules tuning logits for the decoder finalist',M7 Qwen3-0.6B OOF fold 1/3 (ep3 len416): proper bias/rules tuning logits for the decoder finalist,oof fold complete; aggregate before decision
20260704_155701_gpu_transformer_session_oof_current_v1_len416_fold2-of3_replay-last1_m7_qwen3_oof_len416_ep3_fold2,torch_gpu_transformer,Qwen/Qwen3-0.6B,serialized prompt/action/workspace text,current_v1,session_oof_fold2_of3,42,2/3,416,3,2e-05,16,0.5,0.02,last1,10000,0.756359,0.758077,0.758597,0.758597,list_directory:0.4764;read_file:0.5909;grep_search:0.6069;glob_pattern:0.6399;ask_user:0.6427,"[[891, ""grep_search"", ""read_file""], [652, ""read_file"", ""list_directory""], [534, ""grep_search"", ""list_directory""], [346, ""read_file"", ""grep_search""], [318, ""list_directory"", ""read_file""], [291, ""glob_pattern"", ""read_file""], [291, ""glob_pattern"", ""list_directory""], [264, ""ask_user"", ""plan_task""]]","{""apply_patch"": 1598, ""ask_user"": 849, ""edit_file"": 3737, ""glob_pattern"": 1383, ""grep_search"": 2367, ""lint_or_typecheck"": 593, ""list_directory"": 2407, ""plan_task"": 920, ""read_file"": 3464, ""respond_only"": 1725, ""run_bash"": 1686, ""run_tests"": 1664, ""web_search"": 446, ""write_file"": 494}",,experiments/logits/20260704_155701_gpu_transformer_session_oof_current_v1_len416_fold2-of3_replay-last1_m7_qwen3_oof_len416_ep3_fold2_val_logits.pt,,,1773.811,0.000,train_transformer.py --base-model Qwen/Qwen3-0.6B --lr 2e-5 --device cuda --split session_oof --n-folds 3 --fold-id 2 --serializer current_v1 --max-length 416 --epochs 3 --batch-size 16 --eval-batch-size 64 --class-weight-power 0.5 --label-smoothing 0.02 --loss focal --focal-gamma 2.0 --replay-mode last1 --max-replay-samples 10000 --replay-sample-weight 0.5 --tune-bias --keep-threshold 0.0 --tokenize-batch-size 1024 --no-research-log --seed 42 --save-fp16 --output-dir /content/drive/MyDrive/AADP_exchange/models/m7_qwen3_oof_len416_ep3_fold2 --experiment-suffix m7_qwen3_oof_len416_ep3_fold2 --notes 'M7 Qwen3-0.6B OOF fold 2/3 (ep3 len416): proper bias/rules tuning logits for the decoder finalist',M7 Qwen3-0.6B OOF fold 2/3 (ep3 len416): proper bias/rules tuning logits for the decoder finalist,oof fold complete; aggregate before decision
m7_qwen3_oof_len416_ep3,torch_gpu_transformer_oof,,serialized prompt/action/workspace text,,session_oof,,oof,,,,,,,,,0.755929,0.758123,0.758499,0.758499,list_directory:0.4782;read_file:0.5719;grep_search:0.6231;ask_user:0.6294;glob_pattern:0.6578,"[[2039, ""grep_search"", ""read_file""], [1886, ""read_file"", ""grep_search""], [1816, ""read_file"", ""list_directory""], [1491, ""grep_search"", ""list_directory""], [824, ""ask_user"", ""plan_task""], [824, ""glob_pattern"", ""list_directory""], [788, ""list_directory"", ""read_file""], [692, ""glob_pattern"", ""read_file""]]","{""apply_patch"": 4851, ""ask_user"": 2485, ""edit_file"": 11162, ""glob_pattern"": 4038, ""grep_search"": 9219, ""lint_or_typecheck"": 2118, ""list_directory"": 6826, ""plan_task"": 2841, ""read_file"": 8721, ""respond_only"": 5177, ""run_bash"": 5019, ""run_tests"": 4755, ""web_search"": 1293, ""write_file"": 1495}",,experiments/logits/20260704_145055_gpu_transformer_session_oof_current_v1_len416_fold0-of3_replay-last1_m7_qwen3_oof_len416_ep3_fold0_val_logits.pt;experiments/logits/20260704_152344_gpu_transformer_session_oof_current_v1_len416_fold1-of3_replay-last1_m7_qwen3_oof_len416_ep3_fold1_val_logits.pt;experiments/logits/20260704_155701_gpu_transformer_session_oof_current_v1_len416_fold2-of3_replay-last1_m7_qwen3_oof_len416_ep3_fold2_val_logits.pt,,,,,,"M7 Qwen3-0.6B OOF aggregation (3 folds, len416, ep3) for refit bias/rules injection",oof aggregate complete
m7_qwen3_oof_len416_ep3_rules,torch_gpu_transformer_oof_rule_boost,,OOF logits + deterministic sample/logit rule boosts,,session_oof,,oof,,,,,,,,,0.758499,0.767129,,0.767129,list_directory:0.4976;read_file:0.5842;grep_search:0.6218;glob_pattern:0.6585;ask_user:0.6604,"[[2361, ""grep_search"", ""read_file""], [1687, ""read_file"", ""list_directory""], [1653, ""read_file"", ""grep_search""], [1392, ""grep_search"", ""list_directory""], [868, ""list_directory"", ""read_file""], [813, ""glob_pattern"", ""read_file""], [786, ""glob_pattern"", ""list_directory""], [738, ""ask_user"", ""plan_task""]]","{""apply_patch"": 4851, ""ask_user"": 2547, ""edit_file"": 11160, ""glob_pattern"": 4010, ""grep_search"": 8564, ""lint_or_typecheck"": 2202, ""list_directory"": 6623, ""plan_task"": 2820, ""read_file"": 9613, ""respond_only"": 5177, ""run_bash"": 4821, ""run_tests"": 4859, ""web_search"": 1258, ""write_file"": 1495}",experiments/artifacts/m7_qwen3_oof_len416_ep3_rules_rule_boosts.json,experiments/logits/20260704_145055_gpu_transformer_session_oof_current_v1_len416_fold0-of3_replay-last1_m7_qwen3_oof_len416_ep3_fold0_val_logits.pt;experiments/logits/20260704_152344_gpu_transformer_session_oof_current_v1_len416_fold1-of3_replay-last1_m7_qwen3_oof_len416_ep3_fold1_val_logits.pt;experiments/logits/20260704_155701_gpu_transformer_session_oof_current_v1_len416_fold2-of3_replay-last1_m7_qwen3_oof_len416_ep3_fold2_val_logits.pt,,,,,,M7 Qwen3-0.6B OOF rule-boost tuning for refit pack,rule boost diagnostic complete
20260704_164109_gpu_transformer_session_current_v1_len416_replay-last1_m7_qwen3_refit,torch_gpu_transformer_final_refit,Qwen/Qwen3-0.6B,serialized prompt/action/workspace text,current_v1,final_refit,42,,416,3,2e-05,16,0.5,0.02,last1,10000,,,,0.000000,,,,/content/drive/MyDrive/AADP_exchange/models/m7_qwen3_refit,,,,2422.076,1152.085,train_transformer.py --base-model Qwen/Qwen3-0.6B --lr 2e-5 --device cuda --split session --serializer current_v1 --max-length 416 --epochs 3 --batch-size 16 --eval-batch-size 64 --class-weight-power 0.5 --label-smoothing 0.02 --loss focal --focal-gamma 2.0 --replay-mode last1 --max-replay-samples 10000 --replay-sample-weight 0.5 --tune-bias --keep-threshold 0.0 --tokenize-batch-size 1024 --no-research-log --seed 42 --save-fp16 --epoch-checkpoint-dir /content/drive/MyDrive/AADP_exchange/models/m7_qwen3_refit_ckpt --output-dir /content/drive/MyDrive/AADP_exchange/models/m7_qwen3_refit --experiment-suffix m7_qwen3_refit --notes 'M7 Qwen3-0.6B ep3 len416 FULL-DATA refit: decoder finalist package leg; OOF bias/rules injected at packaging' --final-model --final-only,M7 Qwen3-0.6B ep3 len416 FULL-DATA refit: decoder finalist package leg; OOF bias/rules injected at packaging,final transformer refit complete; requires sparse artifact and package smoke test
20260704_173012_gpu_transformer_session_oof_current_v1_len384_fold0-of3_replay-last1_p2_oof_large384_focal_ep5_replay_last1_fold0,torch_gpu_transformer,xlm-roberta-large,serialized prompt/action/workspace text,current_v1,session_oof_fold0_of3,42,0/3,384,5,2e-05,4,0.5,0.02,last1,10000,0.757733,,,0.757733,list_directory:0.5065;read_file:0.5610;ask_user:0.6119;grep_search:0.6266;lint_or_typecheck:0.6498,"[[750, ""read_file"", ""grep_search""], [577, ""read_file"", ""list_directory""], [573, ""grep_search"", ""read_file""], [475, ""grep_search"", ""list_directory""], [305, ""ask_user"", ""plan_task""], [251, ""glob_pattern"", ""list_directory""], [234, ""list_directory"", ""grep_search""], [224, ""glob_pattern"", ""grep_search""]]","{""apply_patch"": 1642, ""ask_user"": 694, ""edit_file"": 3705, ""glob_pattern"": 1468, ""grep_search"": 3284, ""lint_or_typecheck"": 784, ""list_directory"": 2249, ""plan_task"": 1045, ""read_file"": 2586, ""respond_only"": 1728, ""run_bash"": 1647, ""run_tests"": 1534, ""web_search"": 469, ""write_file"": 499}",,experiments/logits/20260704_173012_gpu_transformer_session_oof_current_v1_len384_fold0-of3_replay-last1_p2_oof_large384_focal_ep5_replay_last1_fold0_val_logits.pt,,,9074.990,0.000,train_transformer.py --device cuda --split session_oof --n-folds 3 --base-model xlm-roberta-large --serializer current_v1 --max-length 384 --epochs 5 --batch-size 4 --grad-accum-steps 4 --eval-batch-size 64 --lr 2e-5 --class-weight-power 0.5 --label-smoothing 0.02 --loss focal --focal-gamma 2.0 --replay-mode last1 --max-replay-samples 10000 --replay-sample-weight 0.5 --gradient-checkpointing --keep-threshold 0.0 --tokenize-batch-size 1024 --no-research-log --seed 42 --fold-id 0 --epoch-checkpoint-dir /content/drive/MyDrive/AADP_exchange_b/models/p2_oof_large384_focal_ep5_replay_last1_fold0_ckpt --experiment-suffix p2_oof_large384_focal_ep5_replay_last1_fold0 --notes 'P2 team request: OOF fold 0/3 for the 0.7733 winning recipe (large len384 focal batch4xaccum4); logits for rules/bias/blend retuning and promotion judging',P2 team request: OOF fold 0/3 for the 0.7733 winning recipe (large len384 focal batch4xaccum4); logits for rules/bias/blend retuning and promotion judging,oof fold complete; aggregate before decision
20260704_200449_gpu_transformer_session_oof_current_v1_len384_fold1-of3_replay-last1_p2_oof_large384_focal_ep5_replay_last1_fold1,torch_gpu_transformer,xlm-roberta-large,serialized prompt/action/workspace text,current_v1,session_oof_fold1_of3,42,1/3,384,5,2e-05,4,0.5,0.02,last1,10000,0.733937,,,0.733937,list_directory:0.4569;read_file:0.5538;grep_search:0.5981;lint_or_typecheck:0.6149;web_search:0.6300,"[[856, ""grep_search"", ""read_file""], [589, ""read_file"", ""grep_search""], [509, ""read_file"", ""list_directory""], [421, ""grep_search"", ""list_directory""], [348, ""list_directory"", ""read_file""], [267, ""glob_pattern"", ""read_file""], [231, ""plan_task"", ""ask_user""], [223, ""ask_user"", ""plan_task""]]","{""apply_patch"": 1693, ""ask_user"": 868, ""edit_file"": 3654, ""glob_pattern"": 1622, ""grep_search"": 2785, ""lint_or_typecheck"": 771, ""list_directory"": 1923, ""plan_task"": 879, ""read_file"": 3241, ""respond_only"": 1726, ""run_bash"": 1600, ""run_tests"": 1596, ""web_search"": 468, ""write_file"": 507}",,experiments/logits/20260704_200449_gpu_transformer_session_oof_current_v1_len384_fold1-of3_replay-last1_p2_oof_large384_focal_ep5_replay_last1_fold1_val_logits.pt,,,9078.343,0.000,train_transformer.py --device cuda --split session_oof --n-folds 3 --base-model xlm-roberta-large --serializer current_v1 --max-length 384 --epochs 5 --batch-size 4 --grad-accum-steps 4 --eval-batch-size 64 --lr 2e-5 --class-weight-power 0.5 --label-smoothing 0.02 --loss focal --focal-gamma 2.0 --replay-mode last1 --max-replay-samples 10000 --replay-sample-weight 0.5 --gradient-checkpointing --keep-threshold 0.0 --tokenize-batch-size 1024 --no-research-log --seed 42 --fold-id 1 --epoch-checkpoint-dir /content/drive/MyDrive/AADP_exchange_b/models/p2_oof_large384_focal_ep5_replay_last1_fold1_ckpt --experiment-suffix p2_oof_large384_focal_ep5_replay_last1_fold1 --notes 'P2 team request: OOF fold 1/3 for the 0.7733 winning recipe (large len384 focal batch4xaccum4); logits for rules/bias/blend retuning and promotion judging',P2 team request: OOF fold 1/3 for the 0.7733 winning recipe (large len384 focal batch4xaccum4); logits for rules/bias/blend retuning and promotion judging,oof fold complete; aggregate before decision
20260704_231701_gpu_transformer_session_oof_current_v1_len384_fold2-of3_replay-last1_p2_oof_large384_focal_ep5_replay_last1_fold2,torch_gpu_transformer,xlm-roberta-large,serialized prompt/action/workspace text,current_v1,session_oof_fold2_of3,42,2/3,384,5,2e-05,4,0.5,0.02,last1,10000,0.728930,,,0.728930,list_directory:0.4884;read_file:0.5596;web_search:0.5712;lint_or_typecheck:0.5948;ask_user:0.6150,"[[749, ""grep_search"", ""read_file""], [651, ""read_file"", ""grep_search""], [523, ""read_file"", ""list_directory""], [390, ""grep_search"", ""list_directory""], [334, ""list_directory"", ""read_file""], [261, ""glob_pattern"", ""read_file""], [242, ""run_bash"", ""run_tests""], [241, ""glob_pattern"", ""list_directory""]]","{""apply_patch"": 1639, ""ask_user"": 700, ""edit_file"": 3705, ""glob_pattern"": 1416, ""grep_search"": 3064, ""lint_or_typecheck"": 806, ""list_directory"": 2009, ""plan_task"": 905, ""read_file"": 3098, ""respond_only"": 1728, ""run_bash"": 1557, ""run_tests"": 1593, ""web_search"": 622, ""write_file"": 491}",,experiments/logits/20260704_231701_gpu_transformer_session_oof_current_v1_len384_fold2-of3_replay-last1_p2_oof_large384_focal_ep5_replay_last1_fold2_val_logits.pt,,,11289.762,0.000,train_transformer.py --device cuda --split session_oof --n-folds 3 --base-model xlm-roberta-large --serializer current_v1 --max-length 384 --epochs 5 --batch-size 4 --grad-accum-steps 4 --eval-batch-size 64 --lr 2e-5 --class-weight-power 0.5 --label-smoothing 0.02 --loss focal --focal-gamma 2.0 --replay-mode last1 --max-replay-samples 10000 --replay-sample-weight 0.5 --gradient-checkpointing --keep-threshold 0.0 --tokenize-batch-size 1024 --no-research-log --seed 42 --fold-id 2 --epoch-checkpoint-dir /content/drive/MyDrive/AADP_exchange_b/models/p2_oof_large384_focal_ep5_replay_last1_fold2_ckpt --experiment-suffix p2_oof_large384_focal_ep5_replay_last1_fold2 --notes 'P2 team request: OOF fold 2/3 for the 0.7733 winning recipe (large len384 focal batch4xaccum4); logits for rules/bias/blend retuning and promotion judging',P2 team request: OOF fold 2/3 for the 0.7733 winning recipe (large len384 focal batch4xaccum4); logits for rules/bias/blend retuning and promotion judging,oof fold complete; aggregate before decision
p2_oof_large384_focal_ep5,torch_gpu_transformer_oof,,serialized prompt/action/workspace text,,session_oof,,oof,,,,,,,,,0.740118,0.742941,0.743679,0.743679,list_directory:0.4884;read_file:0.5861;grep_search:0.6040;lint_or_typecheck:0.6202;ask_user:0.6267,"[[2880, ""grep_search"", ""read_file""], [1721, ""read_file"", ""list_directory""], [1393, ""grep_search"", ""list_directory""], [1125, ""read_file"", ""grep_search""], [1046, ""list_directory"", ""read_file""], [957, ""glob_pattern"", ""read_file""], [821, ""ask_user"", ""plan_task""], [752, ""glob_pattern"", ""list_directory""]]","{""apply_patch"": 4839, ""ask_user"": 2268, ""edit_file"": 11227, ""glob_pattern"": 4276, ""grep_search"": 7074, ""lint_or_typecheck"": 2341, ""list_directory"": 6559, ""plan_task"": 2998, ""read_file"": 10842, ""respond_only"": 5181, ""run_bash"": 4794, ""run_tests"": 4749, ""web_search"": 1380, ""write_file"": 1472}",,experiments/logits/20260704_173012_gpu_transformer_session_oof_current_v1_len384_fold0-of3_replay-last1_p2_oof_large384_focal_ep5_replay_last1_fold0_val_logits.pt;experiments/logits/20260704_200449_gpu_transformer_session_oof_current_v1_len384_fold1-of3_replay-last1_p2_oof_large384_focal_ep5_replay_last1_fold1_val_logits.pt;experiments/logits/20260704_231701_gpu_transformer_session_oof_current_v1_len384_fold2-of3_replay-last1_p2_oof_large384_focal_ep5_replay_last1_fold2_val_logits.pt,,,,,,P2 team request: xlm-roberta-large len384 focal batch4xaccum4 3-fold OOF aggregation for rules/bias/blend retuning,oof aggregate complete
p2_oof_large384_focal_ep5_rules,torch_gpu_transformer_oof_rule_boost,,OOF logits + deterministic sample/logit rule boosts,,session_oof,,oof,,,,,,,,,0.743679,0.749623,,0.749623,list_directory:0.4883;read_file:0.5861;grep_search:0.6040;ask_user:0.6416;lint_or_typecheck:0.6445,"[[2880, ""grep_search"", ""read_file""], [1721, ""read_file"", ""list_directory""], [1393, ""grep_search"", ""list_directory""], [1125, ""read_file"", ""grep_search""], [1046, ""list_directory"", ""read_file""], [957, ""glob_pattern"", ""read_file""], [760, ""ask_user"", ""plan_task""], [752, ""glob_pattern"", ""list_directory""]]","{""apply_patch"": 4840, ""ask_user"": 2461, ""edit_file"": 11227, ""glob_pattern"": 4276, ""grep_search"": 7075, ""lint_or_typecheck"": 2412, ""list_directory"": 6557, ""plan_task"": 2884, ""read_file"": 10842, ""respond_only"": 5181, ""run_bash"": 4911, ""run_tests"": 4560, ""web_search"": 1302, ""write_file"": 1472}",experiments/artifacts/p2_oof_large384_focal_ep5_rules_rule_boosts.json,experiments/logits/20260704_173012_gpu_transformer_session_oof_current_v1_len384_fold0-of3_replay-last1_p2_oof_large384_focal_ep5_replay_last1_fold0_val_logits.pt;experiments/logits/20260704_200449_gpu_transformer_session_oof_current_v1_len384_fold1-of3_replay-last1_p2_oof_large384_focal_ep5_replay_last1_fold1_val_logits.pt;experiments/logits/20260704_231701_gpu_transformer_session_oof_current_v1_len384_fold2-of3_replay-last1_p2_oof_large384_focal_ep5_replay_last1_fold2_val_logits.pt,,,,,,P2 team request: rule-boost retuning on large len384 3-fold OOF,rule boost diagnostic complete
20260705_044047_gpu_transformer_session_current_v1_len400_replay-last1_m8_qwen35_08b_screen,torch_gpu_transformer,igorktech/Qwen3.5-0.8B-Base-LM,serialized prompt/action/workspace text,current_v1,session,42,,400,5,2e-05,16,0.5,0.02,last1,10000,0.746547,0.753819,0.755271,0.755271,list_directory:0.4605;glob_pattern:0.5918;read_file:0.5943;grep_search:0.6101;ask_user:0.6256,"[[545, ""grep_search"", ""read_file""], [319, ""read_file"", ""list_directory""], [272, ""grep_search"", ""list_directory""], [236, ""list_directory"", ""read_file""], [224, ""read_file"", ""grep_search""], [218, ""glob_pattern"", ""read_file""], [185, ""glob_pattern"", ""list_directory""], [184, ""ask_user"", ""plan_task""]]","{""apply_patch"": 958, ""ask_user"": 452, ""edit_file"": 2221, ""glob_pattern"": 760, ""grep_search"": 1485, ""lint_or_typecheck"": 397, ""list_directory"": 1281, ""plan_task"": 616, ""read_file"": 2225, ""respond_only"": 1051, ""run_bash"": 1042, ""run_tests"": 921, ""web_search"": 287, ""write_file"": 305}",,experiments/logits/20260705_044047_gpu_transformer_session_current_v1_len400_replay-last1_m8_qwen35_08b_screen_val_logits.pt,,,8855.889,1454.218,"train_transformer.py --base-model igorktech/Qwen3.5-0.8B-Base-LM --lr 2e-5 --device cuda --split session --serializer current_v1 --max-length 400 --epochs 5 --batch-size 16 --eval-batch-size 64 --class-weight-power 0.5 --label-smoothing 0.02 --loss focal --focal-gamma 2.0 --replay-mode last1 --max-replay-samples 10000 --replay-sample-weight 0.5 --tune-bias --keep-threshold 0.0 --tokenize-batch-size 1024 --no-research-log --seed 42 --save-val-model --save-fp16 --epoch-checkpoint-dir /content/drive/MyDrive/AADP_exchange/models/m8_qwen35_08b_ckpt --output-dir /content/drive/MyDrive/AADP_exchange/models/m8_qwen35_08b_screen --experiment-suffix m8_qwen35_08b_screen --notes 'M8 Qwen3.5-0.8B fixed screen: current_v1 len400 zero-truncation, champion decoder recipe, ep5 run with ep3 checkpoint preserved for peak-epoch comparison'","M8 Qwen3.5-0.8B fixed screen: current_v1 len400 zero-truncation, champion decoder recipe, ep5 run with ep3 checkpoint preserved for peak-epoch comparison",keep as GPU candidate
20260705_044826_gpu_transformer_session_current_v1_len400_replay-last1_m8_qwen35_08b_ep3_eval,torch_gpu_transformer,/content/drive/MyDrive/AADP_exchange/models/m8_qwen35_08b_ep3_ckpt,serialized prompt/action/workspace text,current_v1,session,42,,400,0,2e-05,16,0.5,0.02,last1,10000,0.769643,0.779071,0.780427,0.780427,list_directory:0.5179;grep_search:0.6144;read_file:0.6213;glob_pattern:0.6418;ask_user:0.6765,"[[623, ""grep_search"", ""read_file""], [331, ""read_file"", ""list_directory""], [283, ""grep_search"", ""list_directory""], [220, ""glob_pattern"", ""read_file""], [206, ""list_directory"", ""read_file""], [173, ""glob_pattern"", ""list_directory""], [162, ""ask_user"", ""plan_task""], [108, ""read_file"", ""grep_search""]]","{""apply_patch"": 946, ""ask_user"": 443, ""edit_file"": 2229, ""glob_pattern"": 778, ""grep_search"": 1204, ""lint_or_typecheck"": 382, ""list_directory"": 1385, ""plan_task"": 625, ""read_file"": 2405, ""respond_only"": 1050, ""run_bash"": 1079, ""run_tests"": 902, ""web_search"": 268, ""write_file"": 305}",,experiments/logits/20260705_044826_gpu_transformer_session_current_v1_len400_replay-last1_m8_qwen35_08b_ep3_eval_val_logits.pt,,,90.223,0.000,"train_transformer.py --base-model /content/drive/MyDrive/AADP_exchange/models/m8_qwen35_08b_ep3_ckpt --lr 2e-5 --device cuda --split session --serializer current_v1 --max-length 400 --epochs 0 --batch-size 16 --eval-batch-size 64 --class-weight-power 0.5 --label-smoothing 0.02 --loss focal --focal-gamma 2.0 --replay-mode last1 --max-replay-samples 10000 --replay-sample-weight 0.5 --tune-bias --keep-threshold 0.0 --tokenize-batch-size 1024 --no-research-log --seed 42 --experiment-suffix m8_qwen35_08b_ep3_eval --notes 'M8 Qwen3.5 ep3 checkpoint evaluation only: same fixed split and len400, no extra training, compare against ep5 screen peak epoch'","M8 Qwen3.5 ep3 checkpoint evaluation only: same fixed split and len400, no extra training, compare against ep5 screen peak epoch",keep as GPU candidate
m8_qwen35_t4_replica_probe,t4_replica_timing_probe,igorktech/Qwen3.5-0.8B-Base-LM,"current_v1 serialized text, random seq-cls heads",current_v1,timing_probe,42,400,64,experiments/artifacts/m8_qwen35_t4_replica_probe.json,,0.000,colab/m8_qwen35_t4_replica_probe.py,RuntimeError('command failed rc=1: /usr/bin/python3 colab/m8_qwen35_t4_replica_probe.py fallback --correctness-rows 256'),RED_setup_failed,,,,,,,,,,,,,,,,,
m8_qwen35_t4_replica_probe_r2,t4_replica_timing_probe,igorktech/Qwen3.5-0.8B-Base-LM,"current_v1 serialized text, random seq-cls heads",current_v1,timing_probe,42,,400,,,64,,,,,,,,,,,,experiments/artifacts/m8_qwen35_t4_replica_probe_r2.json,,,,0.000,,colab/m8_qwen35_t4_replica_probe.py,RuntimeError('command failed rc=1: /usr/bin/python3 colab/m8_qwen35_t4_replica_probe.py fallback --experiment-id m8_qwen35_t4_replica_probe_r2 --correctness-rows 256'),RED_setup_failed
m8_qwen35_t4_replica_probe_r3,t4_replica_timing_probe,igorktech/Qwen3.5-0.8B-Base-LM,"current_v1 serialized text, random seq-cls heads",current_v1,timing_probe,42,,400,,,64,,,,,,,,,,,,experiments/artifacts/m8_qwen35_t4_replica_probe_r3.json,,,,0.000,,colab/m8_qwen35_t4_replica_probe.py,"no fla-core candidate completed: RuntimeError(""command failed rc=1: /usr/bin/python3 -c import fla, causal_conv1d; print('optional imports ok')"")",RED_setup_failed
m8_qwen35_t4_replica_probe_r4,t4_replica_timing_probe,igorktech/Qwen3.5-0.8B-Base-LM,"current_v1 serialized text, random seq-cls heads",current_v1,timing_probe,42,,400,,,64,,,,,,,,,,,,experiments/artifacts/m8_qwen35_t4_replica_probe_r4.json,,,,0.000,,colab/m8_qwen35_t4_replica_probe.py,no fla-core candidate completed: RuntimeError('fast stage failed rc=1'),RED_setup_failed
20260705_061219_gpu_transformer_session_oof_current_v1_len400_fold0-of3_replay-last1_m8_qwen35_oof_len400_ep3_fold0,torch_gpu_transformer,igorktech/Qwen3.5-0.8B-Base-LM,serialized prompt/action/workspace text,current_v1,session_oof_fold0_of3,42,0/3,400,3,2e-05,16,0.5,0.02,last1,10000,0.766704,0.769185,0.770064,0.770064,list_directory:0.4886;read_file:0.5908;grep_search:0.6253;ask_user:0.6451;glob_pattern:0.6716,"[[770, ""grep_search"", ""read_file""], [562, ""read_file"", ""list_directory""], [520, ""read_file"", ""grep_search""], [470, ""grep_search"", ""list_directory""], [290, ""list_directory"", ""read_file""], [283, ""glob_pattern"", ""read_file""], [252, ""ask_user"", ""plan_task""], [243, ""glob_pattern"", ""list_directory""]]","{""apply_patch"": 1634, ""ask_user"": 829, ""edit_file"": 3705, ""glob_pattern"": 1377, ""grep_search"": 2827, ""lint_or_typecheck"": 840, ""list_directory"": 2163, ""plan_task"": 922, ""read_file"": 3228, ""respond_only"": 1726, ""run_bash"": 1625, ""run_tests"": 1515, ""web_search"": 451, ""write_file"": 492}",,experiments/logits/20260705_061219_gpu_transformer_session_oof_current_v1_len400_fold0-of3_replay-last1_m8_qwen35_oof_len400_ep3_fold0_val_logits.pt,,,4641.161,0.000,"train_transformer.py --base-model igorktech/Qwen3.5-0.8B-Base-LM --lr 2e-5 --device cuda --split session_oof --n-folds 3 --fold-id 0 --serializer current_v1 --max-length 400 --epochs 3 --batch-size 16 --eval-batch-size 64 --class-weight-power 0.5 --label-smoothing 0.02 --loss focal --focal-gamma 2.0 --replay-mode last1 --max-replay-samples 10000 --replay-sample-weight 0.5 --tune-bias --keep-threshold 0.0 --tokenize-batch-size 1024 --no-research-log --seed 42 --epoch-checkpoint-dir /content/drive/MyDrive/AADP_exchange/models/m8_qwen35_oof_len400_ep3_fold0_ckpt --experiment-suffix m8_qwen35_oof_len400_ep3_fold0 --notes 'M8 Qwen3.5-0.8B OOF fold 0/3: ep3 winner from fixed screen, len400, champion decoder recipe; logits for OOF bias/rule tuning'","M8 Qwen3.5-0.8B OOF fold 0/3: ep3 winner from fixed screen, len400, champion decoder recipe; logits for OOF bias/rule tuning",oof fold complete; aggregate before decision
20260705_073505_gpu_transformer_session_oof_current_v1_len400_fold1-of3_replay-last1_m8_qwen35_oof_len400_ep3_fold1,torch_gpu_transformer,igorktech/Qwen3.5-0.8B-Base-LM,serialized prompt/action/workspace text,current_v1,session_oof_fold1_of3,42,1/3,400,3,2e-05,16,0.5,0.02,last1,10000,0.766898,0.768908,0.769374,0.769374,list_directory:0.5046;read_file:0.6127;grep_search:0.6147;ask_user:0.6483;glob_pattern:0.6754,"[[942, ""grep_search"", ""read_file""], [584, ""read_file"", ""list_directory""], [518, ""grep_search"", ""list_directory""], [307, ""list_directory"", ""read_file""], [288, ""read_file"", ""grep_search""], [284, ""ask_user"", ""plan_task""], [282, ""glob_pattern"", ""list_directory""], [280, ""glob_pattern"", ""read_file""]]","{""apply_patch"": 1629, ""ask_user"": 769, ""edit_file"": 3707, ""glob_pattern"": 1443, ""grep_search"": 2214, ""lint_or_typecheck"": 791, ""list_directory"": 2350, ""plan_task"": 1041, ""read_file"": 3586, ""respond_only"": 1726, ""run_bash"": 1617, ""run_tests"": 1550, ""web_search"": 412, ""write_file"": 498}",,experiments/logits/20260705_073505_gpu_transformer_session_oof_current_v1_len400_fold1-of3_replay-last1_m8_qwen35_oof_len400_ep3_fold1_val_logits.pt,,,4674.988,0.000,"train_transformer.py --base-model igorktech/Qwen3.5-0.8B-Base-LM --lr 2e-5 --device cuda --split session_oof --n-folds 3 --fold-id 1 --serializer current_v1 --max-length 400 --epochs 3 --batch-size 16 --eval-batch-size 64 --class-weight-power 0.5 --label-smoothing 0.02 --loss focal --focal-gamma 2.0 --replay-mode last1 --max-replay-samples 10000 --replay-sample-weight 0.5 --tune-bias --keep-threshold 0.0 --tokenize-batch-size 1024 --no-research-log --seed 42 --epoch-checkpoint-dir /content/drive/MyDrive/AADP_exchange/models/m8_qwen35_oof_len400_ep3_fold1_ckpt --experiment-suffix m8_qwen35_oof_len400_ep3_fold1 --notes 'M8 Qwen3.5-0.8B OOF fold 1/3: ep3 winner from fixed screen, len400, champion decoder recipe; logits for OOF bias/rule tuning'","M8 Qwen3.5-0.8B OOF fold 1/3: ep3 winner from fixed screen, len400, champion decoder recipe; logits for OOF bias/rule tuning",oof fold complete; aggregate before decision
m8_qwen35_compile_probe,t4_compile_probe,igorktech/Qwen3.5-0.8B-Base-LM,"current_v1 serialized text, random seq-cls heads, torch.compile fallback",current_v1,timing_probe,42,,400,,,64,,,,,,,,,,,,experiments/artifacts/m8_qwen35_compile_probe.json,,,,572.991,,colab/m8_qwen35_compile_probe.py,,RED_baseline_failed
20260705_085858_gpu_transformer_session_oof_current_v1_len400_fold2-of3_replay-last1_m8_qwen35_oof_len400_ep3_fold2,torch_gpu_transformer,igorktech/Qwen3.5-0.8B-Base-LM,serialized prompt/action/workspace text,current_v1,session_oof_fold2_of3,42,2/3,400,3,2e-05,16,0.5,0.02,last1,10000,0.766160,0.768384,0.768901,0.768901,list_directory:0.5038;read_file:0.6010;grep_search:0.6326;ask_user:0.6359;glob_pattern:0.6511,"[[852, ""grep_search"", ""read_file""], [583, ""read_file"", ""list_directory""], [448, ""grep_search"", ""list_directory""], [408, ""read_file"", ""grep_search""], [324, ""list_directory"", ""read_file""], [318, ""ask_user"", ""plan_task""], [295, ""glob_pattern"", ""read_file""], [257, ""glob_pattern"", ""list_directory""]]","{""apply_patch"": 1610, ""ask_user"": 704, ""edit_file"": 3736, ""glob_pattern"": 1286, ""grep_search"": 2618, ""lint_or_typecheck"": 708, ""list_directory"": 2217, ""plan_task"": 1076, ""read_file"": 3464, ""respond_only"": 1726, ""run_bash"": 1630, ""run_tests"": 1633, ""web_search"": 437, ""write_file"": 488}",,experiments/logits/20260705_085858_gpu_transformer_session_oof_current_v1_len400_fold2-of3_replay-last1_m8_qwen35_oof_len400_ep3_fold2_val_logits.pt,,,4651.507,0.000,"train_transformer.py --base-model igorktech/Qwen3.5-0.8B-Base-LM --lr 2e-5 --device cuda --split session_oof --n-folds 3 --fold-id 2 --serializer current_v1 --max-length 400 --epochs 3 --batch-size 16 --eval-batch-size 64 --class-weight-power 0.5 --label-smoothing 0.02 --loss focal --focal-gamma 2.0 --replay-mode last1 --max-replay-samples 10000 --replay-sample-weight 0.5 --tune-bias --keep-threshold 0.0 --tokenize-batch-size 1024 --no-research-log --seed 42 --epoch-checkpoint-dir /content/drive/MyDrive/AADP_exchange/models/m8_qwen35_oof_len400_ep3_fold2_ckpt --experiment-suffix m8_qwen35_oof_len400_ep3_fold2 --notes 'M8 Qwen3.5-0.8B OOF fold 2/3: ep3 winner from fixed screen, len400, champion decoder recipe; logits for OOF bias/rule tuning'","M8 Qwen3.5-0.8B OOF fold 2/3: ep3 winner from fixed screen, len400, champion decoder recipe; logits for OOF bias/rule tuning",oof fold complete; aggregate before decision
m8_qwen35_oof_len400_ep3,torch_gpu_transformer_oof,,serialized prompt/action/workspace text,,session_oof,,oof,,,,,,,,,0.766602,0.767393,0.767849,0.767849,list_directory:0.4981;grep_search:0.6097;read_file:0.6121;ask_user:0.6336;glob_pattern:0.6651,"[[2961, ""grep_search"", ""read_file""], [1755, ""read_file"", ""list_directory""], [1466, ""grep_search"", ""list_directory""], [1006, ""list_directory"", ""read_file""], [942, ""glob_pattern"", ""read_file""], [914, ""ask_user"", ""plan_task""], [795, ""glob_pattern"", ""list_directory""], [767, ""read_file"", ""grep_search""]]","{""apply_patch"": 4871, ""ask_user"": 2192, ""edit_file"": 11156, ""glob_pattern"": 4264, ""grep_search"": 6446, ""lint_or_typecheck"": 2251, ""list_directory"": 6814, ""plan_task"": 3155, ""read_file"": 11238, ""respond_only"": 5178, ""run_bash"": 4823, ""run_tests"": 4841, ""web_search"": 1295, ""write_file"": 1476}",,experiments/logits/20260705_061219_gpu_transformer_session_oof_current_v1_len400_fold0-of3_replay-last1_m8_qwen35_oof_len400_ep3_fold0_val_logits.pt;experiments/logits/20260705_073505_gpu_transformer_session_oof_current_v1_len400_fold1-of3_replay-last1_m8_qwen35_oof_len400_ep3_fold1_val_logits.pt;experiments/logits/20260705_085858_gpu_transformer_session_oof_current_v1_len400_fold2-of3_replay-last1_m8_qwen35_oof_len400_ep3_fold2_val_logits.pt,,,,,,M8 Qwen3.5-0.8B len400 ep3 3-fold OOF aggregation; compare to M7 Qwen3 OOF and timing-blocked deployment risk,oof aggregate complete
m8_qwen35_oof_len400_ep3_rules,torch_gpu_transformer_oof_rule_boost,,OOF logits + deterministic sample/logit rule boosts,,session_oof,,oof,,,,,,,,,0.767849,0.774046,,0.774046,list_directory:0.5124;read_file:0.6104;grep_search:0.6194;ask_user:0.6600;glob_pattern:0.6650,"[[2811, ""grep_search"", ""read_file""], [1642, ""read_file"", ""list_directory""], [1349, ""grep_search"", ""list_directory""], [1002, ""read_file"", ""grep_search""], [948, ""list_directory"", ""read_file""], [929, ""glob_pattern"", ""read_file""], [785, ""ask_user"", ""plan_task""], [755, ""glob_pattern"", ""list_directory""]]","{""apply_patch"": 4871, ""ask_user"": 2375, ""edit_file"": 11154, ""glob_pattern"": 4253, ""grep_search"": 7055, ""lint_or_typecheck"": 2283, ""list_directory"": 6557, ""plan_task"": 2936, ""read_file"": 10890, ""respond_only"": 5178, ""run_bash"": 4822, ""run_tests"": 4817, ""web_search"": 1333, ""write_file"": 1476}",experiments/artifacts/m8_qwen35_oof_len400_ep3_rules_rule_boosts.json,experiments/logits/20260705_061219_gpu_transformer_session_oof_current_v1_len400_fold0-of3_replay-last1_m8_qwen35_oof_len400_ep3_fold0_val_logits.pt;experiments/logits/20260705_073505_gpu_transformer_session_oof_current_v1_len400_fold1-of3_replay-last1_m8_qwen35_oof_len400_ep3_fold1_val_logits.pt;experiments/logits/20260705_085858_gpu_transformer_session_oof_current_v1_len400_fold2-of3_replay-last1_m8_qwen35_oof_len400_ep3_fold2_val_logits.pt,,,,,,M8 Qwen3.5-0.8B len400 ep3 OOF rule-boost tuning; quality read only because direct T4 deployment is kernel/timing blocked,rule boost diagnostic complete
20260705_183536_gpu_transformer_session_current_v1_len400_replay-last1_m8_qwen35_refit,torch_gpu_transformer_final_refit,igorktech/Qwen3.5-0.8B-Base-LM,serialized prompt/action/workspace text,current_v1,final_refit,42,,400,3,2e-05,8,0.5,0.02,last1,10000,,,,0.000000,,,,/content/drive/MyDrive/AADP_exchange/models/m8_qwen35_refit,,,,29368.187,1454.217,train_transformer.py --base-model igorktech/Qwen3.5-0.8B-Base-LM --lr 2e-5 --device cuda --split session --serializer current_v1 --max-length 400 --epochs 3 --batch-size 8 --grad-accum-steps 2 --eval-batch-size 64 --class-weight-power 0.5 --label-smoothing 0.02 --loss focal --focal-gamma 2.0 --replay-mode last1 --max-replay-samples 10000 --replay-sample-weight 0.5 --tune-bias --keep-threshold 0.0 --tokenize-batch-size 1024 --no-research-log --seed 42 --save-fp16 --epoch-checkpoint-dir /content/drive/MyDrive/AADP_exchange/models/m8_qwen35_refit_ckpt --output-dir /content/drive/MyDrive/AADP_exchange/models/m8_qwen35_refit --experiment-suffix m8_qwen35_refit --notes 'M8 Qwen3.5-0.8B ep3 len400 FULL-DATA refit on A100 40GB: batch8xaccum2 (effective batch 16); user-approved Public probe pack; OOF bias/rules injected at packaging' --final-model --final-only,M8 Qwen3.5-0.8B ep3 len400 FULL-DATA refit on A100 40GB: batch8xaccum2 (effective batch 16); user-approved Public probe pack; OOF bias/rules injected at packaging,final transformer refit complete; requires sparse artifact and package smoke test
20260706_003149_gpu_transformer_session_current_v5_len384_replay-last1_v5_qwen3_06b_screen,torch_gpu_transformer,Qwen/Qwen3-0.6B,serialized prompt/action/workspace text,current_v5,session,42,,384,3,2e-05,16,0.5,0.02,last1,10000,0.757257,0.762766,0.763387,0.763387,list_directory:0.4664;read_file:0.5984;grep_search:0.6061;glob_pattern:0.6349;ask_user:0.6625,"[[607, ""grep_search"", ""read_file""], [315, ""read_file"", ""list_directory""], [262, ""list_directory"", ""read_file""], [260, ""grep_search"", ""list_directory""], [241, ""glob_pattern"", ""read_file""], [181, ""read_file"", ""grep_search""], [143, ""ask_user"", ""plan_task""], [139, ""glob_pattern"", ""list_directory""]]","{""apply_patch"": 950, ""ask_user"": 540, ""edit_file"": 2239, ""glob_pattern"": 757, ""grep_search"": 1386, ""lint_or_typecheck"": 366, ""list_directory"": 1202, ""plan_task"": 544, ""read_file"": 2401, ""respond_only"": 1052, ""run_bash"": 1080, ""run_tests"": 916, ""web_search"": 263, ""write_file"": 305}",,experiments/logits/20260706_003149_gpu_transformer_session_current_v5_len384_replay-last1_v5_qwen3_06b_screen_val_logits.pt,,,1761.886,1152.085,"train_transformer.py --base-model Qwen/Qwen3-0.6B --lr 2e-5 --device cuda --split session --serializer current_v5 --max-length 384 --epochs 3 --batch-size 16 --eval-batch-size 64 --class-weight-power 0.5 --label-smoothing 0.02 --loss focal --focal-gamma 2.0 --replay-mode last1 --max-replay-samples 10000 --replay-sample-weight 0.5 --tune-bias --keep-threshold 0.0 --tokenize-batch-size 1024 --no-research-log --seed 42 --save-val-model --save-fp16 --epoch-checkpoint-dir /content/drive/MyDrive/AADP_exchange/models/v5_qwen3_06b_screen_ckpt --output-dir /content/drive/MyDrive/AADP_exchange/models/v5_qwen3_06b_screen --experiment-suffix v5_qwen3_06b_screen --notes 'FE lane: current_v5 serializer screen on Qwen3-0.6B ep3 len384 (zero truncation, v5 max token 382); gate vs M7 v1 fixed 2stage 0.770875; VM transformers 4.51.3'","FE lane: current_v5 serializer screen on Qwen3-0.6B ep3 len384 (zero truncation, v5 max token 382); gate vs M7 v1 fixed 2stage 0.770875; VM transformers 4.51.3",keep as GPU candidate
20260706_032613_gpu_transformer_session_oof_current_v5_len384_fold0-of3_replay-last1_v5_qwen3_06b_oof_fold0,torch_gpu_transformer,Qwen/Qwen3-0.6B,serialized prompt/action/workspace text,current_v5,session_oof_fold0_of3,42,0/3,384,3,2e-05,16,0.5,0.02,last1,10000,0.744276,0.751061,0.751629,0.751629,list_directory:0.4422;read_file:0.5655;grep_search:0.5988;ask_user:0.6235;glob_pattern:0.6544,"[[904, ""grep_search"", ""read_file""], [665, ""read_file"", ""list_directory""], [510, ""grep_search"", ""list_directory""], [438, ""read_file"", ""grep_search""], [359, ""list_directory"", ""read_file""], [303, ""glob_pattern"", ""read_file""], [278, ""glob_pattern"", ""list_directory""], [260, ""ask_user"", ""plan_task""]]","{""apply_patch"": 1632, ""ask_user"": 799, ""edit_file"": 3710, ""glob_pattern"": 1331, ""grep_search"": 2558, ""lint_or_typecheck"": 743, ""list_directory"": 2288, ""plan_task"": 939, ""read_file"": 3418, ""respond_only"": 1727, ""run_bash"": 1631, ""run_tests"": 1594, ""web_search"": 466, ""write_file"": 498}",,experiments/logits/20260706_032613_gpu_transformer_session_oof_current_v5_len384_fold0-of3_replay-last1_v5_qwen3_06b_oof_fold0_val_logits.pt,,,1544.706,0.000,train_transformer.py --base-model Qwen/Qwen3-0.6B --lr 2e-5 --device cuda --split session_oof --n-folds 3 --serializer current_v5 --max-length 384 --epochs 3 --batch-size 16 --eval-batch-size 64 --class-weight-power 0.5 --label-smoothing 0.02 --loss focal --focal-gamma 2.0 --replay-mode last1 --max-replay-samples 10000 --replay-sample-weight 0.5 --tune-bias --keep-threshold 0.0 --tokenize-batch-size 1024 --no-research-log --seed 42 --save-fp16 --fold-id 0 --output-dir /content/drive/MyDrive/AADP_exchange/models/v5_qwen3_06b_oof_fold0 --experiment-suffix v5_qwen3_06b_oof_fold0 --notes 'FE lane: current_v5 Qwen3-0.6B OOF fold 0/3 (ep3 len384); judge vs M7 v1 OOF 2stage 0.758499 / +rules 0.767129',FE lane: current_v5 Qwen3-0.6B OOF fold 0/3 (ep3 len384); judge vs M7 v1 OOF 2stage 0.758499 / +rules 0.767129,oof fold complete; aggregate before decision
20260706_035446_gpu_transformer_session_oof_current_v5_len384_fold1-of3_replay-last1_v5_qwen3_06b_oof_fold1,torch_gpu_transformer,Qwen/Qwen3-0.6B,serialized prompt/action/workspace text,current_v5,session_oof_fold1_of3,42,1/3,384,3,2e-05,16,0.5,0.02,last1,10000,0.755277,0.760277,0.761008,0.761008,list_directory:0.4718;read_file:0.5661;grep_search:0.6183;ask_user:0.6462;glob_pattern:0.6573,"[[774, ""grep_search"", ""read_file""], [600, ""read_file"", ""grep_search""], [593, ""read_file"", ""list_directory""], [451, ""grep_search"", ""list_directory""], [306, ""list_directory"", ""read_file""], [267, ""glob_pattern"", ""read_file""], [256, ""ask_user"", ""plan_task""], [253, ""glob_pattern"", ""list_directory""]]","{""apply_patch"": 1645, ""ask_user"": 824, ""edit_file"": 3702, ""glob_pattern"": 1309, ""grep_search"": 3020, ""lint_or_typecheck"": 750, ""list_directory"": 2156, ""plan_task"": 930, ""read_file"": 3118, ""respond_only"": 1727, ""run_bash"": 1649, ""run_tests"": 1558, ""web_search"": 452, ""write_file"": 493}",,experiments/logits/20260706_035446_gpu_transformer_session_oof_current_v5_len384_fold1-of3_replay-last1_v5_qwen3_06b_oof_fold1_val_logits.pt,,,1529.487,0.000,train_transformer.py --base-model Qwen/Qwen3-0.6B --lr 2e-5 --device cuda --split session_oof --n-folds 3 --serializer current_v5 --max-length 384 --epochs 3 --batch-size 16 --eval-batch-size 64 --class-weight-power 0.5 --label-smoothing 0.02 --loss focal --focal-gamma 2.0 --replay-mode last1 --max-replay-samples 10000 --replay-sample-weight 0.5 --tune-bias --keep-threshold 0.0 --tokenize-batch-size 1024 --no-research-log --seed 42 --save-fp16 --fold-id 1 --output-dir /content/drive/MyDrive/AADP_exchange/models/v5_qwen3_06b_oof_fold1 --experiment-suffix v5_qwen3_06b_oof_fold1 --notes 'FE lane: current_v5 Qwen3-0.6B OOF fold 1/3 (ep3 len384); judge vs M7 v1 OOF 2stage 0.758499 / +rules 0.767129',FE lane: current_v5 Qwen3-0.6B OOF fold 1/3 (ep3 len384); judge vs M7 v1 OOF 2stage 0.758499 / +rules 0.767129,oof fold complete; aggregate before decision
20260706_042234_gpu_transformer_session_oof_current_v5_len384_fold2-of3_replay-last1_v5_qwen3_06b_oof_fold2,torch_gpu_transformer,Qwen/Qwen3-0.6B,serialized prompt/action/workspace text,current_v5,session_oof_fold2_of3,42,2/3,384,3,2e-05,16,0.5,0.02,last1,10000,0.753762,0.757471,0.758514,0.758514,list_directory:0.4547;read_file:0.5814;grep_search:0.6119;plan_task:0.6456;glob_pattern:0.6512,"[[1001, ""grep_search"", ""read_file""], [540, ""read_file"", ""list_directory""], [455, ""list_directory"", ""read_file""], [392, ""grep_search"", ""list_directory""], [363, ""read_file"", ""grep_search""], [359, ""glob_pattern"", ""read_file""], [267, ""plan_task"", ""ask_user""], [211, ""glob_pattern"", ""list_directory""]]","{""apply_patch"": 1637, ""ask_user"": 935, ""edit_file"": 3713, ""glob_pattern"": 1387, ""grep_search"": 2429, ""lint_or_typecheck"": 683, ""list_directory"": 1913, ""plan_task"": 814, ""read_file"": 3850, ""respond_only"": 1727, ""run_bash"": 1685, ""run_tests"": 1588, ""web_search"": 475, ""write_file"": 497}",,experiments/logits/20260706_042234_gpu_transformer_session_oof_current_v5_len384_fold2-of3_replay-last1_v5_qwen3_06b_oof_fold2_val_logits.pt,,,1528.382,0.000,train_transformer.py --base-model Qwen/Qwen3-0.6B --lr 2e-5 --device cuda --split session_oof --n-folds 3 --serializer current_v5 --max-length 384 --epochs 3 --batch-size 16 --eval-batch-size 64 --class-weight-power 0.5 --label-smoothing 0.02 --loss focal --focal-gamma 2.0 --replay-mode last1 --max-replay-samples 10000 --replay-sample-weight 0.5 --tune-bias --keep-threshold 0.0 --tokenize-batch-size 1024 --no-research-log --seed 42 --save-fp16 --fold-id 2 --output-dir /content/drive/MyDrive/AADP_exchange/models/v5_qwen3_06b_oof_fold2 --experiment-suffix v5_qwen3_06b_oof_fold2 --notes 'FE lane: current_v5 Qwen3-0.6B OOF fold 2/3 (ep3 len384); judge vs M7 v1 OOF 2stage 0.758499 / +rules 0.767129',FE lane: current_v5 Qwen3-0.6B OOF fold 2/3 (ep3 len384); judge vs M7 v1 OOF 2stage 0.758499 / +rules 0.767129,oof fold complete; aggregate before decision
v5_qwen3_06b_oof_len384_ep3,torch_gpu_transformer_oof,,serialized prompt/action/workspace text,,session_oof,,oof,,,,,,,,,0.751161,0.754751,0.755129,0.755129,list_directory:0.4555;read_file:0.5638;grep_search:0.6102;ask_user:0.6260;glob_pattern:0.6533,"[[2519, ""grep_search"", ""read_file""], [1892, ""read_file"", ""list_directory""], [1497, ""read_file"", ""grep_search""], [1412, ""grep_search"", ""list_directory""], [1049, ""list_directory"", ""read_file""], [856, ""ask_user"", ""plan_task""], [853, ""glob_pattern"", ""read_file""], [759, ""glob_pattern"", ""list_directory""]]","{""apply_patch"": 4884, ""ask_user"": 2254, ""edit_file"": 11170, ""glob_pattern"": 4114, ""grep_search"": 8233, ""lint_or_typecheck"": 2264, ""list_directory"": 6574, ""plan_task"": 2959, ""read_file"": 9851, ""respond_only"": 5181, ""run_bash"": 4867, ""run_tests"": 4745, ""web_search"": 1424, ""write_file"": 1480}",,experiments/logits/20260706_032613_gpu_transformer_session_oof_current_v5_len384_fold0-of3_replay-last1_v5_qwen3_06b_oof_fold0_val_logits.pt;experiments/logits/20260706_035446_gpu_transformer_session_oof_current_v5_len384_fold1-of3_replay-last1_v5_qwen3_06b_oof_fold1_val_logits.pt;experiments/logits/20260706_042234_gpu_transformer_session_oof_current_v5_len384_fold2-of3_replay-last1_v5_qwen3_06b_oof_fold2_val_logits.pt,,,,,,,oof aggregate complete
v5_qwen3_06b_oof_len384_ep3_rules,torch_gpu_transformer_oof_rule_boost,,OOF logits + deterministic sample/logit rule boosts,,session_oof,,oof,,,,,,,,,0.755129,0.761686,,0.761686,list_directory:0.4793;read_file:0.5738;grep_search:0.6054;ask_user:0.6499;glob_pattern:0.6532,"[[2837, ""grep_search"", ""read_file""], [1966, ""read_file"", ""list_directory""], [1432, ""grep_search"", ""list_directory""], [1162, ""read_file"", ""grep_search""], [1002, ""list_directory"", ""read_file""], [948, ""glob_pattern"", ""read_file""], [806, ""ask_user"", ""plan_task""], [799, ""glob_pattern"", ""list_directory""]]","{""apply_patch"": 4884, ""ask_user"": 2343, ""edit_file"": 11167, ""glob_pattern"": 4043, ""grep_search"": 7304, ""lint_or_typecheck"": 2369, ""list_directory"": 6929, ""plan_task"": 2942, ""read_file"": 10497, ""respond_only"": 5181, ""run_bash"": 4813, ""run_tests"": 4696, ""web_search"": 1352, ""write_file"": 1480}",experiments/artifacts/v5_qwen3_06b_oof_len384_ep3_rules_rule_boosts.json,experiments/logits/20260706_032613_gpu_transformer_session_oof_current_v5_len384_fold0-of3_replay-last1_v5_qwen3_06b_oof_fold0_val_logits.pt;experiments/logits/20260706_035446_gpu_transformer_session_oof_current_v5_len384_fold1-of3_replay-last1_v5_qwen3_06b_oof_fold1_val_logits.pt;experiments/logits/20260706_042234_gpu_transformer_session_oof_current_v5_len384_fold2-of3_replay-last1_v5_qwen3_06b_oof_fold2_val_logits.pt,,,,,,,rule boost diagnostic complete
v5_qwen3_06b_oof_rules_xmeta,torch_gpu_transformer_oof_rule_boost,,OOF logits + deterministic sample/logit rule boosts,,session_oof,,oof,,,,,,,,,0.755129,0.761876,,0.761876,list_directory:0.4777;read_file:0.5805;grep_search:0.6054;ask_user:0.6513;glob_pattern:0.6532,"[[2892, ""grep_search"", ""read_file""], [1796, ""read_file"", ""list_directory""], [1378, ""grep_search"", ""list_directory""], [1162, ""read_file"", ""grep_search""], [1094, ""list_directory"", ""read_file""], [981, ""glob_pattern"", ""read_file""], [789, ""ask_user"", ""plan_task""], [767, ""glob_pattern"", ""list_directory""]]","{""apply_patch"": 4884, ""ask_user"": 2304, ""edit_file"": 11167, ""glob_pattern"": 4043, ""grep_search"": 7304, ""lint_or_typecheck"": 2378, ""list_directory"": 6577, ""plan_task"": 2922, ""read_file"": 10849, ""respond_only"": 5181, ""run_bash"": 4788, ""run_tests"": 4708, ""web_search"": 1415, ""write_file"": 1480}",experiments/artifacts/v5_qwen3_06b_oof_rules_xmeta_rule_boosts.json,experiments/logits/20260706_032613_gpu_transformer_session_oof_current_v5_len384_fold0-of3_replay-last1_v5_qwen3_06b_oof_fold0_val_logits.pt;experiments/logits/20260706_035446_gpu_transformer_session_oof_current_v5_len384_fold1-of3_replay-last1_v5_qwen3_06b_oof_fold1_val_logits.pt;experiments/logits/20260706_042234_gpu_transformer_session_oof_current_v5_len384_fold2-of3_replay-last1_v5_qwen3_06b_oof_fold2_val_logits.pt,,,,,,,rule boost diagnostic complete
m7_qwen3_oof_rules_xmeta,torch_gpu_transformer_oof_rule_boost,,OOF logits + deterministic sample/logit rule boosts,,session_oof,,oof,,,,,,,,,0.758499,0.767090,,0.767090,list_directory:0.4976;read_file:0.5842;grep_search:0.6218;glob_pattern:0.6585;ask_user:0.6604,"[[2361, ""grep_search"", ""read_file""], [1687, ""read_file"", ""list_directory""], [1653, ""read_file"", ""grep_search""], [1392, ""grep_search"", ""list_directory""], [868, ""list_directory"", ""read_file""], [813, ""glob_pattern"", ""read_file""], [786, ""glob_pattern"", ""list_directory""], [738, ""ask_user"", ""plan_task""]]","{""apply_patch"": 4851, ""ask_user"": 2547, ""edit_file"": 11160, ""glob_pattern"": 4010, ""grep_search"": 8564, ""lint_or_typecheck"": 2204, ""list_directory"": 6623, ""plan_task"": 2820, ""read_file"": 9613, ""respond_only"": 5177, ""run_bash"": 4823, ""run_tests"": 4855, ""web_search"": 1258, ""write_file"": 1495}",experiments/artifacts/m7_qwen3_oof_rules_xmeta_rule_boosts.json,experiments/logits/20260704_145055_gpu_transformer_session_oof_current_v1_len416_fold0-of3_replay-last1_m7_qwen3_oof_len416_ep3_fold0_val_logits.pt;experiments/logits/20260704_152344_gpu_transformer_session_oof_current_v1_len416_fold1-of3_replay-last1_m7_qwen3_oof_len416_ep3_fold1_val_logits.pt;experiments/logits/20260704_155701_gpu_transformer_session_oof_current_v1_len416_fold2-of3_replay-last1_m7_qwen3_oof_len416_ep3_fold2_val_logits.pt,,,,,,,rule boost diagnostic complete
m7_qwen3_oof_rules_struct,torch_gpu_transformer_oof_rule_boost,,OOF logits + deterministic sample/logit rule boosts,,session_oof,,oof,,,,,,,,,0.758499,0.767109,,0.767109,list_directory:0.4976;read_file:0.5842;grep_search:0.6218;glob_pattern:0.6585;ask_user:0.6598,"[[2361, ""grep_search"", ""read_file""], [1687, ""read_file"", ""list_directory""], [1653, ""read_file"", ""grep_search""], [1392, ""grep_search"", ""list_directory""], [868, ""list_directory"", ""read_file""], [813, ""glob_pattern"", ""read_file""], [786, ""glob_pattern"", ""list_directory""], [745, ""ask_user"", ""plan_task""]]","{""apply_patch"": 4851, ""ask_user"": 2543, ""edit_file"": 11160, ""glob_pattern"": 4010, ""grep_search"": 8564, ""lint_or_typecheck"": 2204, ""list_directory"": 6623, ""plan_task"": 2836, ""read_file"": 9613, ""respond_only"": 5177, ""run_bash"": 4823, ""run_tests"": 4855, ""web_search"": 1246, ""write_file"": 1495}",experiments/artifacts/m7_qwen3_oof_rules_struct_rule_boosts.json,experiments/logits/20260704_145055_gpu_transformer_session_oof_current_v1_len416_fold0-of3_replay-last1_m7_qwen3_oof_len416_ep3_fold0_val_logits.pt;experiments/logits/20260704_152344_gpu_transformer_session_oof_current_v1_len416_fold1-of3_replay-last1_m7_qwen3_oof_len416_ep3_fold1_val_logits.pt;experiments/logits/20260704_155701_gpu_transformer_session_oof_current_v1_len416_fold2-of3_replay-last1_m7_qwen3_oof_len416_ep3_fold2_val_logits.pt,,,,,,,rule boost diagnostic complete
20260706_070504_gpu_transformer_session_current_v6_len384_replay-last1_v6_qwen3_06b_screen,torch_gpu_transformer,Qwen/Qwen3-0.6B,serialized prompt/action/workspace text,current_v6,session,42,,384,3,2e-05,16,0.5,0.02,last1,10000,0.754614,0.763149,0.764251,0.764251,list_directory:0.4731;read_file:0.5744;grep_search:0.6029;glob_pattern:0.6396;ask_user:0.6422,"[[553, ""grep_search"", ""read_file""], [403, ""read_file"", ""list_directory""], [302, ""grep_search"", ""list_directory""], [226, ""read_file"", ""grep_search""], [211, ""list_directory"", ""read_file""], [202, ""glob_pattern"", ""read_file""], [178, ""ask_user"", ""plan_task""], [168, ""glob_pattern"", ""list_directory""]]","{""apply_patch"": 951, ""ask_user"": 463, ""edit_file"": 2242, ""glob_pattern"": 750, ""grep_search"": 1440, ""lint_or_typecheck"": 389, ""list_directory"": 1422, ""plan_task"": 619, ""read_file"": 2123, ""respond_only"": 1051, ""run_bash"": 1083, ""run_tests"": 896, ""web_search"": 267, ""write_file"": 305}",,experiments/logits/20260706_070504_gpu_transformer_session_current_v6_len384_replay-last1_v6_qwen3_06b_screen_val_logits.pt,,,1786.694,1152.085,"train_transformer.py --base-model Qwen/Qwen3-0.6B --lr 2e-5 --device cuda --split session --serializer current_v6 --max-length 384 --epochs 3 --batch-size 16 --eval-batch-size 64 --class-weight-power 0.5 --label-smoothing 0.02 --loss focal --focal-gamma 2.0 --replay-mode last1 --max-replay-samples 10000 --replay-sample-weight 0.5 --tune-bias --keep-threshold 0.0 --tokenize-batch-size 1024 --no-research-log --seed 42 --save-val-model --save-fp16 --epoch-checkpoint-dir /content/drive/MyDrive/AADP_exchange/models/v6_qwen3_06b_screen_ckpt --output-dir /content/drive/MyDrive/AADP_exchange/models/v6_qwen3_06b_screen --experiment-suffix v6_qwen3_06b_screen --notes 'FE lane: current_v6 screen (v5 + turn exact + lang dominance, no struct line); gate vs v1 anchor 0.770875, must beat v5 0.763387; len384 token check artifact 20260706_current_v6_qwen3_06b_token_lengths.json'","FE lane: current_v6 screen (v5 + turn exact + lang dominance, no struct line); gate vs v1 anchor 0.770875, must beat v5 0.763387; len384 token check artifact 20260706_current_v6_qwen3_06b_token_lengths.json",keep as GPU candidate
20260706_073502_gpu_transformer_session_oof_current_v6_len384_fold0-of3_replay-last1_v6_qwen3_06b_oof_fold0,torch_gpu_transformer,Qwen/Qwen3-0.6B,serialized prompt/action/workspace text,current_v6,session_oof_fold0_of3,42,0/3,384,3,2e-05,16,0.5,0.02,last1,10000,0.751121,0.754604,0.755131,0.755131,list_directory:0.4528;read_file:0.5760;grep_search:0.5984;ask_user:0.6303;glob_pattern:0.6570,"[[943, ""grep_search"", ""read_file""], [635, ""read_file"", ""list_directory""], [487, ""grep_search"", ""list_directory""], [376, ""list_directory"", ""read_file""], [371, ""read_file"", ""grep_search""], [314, ""glob_pattern"", ""read_file""], [253, ""ask_user"", ""plan_task""], [248, ""glob_pattern"", ""list_directory""]]","{""apply_patch"": 1640, ""ask_user"": 803, ""edit_file"": 3706, ""glob_pattern"": 1425, ""grep_search"": 2401, ""lint_or_typecheck"": 764, ""list_directory"": 2210, ""plan_task"": 917, ""read_file"": 3563, ""respond_only"": 1726, ""run_bash"": 1590, ""run_tests"": 1618, ""web_search"": 473, ""write_file"": 498}",,experiments/logits/20260706_073502_gpu_transformer_session_oof_current_v6_len384_fold0-of3_replay-last1_v6_qwen3_06b_oof_fold0_val_logits.pt,,,1548.355,0.000,train_transformer.py --base-model Qwen/Qwen3-0.6B --lr 2e-5 --device cuda --split session_oof --n-folds 3 --serializer current_v6 --max-length 384 --epochs 3 --batch-size 16 --eval-batch-size 64 --class-weight-power 0.5 --label-smoothing 0.02 --loss focal --focal-gamma 2.0 --replay-mode last1 --max-replay-samples 10000 --replay-sample-weight 0.5 --tune-bias --keep-threshold 0.0 --tokenize-batch-size 1024 --no-research-log --seed 42 --save-fp16 --fold-id 0 --output-dir /content/drive/MyDrive/AADP_exchange/models/v6_qwen3_06b_oof_fold0 --experiment-suffix v6_qwen3_06b_oof_fold0 --notes 'FE lane: current_v6 Qwen3-0.6B OOF fold 0/3 (ep3 len384); screen 2stage 0.764251 narrowly above v5 0.763387 but below v1 band; judge vs M7 v1 OOF 2stage 0.758499 / +rules 0.767129',FE lane: current_v6 Qwen3-0.6B OOF fold 0/3 (ep3 len384); screen 2stage 0.764251 narrowly above v5 0.763387 but below v1 band; judge vs M7 v1 OOF 2stage 0.758499 / +rules 0.767129,oof fold complete; aggregate before decision
20260706_080306_gpu_transformer_session_oof_current_v6_len384_fold1-of3_replay-last1_v6_qwen3_06b_oof_fold1,torch_gpu_transformer,Qwen/Qwen3-0.6B,serialized prompt/action/workspace text,current_v6,session_oof_fold1_of3,42,1/3,384,3,2e-05,16,0.5,0.02,last1,10000,0.755099,0.758996,0.759764,0.759764,list_directory:0.4690;grep_search:0.5836;read_file:0.5881;ask_user:0.6502;glob_pattern:0.6675,"[[1071, ""grep_search"", ""read_file""], [652, ""read_file"", ""list_directory""], [511, ""grep_search"", ""list_directory""], [382, ""list_directory"", ""read_file""], [336, ""glob_pattern"", ""read_file""], [261, ""glob_pattern"", ""list_directory""], [252, ""read_file"", ""grep_search""], [246, ""plan_task"", ""ask_user""]]","{""apply_patch"": 1646, ""ask_user"": 881, ""edit_file"": 3715, ""glob_pattern"": 1388, ""grep_search"": 2039, ""lint_or_typecheck"": 720, ""list_directory"": 2310, ""plan_task"": 846, ""read_file"": 3841, ""respond_only"": 1726, ""run_bash"": 1643, ""run_tests"": 1588, ""web_search"": 496, ""write_file"": 494}",,experiments/logits/20260706_080306_gpu_transformer_session_oof_current_v6_len384_fold1-of3_replay-last1_v6_qwen3_06b_oof_fold1_val_logits.pt,,,1547.347,0.000,train_transformer.py --base-model Qwen/Qwen3-0.6B --lr 2e-5 --device cuda --split session_oof --n-folds 3 --serializer current_v6 --max-length 384 --epochs 3 --batch-size 16 --eval-batch-size 64 --class-weight-power 0.5 --label-smoothing 0.02 --loss focal --focal-gamma 2.0 --replay-mode last1 --max-replay-samples 10000 --replay-sample-weight 0.5 --tune-bias --keep-threshold 0.0 --tokenize-batch-size 1024 --no-research-log --seed 42 --save-fp16 --fold-id 1 --output-dir /content/drive/MyDrive/AADP_exchange/models/v6_qwen3_06b_oof_fold1 --experiment-suffix v6_qwen3_06b_oof_fold1 --notes 'FE lane: current_v6 Qwen3-0.6B OOF fold 1/3 (ep3 len384); screen 2stage 0.764251 narrowly above v5 0.763387 but below v1 band; judge vs M7 v1 OOF 2stage 0.758499 / +rules 0.767129',FE lane: current_v6 Qwen3-0.6B OOF fold 1/3 (ep3 len384); screen 2stage 0.764251 narrowly above v5 0.763387 but below v1 band; judge vs M7 v1 OOF 2stage 0.758499 / +rules 0.767129,oof fold complete; aggregate before decision
20260706_c_m8_fp16_eager_v6_len,m8_t4_eager_fp16_timing,igorktech/Qwen3.5-0.8B-Base-LM,fp16 DeltaNet eager timing by serializer/max_length,current_v6,timing_probe,42,,352,,,64,,,,,,,,,,,,experiments/artifacts/20260706_c_m8_fp16_eager_v6_len.json,,,698.7692211217885,600.109,,colab/m8_fp16_eager_serializer_probe.py,projection uses same-VM Qwen3 denominator and M7 infer anchor; no compile path,YELLOW_needs_cascade_or_more_rows_cut
20260706_083053_gpu_transformer_session_oof_current_v6_len384_fold2-of3_replay-last1_v6_qwen3_06b_oof_fold2,torch_gpu_transformer,Qwen/Qwen3-0.6B,serialized prompt/action/workspace text,current_v6,session_oof_fold2_of3,42,2/3,384,3,2e-05,16,0.5,0.02,last1,10000,0.755268,0.757734,0.758176,0.758176,list_directory:0.4650;read_file:0.5791;grep_search:0.6152;ask_user:0.6393;glob_pattern:0.6451,"[[878, ""grep_search"", ""read_file""], [580, ""read_file"", ""list_directory""], [451, ""grep_search"", ""list_directory""], [417, ""read_file"", ""grep_search""], [398, ""list_directory"", ""read_file""], [321, ""glob_pattern"", ""read_file""], [280, ""ask_user"", ""plan_task""], [233, ""glob_pattern"", ""list_directory""]]","{""apply_patch"": 1602, ""ask_user"": 808, ""edit_file"": 3727, ""glob_pattern"": 1457, ""grep_search"": 2525, ""lint_or_typecheck"": 689, ""list_directory"": 2101, ""plan_task"": 959, ""read_file"": 3542, ""respond_only"": 1727, ""run_bash"": 1630, ""run_tests"": 1624, ""web_search"": 444, ""write_file"": 498}",,experiments/logits/20260706_083053_gpu_transformer_session_oof_current_v6_len384_fold2-of3_replay-last1_v6_qwen3_06b_oof_fold2_val_logits.pt,,,1545.767,0.000,train_transformer.py --base-model Qwen/Qwen3-0.6B --lr 2e-5 --device cuda --split session_oof --n-folds 3 --serializer current_v6 --max-length 384 --epochs 3 --batch-size 16 --eval-batch-size 64 --class-weight-power 0.5 --label-smoothing 0.02 --loss focal --focal-gamma 2.0 --replay-mode last1 --max-replay-samples 10000 --replay-sample-weight 0.5 --tune-bias --keep-threshold 0.0 --tokenize-batch-size 1024 --no-research-log --seed 42 --save-fp16 --fold-id 2 --output-dir /content/drive/MyDrive/AADP_exchange/models/v6_qwen3_06b_oof_fold2 --experiment-suffix v6_qwen3_06b_oof_fold2 --notes 'FE lane: current_v6 Qwen3-0.6B OOF fold 2/3 (ep3 len384); screen 2stage 0.764251 narrowly above v5 0.763387 but below v1 band; judge vs M7 v1 OOF 2stage 0.758499 / +rules 0.767129',FE lane: current_v6 Qwen3-0.6B OOF fold 2/3 (ep3 len384); screen 2stage 0.764251 narrowly above v5 0.763387 but below v1 band; judge vs M7 v1 OOF 2stage 0.758499 / +rules 0.767129,oof fold complete; aggregate before decision
v6_qwen3_06b_oof_len384_ep3,torch_gpu_transformer_oof,,serialized prompt/action/workspace text,,session_oof,,oof,,,,,,,,,0.753850,0.755835,0.756118,0.756118,list_directory:0.4600;read_file:0.5768;grep_search:0.6029;ask_user:0.6378;glob_pattern:0.6545,"[[2768, ""grep_search"", ""read_file""], [1763, ""read_file"", ""list_directory""], [1379, ""grep_search"", ""list_directory""], [1254, ""read_file"", ""grep_search""], [1167, ""list_directory"", ""read_file""], [937, ""glob_pattern"", ""read_file""], [817, ""ask_user"", ""plan_task""], [711, ""glob_pattern"", ""list_directory""]]","{""apply_patch"": 4902, ""ask_user"": 2498, ""edit_file"": 11152, ""glob_pattern"": 4277, ""grep_search"": 7507, ""lint_or_typecheck"": 2120, ""list_directory"": 6333, ""plan_task"": 2870, ""read_file"": 10672, ""respond_only"": 5178, ""run_bash"": 5043, ""run_tests"": 4710, ""web_search"": 1257, ""write_file"": 1481}",,experiments/logits/20260706_073502_gpu_transformer_session_oof_current_v6_len384_fold0-of3_replay-last1_v6_qwen3_06b_oof_fold0_val_logits.pt;experiments/logits/20260706_080306_gpu_transformer_session_oof_current_v6_len384_fold1-of3_replay-last1_v6_qwen3_06b_oof_fold1_val_logits.pt;experiments/logits/20260706_083053_gpu_transformer_session_oof_current_v6_len384_fold2-of3_replay-last1_v6_qwen3_06b_oof_fold2_val_logits.pt,,,,,,FE lane: current_v6 Qwen3-0.6B 3-fold OOF aggregate; judge vs M7 v1 OOF 2stage 0.758499 / +rules 0.767129 and v5 OOF 2stage 0.755129 / +rules 0.761686,oof aggregate complete
v6_qwen3_06b_oof_len384_ep3_rules,torch_gpu_transformer_oof_rule_boost,,OOF logits + deterministic sample/logit rule boosts,,session_oof,,oof,,,,,,,,,0.756118,0.762935,,0.762935,list_directory:0.4798;read_file:0.5843;grep_search:0.6018;glob_pattern:0.6572;ask_user:0.6604,"[[2930, ""grep_search"", ""read_file""], [1764, ""read_file"", ""list_directory""], [1386, ""grep_search"", ""list_directory""], [1133, ""list_directory"", ""read_file""], [1087, ""read_file"", ""grep_search""], [986, ""glob_pattern"", ""read_file""], [748, ""ask_user"", ""plan_task""], [741, ""glob_pattern"", ""list_directory""]]","{""apply_patch"": 4902, ""ask_user"": 2511, ""edit_file"": 11151, ""glob_pattern"": 4244, ""grep_search"": 6993, ""lint_or_typecheck"": 2152, ""list_directory"": 6530, ""plan_task"": 2820, ""read_file"": 11028, ""respond_only"": 5178, ""run_bash"": 4815, ""run_tests"": 4897, ""web_search"": 1297, ""write_file"": 1482}",experiments/artifacts/v6_qwen3_06b_oof_len384_ep3_rules_rule_boosts.json,experiments/logits/20260706_073502_gpu_transformer_session_oof_current_v6_len384_fold0-of3_replay-last1_v6_qwen3_06b_oof_fold0_val_logits.pt;experiments/logits/20260706_080306_gpu_transformer_session_oof_current_v6_len384_fold1-of3_replay-last1_v6_qwen3_06b_oof_fold1_val_logits.pt;experiments/logits/20260706_083053_gpu_transformer_session_oof_current_v6_len384_fold2-of3_replay-last1_v6_qwen3_06b_oof_fold2_val_logits.pt,,,,,,FE lane: current_v6 Qwen3-0.6B OOF + deterministic rule boosts; judge vs M7 v1 +rules 0.767129 and v5 +rules 0.761686,rule boost diagnostic complete
20260706_c_m8_fla_autotune_smoke,m8_fla_autotune_workaround,igorktech/Qwen3.5-0.8B-Base-LM,Qwen3.5 fast-path FLA Triton config/autotune workaround,current_v1,timing_probe,42,,400,,,64,,,,,,,,,,,,experiments/artifacts/20260706_c_m8_fla_autotune_smoke.json,,,,419.784,,colab/m8_fla_autotune_workaround_probe.py controller,First pass answers whether FLA fast path can survive one-batch T4 compile.,RED_all_workarounds_failed
20260706_c_m8_fla_kkt_grid,m8_fla_autotune_workaround,igorktech/Qwen3.5-0.8B-Base-LM,Qwen3.5 fast-path FLA Triton config/autotune workaround,current_v1,timing_probe,42,,400,,,64,,,,,,,,,,,,experiments/artifacts/20260706_c_m8_fla_kkt_grid.json,,,,247.893,,colab/m8_fla_autotune_workaround_probe.py controller,First pass answers whether FLA fast path can survive one-batch T4 compile.,RED_all_workarounds_failed
20260706_c_m8_fla050_kkt_grid,m8_fla_autotune_workaround,igorktech/Qwen3.5-0.8B-Base-LM,Qwen3.5 fast-path FLA Triton config/autotune workaround,current_v1,timing_probe,42,,400,,,64,,,,,,,,,,,,experiments/artifacts/20260706_c_m8_fla050_kkt_grid.json,,,,204.704,,colab/m8_fla_autotune_workaround_probe.py controller,First pass answers whether FLA fast path can survive one-batch T4 compile.,RED_all_workarounds_failed
20260706_c_m8_causal_only_ab,m8_causal_conv1d_only_timing,igorktech/Qwen3.5-0.8B-Base-LM,fp16 DeltaNet eager baseline vs causal-conv1d-only,current_v6,timing_probe,42,,352,,,64,,,,,,,,,,,,experiments/artifacts/20260706_c_m8_causal_only_ab.json,,,697.7788480168946,518.595,,colab/m8_causal_conv1d_only_probe.py controller,causal-conv1d isolated from FLA; projection rescales prior current_v6:352 C-lane anchor,YELLOW_small_speedup_only
20260706_094913_gpu_transformer_session_current_v6e_len400_replay-last1_v6e_qwen3_06b_screen_b8a2,torch_gpu_transformer,Qwen/Qwen3-0.6B,serialized prompt/action/workspace text,current_v6e,session,42,,400,3,2e-05,8,0.5,0.02,last1,10000,0.757528,0.762722,0.764074,0.764074,list_directory:0.4795;read_file:0.5809;grep_search:0.6034;glob_pattern:0.6393;plan_task:0.6640,"[[535, ""grep_search"", ""read_file""], [379, ""read_file"", ""list_directory""], [293, ""grep_search"", ""list_directory""], [235, ""read_file"", ""grep_search""], [195, ""list_directory"", ""read_file""], [192, ""glob_pattern"", ""read_file""], [163, ""plan_task"", ""ask_user""], [162, ""glob_pattern"", ""list_directory""]]","{""apply_patch"": 950, ""ask_user"": 594, ""edit_file"": 2241, ""glob_pattern"": 804, ""grep_search"": 1480, ""lint_or_typecheck"": 378, ""list_directory"": 1383, ""plan_task"": 469, ""read_file"": 2089, ""respond_only"": 1051, ""run_bash"": 1049, ""run_tests"": 932, ""web_search"": 278, ""write_file"": 303}",,experiments/logits/20260706_094913_gpu_transformer_session_current_v6e_len400_replay-last1_v6e_qwen3_06b_screen_b8a2_val_logits.pt,,,2109.791,1152.085,train_transformer.py --base-model Qwen/Qwen3-0.6B --lr 2e-5 --device cuda --split session --serializer current_v6e --max-length 400 --epochs 3 --batch-size 8 --grad-accum-steps 2 --eval-batch-size 64 --class-weight-power 0.5 --label-smoothing 0.02 --loss focal --focal-gamma 2.0 --replay-mode last1 --max-replay-samples 10000 --replay-sample-weight 0.5 --tune-bias --keep-threshold 0.0 --tokenize-batch-size 1024 --no-research-log --seed 42 --save-val-model --save-fp16 --epoch-checkpoint-dir /content/drive/MyDrive/AADP_exchange/models/v6e_qwen3_06b_screen_b8a2_ckpt --output-dir /content/drive/MyDrive/AADP_exchange/models/v6e_qwen3_06b_screen_b8a2 --experiment-suffix v6e_qwen3_06b_screen_b8a2 --notes 'FE lane: current_v6e screen stability rerun after batch16 fp16 NaN; len400 zero truncation; microbatch8 accum2 effective batch16',FE lane: current_v6e screen stability rerun after batch16 fp16 NaN; len400 zero truncation; microbatch8 accum2 effective batch16,keep as GPU candidate
20260706_122725_gpu_transformer_session_current_v6_len384_replay-last1_v6_qwen3_06b_refit,torch_gpu_transformer_final_refit,Qwen/Qwen3-0.6B,serialized prompt/action/workspace text,current_v6,final_refit,42,,384,3,2e-05,16,0.5,0.02,last1,10000,,,,0.762935,list_directory:0.4798;read_file:0.5843;grep_search:0.6018;glob_pattern:0.6572;ask_user:0.6604,,,/content/drive/MyDrive/AADP_exchange/models/v6_qwen3_06b_refit,,,,2130.423,1152.088,train_transformer.py --base-model Qwen/Qwen3-0.6B --lr 2e-5 --device cuda --split session --serializer current_v6 --max-length 384 --epochs 3 --batch-size 16 --eval-batch-size 64 --class-weight-power 0.5 --label-smoothing 0.02 --loss focal --focal-gamma 2.0 --replay-mode last1 --max-replay-samples 10000 --replay-sample-weight 0.5 --tune-bias --keep-threshold 0.0 --tokenize-batch-size 1024 --class-bias-artifact experiments/artifacts/v6_qwen3_06b_oof_len384_ep3_rules_rule_boosts.json --rule-boosts-path experiments/artifacts/v6_qwen3_06b_oof_len384_ep3_rules_rule_boosts.json --no-research-log --seed 42 --save-fp16 --epoch-checkpoint-dir /content/drive/MyDrive/AADP_exchange/models/v6_qwen3_06b_refit_ckpt --output-dir /content/drive/MyDrive/AADP_exchange/models/v6_qwen3_06b_refit --experiment-suffix v6_qwen3_06b_refit --notes 'current_v6 Qwen3-0.6B len384 FULL-DATA refit; OOF +rules artifact injected; packaging candidate for timing/cascade only' --final-model --final-only,current_v6 Qwen3-0.6B len384 FULL-DATA refit; OOF +rules artifact injected; packaging candidate for timing/cascade only,final transformer refit complete; requires sparse artifact and package smoke test
20260706_blend_m7v5v6_oof,torch_gpu_transformer_oof,,serialized prompt/action/workspace text,,session_oof,,oof,,,,,,,,,0.763235,0.765844,0.766430,0.766430,list_directory:0.4846;read_file:0.5953;grep_search:0.6161;ask_user:0.6457;glob_pattern:0.6621,"[[2669, ""grep_search"", ""read_file""], [1727, ""read_file"", ""list_directory""], [1409, ""grep_search"", ""list_directory""], [1217, ""read_file"", ""grep_search""], [1013, ""list_directory"", ""read_file""], [891, ""glob_pattern"", ""read_file""], [787, ""ask_user"", ""plan_task""], [780, ""glob_pattern"", ""list_directory""]]","{""apply_patch"": 4881, ""ask_user"": 2388, ""edit_file"": 11155, ""glob_pattern"": 4123, ""grep_search"": 7573, ""lint_or_typecheck"": 2044, ""list_directory"": 6582, ""plan_task"": 2807, ""read_file"": 10493, ""respond_only"": 5180, ""run_bash"": 5001, ""run_tests"": 4862, ""web_search"": 1426, ""write_file"": 1485}",,experiments/logits/20260706_blend_m7v5v6_fold_all_val_logits.pt,,,,,,OOF-diversity probe: softmax-weight blend of existing fold logits (weights from coarse grid),oof aggregate complete
20260706_blend_m7m8v6_oof,torch_gpu_transformer_oof,,serialized prompt/action/workspace text,,session_oof,,oof,,,,,,,,,0.770910,0.772438,0.772834,0.772834,list_directory:0.5006;read_file:0.6069;grep_search:0.6201;ask_user:0.6428;glob_pattern:0.6668,"[[2733, ""grep_search"", ""read_file""], [1707, ""read_file"", ""list_directory""], [1411, ""grep_search"", ""list_directory""], [1067, ""read_file"", ""grep_search""], [968, ""list_directory"", ""read_file""], [903, ""glob_pattern"", ""read_file""], [891, ""ask_user"", ""plan_task""], [783, ""glob_pattern"", ""list_directory""]]","{""apply_patch"": 4880, ""ask_user"": 2196, ""edit_file"": 11149, ""glob_pattern"": 4131, ""grep_search"": 7251, ""lint_or_typecheck"": 2191, ""list_directory"": 6681, ""plan_task"": 3096, ""read_file"": 10707, ""respond_only"": 5178, ""run_bash"": 4952, ""run_tests"": 4769, ""web_search"": 1342, ""write_file"": 1477}",,experiments/logits/20260706_blend_m7m8v6_fold_all_val_logits.pt,,,,,,OOF-diversity probe: softmax-weight blend of existing fold logits (weights from coarse grid),oof aggregate complete
20260706_blend_m7v6_oof,torch_gpu_transformer_oof,,serialized prompt/action/workspace text,,session_oof,,oof,,,,,,,,,0.761566,0.763242,0.763913,0.763913,list_directory:0.4806;read_file:0.6024;grep_search:0.6062;ask_user:0.6440;glob_pattern:0.6616,"[[2977, ""grep_search"", ""read_file""], [1646, ""read_file"", ""list_directory""], [1373, ""grep_search"", ""list_directory""], [1141, ""list_directory"", ""read_file""], [992, ""glob_pattern"", ""read_file""], [942, ""read_file"", ""grep_search""], [772, ""ask_user"", ""plan_task""], [739, ""glob_pattern"", ""list_directory""]]","{""apply_patch"": 4872, ""ask_user"": 2529, ""edit_file"": 11158, ""glob_pattern"": 4233, ""grep_search"": 6814, ""lint_or_typecheck"": 2082, ""list_directory"": 6346, ""plan_task"": 2764, ""read_file"": 11374, ""respond_only"": 5179, ""run_bash"": 5083, ""run_tests"": 4746, ""web_search"": 1329, ""write_file"": 1491}",,experiments/logits/20260706_blend_m7v6_fold_all_val_logits.pt,,,,,,OOF-diversity probe: softmax-weight blend of existing fold logits (weights from coarse grid),oof aggregate complete
20260706_blend_m7v5v6_oof_rules,torch_gpu_transformer_oof_rule_boost,,OOF logits + deterministic sample/logit rule boosts,,session_oof,,oof,,,,,,,,,0.766430,0.772394,,0.772394,list_directory:0.4993;read_file:0.5990;grep_search:0.6213;glob_pattern:0.6655;ask_user:0.6731,"[[2574, ""grep_search"", ""read_file""], [1611, ""read_file"", ""list_directory""], [1360, ""read_file"", ""grep_search""], [1313, ""grep_search"", ""list_directory""], [943, ""list_directory"", ""read_file""], [836, ""glob_pattern"", ""read_file""], [757, ""glob_pattern"", ""list_directory""], [712, ""ask_user"", ""plan_task""]]","{""apply_patch"": 4881, ""ask_user"": 2502, ""edit_file"": 11153, ""glob_pattern"": 4207, ""grep_search"": 7960, ""lint_or_typecheck"": 2226, ""list_directory"": 6375, ""plan_task"": 2793, ""read_file"": 10224, ""respond_only"": 5180, ""run_bash"": 4817, ""run_tests"": 4862, ""web_search"": 1335, ""write_file"": 1485}",experiments/artifacts/20260706_blend_m7v5v6_oof_rules_rule_boosts.json,experiments/logits/20260706_blend_m7v5v6_fold_all_val_logits.pt,,,,,,rules on 0.6B serializer-diversity blend,rule boost diagnostic complete
20260706_143327_gpu_transformer_session_current_v1_len384_qv200_replay-last1_kd_mech_smoke,torch_gpu_transformer,Qwen/Qwen3-0.6B,serialized prompt/action/workspace text,current_v1,session_quick200,42,,384,1,2e-05,4,0.5,0.02,last1,500,0.547442,,,0.547442,read_file:0.2727;web_search:0.3077;apply_patch:0.3750;ask_user:0.4615;list_directory:0.4706,"[[11, ""apply_patch"", ""edit_file""], [7, ""run_tests"", ""lint_or_typecheck""], [6, ""ask_user"", ""plan_task""], [6, ""read_file"", ""glob_pattern""], [5, ""grep_search"", ""glob_pattern""], [5, ""edit_file"", ""apply_patch""], [5, ""web_search"", ""plan_task""], [4, ""read_file"", ""grep_search""]]","{""apply_patch"": 15, ""ask_user"": 4, ""edit_file"": 25, ""glob_pattern"": 25, ""grep_search"": 17, ""lint_or_typecheck"": 17, ""list_directory"": 20, ""plan_task"": 24, ""read_file"": 5, ""respond_only"": 14, ""run_bash"": 13, ""run_tests"": 14, ""web_search"": 2, ""write_file"": 5}",,experiments/logits/20260706_143327_gpu_transformer_session_current_v1_len384_qv200_replay-last1_kd_mech_smoke_val_logits.pt,,,281.322,0.000,train_transformer.py --base-model Qwen/Qwen3-0.6B --device cuda --split session --data-dir /tmp/claude-1000/-home-tomto-projects-Agent-Action-Decision-Prediction/7c9bd16b-5f76-4028-9120-60113914fd81/scratchpad/mini_data --serializer current_v1 --max-length 384 --epochs 1 --batch-size 4 --grad-accum-steps 4 --eval-batch-size 16 --lr 2e-5 --loss focal --focal-gamma 2.0 --class-weight-power 0.5 --label-smoothing 0.02 --replay-mode last1 --max-replay-samples 500 --replay-sample-weight 0.5 --gradient-checkpointing --optim adamw8bit --distill-logits experiments/logits/20260706_blend_m7v5v6_fold_all_val_logits.pt --distill-alpha 0.5 --distill-temp 2.0 --quick-val-size 200 --tokenize-batch-size 512 --seed 42 --no-research-log --output-dir /tmp/claude-1000/-home-tomto-projects-Agent-Action-Decision-Prediction/7c9bd16b-5f76-4028-9120-60113914fd81/scratchpad/kd_smoke_out --experiment-suffix kd_mech_smoke,Qwen/Qwen3-0.6B,screening only; require full fixed-session validation
20260706_blend_m7m8v6_oof_rules,torch_gpu_transformer_oof_rule_boost,,OOF logits + deterministic sample/logit rule boosts,,session_oof,,oof,,,,,,,,,0.772834,0.778175,,0.778175,list_directory:0.5089;read_file:0.6104;grep_search:0.6207;ask_user:0.6679;glob_pattern:0.6700,"[[2817, ""grep_search"", ""read_file""], [1579, ""read_file"", ""list_directory""], [1305, ""grep_search"", ""list_directory""], [1054, ""read_file"", ""grep_search""], [999, ""list_directory"", ""read_file""], [926, ""glob_pattern"", ""read_file""], [795, ""ask_user"", ""plan_task""], [743, ""glob_pattern"", ""list_directory""]]","{""apply_patch"": 4881, ""ask_user"": 2327, ""edit_file"": 11147, ""glob_pattern"": 4251, ""grep_search"": 7186, ""lint_or_typecheck"": 2218, ""list_directory"": 6369, ""plan_task"": 2978, ""read_file"": 10958, ""respond_only"": 5178, ""run_bash"": 4860, ""run_tests"": 4835, ""web_search"": 1335, ""write_file"": 1477}",experiments/artifacts/20260706_blend_m7m8v6_oof_rules_rule_boosts.json,experiments/logits/20260706_blend_m7m8v6_fold_all_val_logits.pt,,,,,,rules on m7+m8+v6 blend (ceiling),rule boost diagnostic complete
20260706_blend_m7v6_oof_rules,torch_gpu_transformer_oof_rule_boost,,OOF logits + deterministic sample/logit rule boosts,,session_oof,,oof,,,,,,,,,0.763913,0.770680,,0.770680,list_directory:0.4974;read_file:0.5972;grep_search:0.6204;ask_user:0.6587;glob_pattern:0.6657,"[[2602, ""grep_search"", ""read_file""], [1689, ""read_file"", ""list_directory""], [1426, ""grep_search"", ""list_directory""], [1204, ""read_file"", ""grep_search""], [985, ""list_directory"", ""read_file""], [866, ""glob_pattern"", ""read_file""], [784, ""glob_pattern"", ""list_directory""], [775, ""ask_user"", ""plan_task""]]","{""apply_patch"": 4876, ""ask_user"": 2433, ""edit_file"": 11163, ""glob_pattern"": 4360, ""grep_search"": 7392, ""lint_or_typecheck"": 2065, ""list_directory"": 6657, ""plan_task"": 2890, ""read_file"": 10356, ""respond_only"": 5179, ""run_bash"": 4887, ""run_tests"": 4947, ""web_search"": 1303, ""write_file"": 1492}",experiments/artifacts/20260706_blend_m7v6_oof_rules_rule_boosts.json,experiments/logits/20260706_blend_m7v6_fold_all_val_logits.pt,,,,,,rules on minimal 2-leg m7+v6 blend,rule boost diagnostic complete
20260706_cascade_v6base_r20_oof,torch_gpu_transformer_oof,,serialized prompt/action/workspace text,,session_oof,,oof,,,,,,,,,0.759208,0.761273,0.761703,0.761703,list_directory:0.4763;read_file:0.5983;grep_search:0.6047;ask_user:0.6177;glob_pattern:0.6595,"[[2958, ""grep_search"", ""read_file""], [1650, ""read_file"", ""list_directory""], [1365, ""grep_search"", ""list_directory""], [1146, ""list_directory"", ""read_file""], [986, ""read_file"", ""grep_search""], [981, ""glob_pattern"", ""read_file""], [977, ""ask_user"", ""plan_task""], [735, ""glob_pattern"", ""list_directory""]]","{""apply_patch"": 4900, ""ask_user"": 2101, ""edit_file"": 11143, ""glob_pattern"": 4281, ""grep_search"": 6899, ""lint_or_typecheck"": 2105, ""list_directory"": 6308, ""plan_task"": 3213, ""read_file"": 11280, ""respond_only"": 5177, ""run_bash"": 4956, ""run_tests"": 4828, ""web_search"": 1301, ""write_file"": 1508}",,experiments/logits/20260706_cascade_v6base_r20_fold_all_val_logits.pt,,,,,,"routed cascade OOF: v6 base full pass, bottom-20% v6-margin rows blended 0.5/0.5 with m7",oof aggregate complete
20260706_cascade_v6base_r20_oof_rules,torch_gpu_transformer_oof_rule_boost,,OOF logits + deterministic sample/logit rule boosts,,session_oof,,oof,,,,,,,,,0.761703,0.767901,,0.767901,list_directory:0.4912;read_file:0.5963;grep_search:0.6133;ask_user:0.6549;glob_pattern:0.6595,"[[2746, ""grep_search"", ""read_file""], [1662, ""read_file"", ""list_directory""], [1400, ""grep_search"", ""list_directory""], [1161, ""read_file"", ""grep_search""], [1046, ""list_directory"", ""read_file""], [938, ""glob_pattern"", ""read_file""], [795, ""ask_user"", ""plan_task""], [770, ""glob_pattern"", ""list_directory""]]","{""apply_patch"": 4900, ""ask_user"": 2381, ""edit_file"": 11142, ""glob_pattern"": 4236, ""grep_search"": 7266, ""lint_or_typecheck"": 2292, ""list_directory"": 6526, ""plan_task"": 2919, ""read_file"": 10743, ""respond_only"": 5177, ""run_bash"": 4794, ""run_tests"": 4800, ""web_search"": 1316, ""write_file"": 1508}",experiments/artifacts/20260706_cascade_v6base_r20_oof_rules_rule_boosts.json,experiments/logits/20260706_cascade_v6base_r20_fold_all_val_logits.pt,,,,,,rules on routed-20pct cascade distribution (v6 base + m7 on bottom-margin rows),rule boost diagnostic complete
20260706_164744_gpu_transformer_session_current_v1_len416_replay-last1_kd_m8blend_qwen3_screen,torch_gpu_transformer,Qwen/Qwen3-0.6B,serialized prompt/action/workspace text,current_v1,session,42,,416,3,2e-05,16,0.5,0.02,last1,10000,0.780809,0.783273,0.784007,0.784007,list_directory:0.5106;read_file:0.6054;grep_search:0.6254;glob_pattern:0.6535;ask_user:0.6875,"[[484, ""grep_search"", ""read_file""], [348, ""read_file"", ""list_directory""], [283, ""grep_search"", ""list_directory""], [241, ""read_file"", ""grep_search""], [166, ""glob_pattern"", ""read_file""], [166, ""list_directory"", ""read_file""], [165, ""ask_user"", ""plan_task""], [163, ""glob_pattern"", ""list_directory""]]","{""apply_patch"": 959, ""ask_user"": 453, ""edit_file"": 2228, ""glob_pattern"": 825, ""grep_search"": 1539, ""lint_or_typecheck"": 400, ""list_directory"": 1382, ""plan_task"": 619, ""read_file"": 1995, ""respond_only"": 1051, ""run_bash"": 1052, ""run_tests"": 927, ""web_search"": 266, ""write_file"": 305}",,experiments/logits/20260706_164744_gpu_transformer_session_current_v1_len416_replay-last1_kd_m8blend_qwen3_screen_val_logits.pt,,,2070.533,1152.085,"train_transformer.py --base-model Qwen/Qwen3-0.6B --lr 2e-5 --device cuda --split session --serializer current_v1 --max-length 416 --epochs 3 --batch-size 16 --eval-batch-size 64 --class-weight-power 0.5 --label-smoothing 0.02 --loss focal --focal-gamma 2.0 --replay-mode last1 --max-replay-samples 10000 --replay-sample-weight 0.5 --distill-logits experiments/logits/20260706_blend_m7m8v6_fold_all_val_logits.pt --distill-alpha 0.5 --distill-temp 2.0 --tune-bias --keep-threshold 0.0 --tokenize-batch-size 1024 --seed 42 --no-research-log --save-val-model --save-fp16 --epoch-checkpoint-dir /content/drive/MyDrive/AADP_exchange/models/kd_m8blend_qwen3_screen_ckpt --output-dir /content/drive/MyDrive/AADP_exchange/models/kd_m8blend_qwen3_screen --experiment-suffix kd_m8blend_qwen3_screen --notes 'KD lane RELAUNCH (lane A recycled mid-epoch2): Qwen3-0.6B student, teacher=OOF blend m7+m8+v6 (2stage 0.7728), alpha 0.5 T2.0, champion v1 recipe; gate fixed 2stage vs v1 anchor 0.770875'","KD lane RELAUNCH (lane A recycled mid-epoch2): Qwen3-0.6B student, teacher=OOF blend m7+m8+v6 (2stage 0.7728), alpha 0.5 T2.0, champion v1 recipe; gate fixed 2stage vs v1 anchor 0.770875",keep as GPU candidate
20260706_172553_gpu_transformer_session_oof_current_v1_len416_fold0-of3_replay-last1_kd_oof_len416_ep3_fold0,torch_gpu_transformer,Qwen/Qwen3-0.6B,serialized prompt/action/workspace text,current_v1,session_oof_fold0_of3,42,0/3,416,3,2e-05,16,0.5,0.02,last1,10000,0.782423,0.783707,0.784051,0.784051,list_directory:0.5056;read_file:0.6097;grep_search:0.6419;glob_pattern:0.6762;ask_user:0.6860,"[[726, ""grep_search"", ""read_file""], [549, ""read_file"", ""grep_search""], [492, ""read_file"", ""list_directory""], [421, ""grep_search"", ""list_directory""], [284, ""list_directory"", ""read_file""], [247, ""glob_pattern"", ""read_file""], [231, ""glob_pattern"", ""list_directory""], [222, ""ask_user"", ""plan_task""]]","{""apply_patch"": 1643, ""ask_user"": 857, ""edit_file"": 3711, ""glob_pattern"": 1382, ""grep_search"": 3002, ""lint_or_typecheck"": 808, ""list_directory"": 2026, ""plan_task"": 902, ""read_file"": 3179, ""respond_only"": 1725, ""run_bash"": 1600, ""run_tests"": 1562, ""web_search"": 442, ""write_file"": 495}",,experiments/logits/20260706_172553_gpu_transformer_session_oof_current_v1_len416_fold0-of3_replay-last1_kd_oof_len416_ep3_fold0_val_logits.pt,,,1790.360,0.000,"train_transformer.py --base-model Qwen/Qwen3-0.6B --lr 2e-05 --device cuda --split session_oof --n-folds 3 --fold-id 0 --serializer current_v1 --max-length 416 --epochs 3 --batch-size 16 --eval-batch-size 64 --class-weight-power 0.5 --label-smoothing 0.02 --loss focal --focal-gamma 2.0 --replay-mode last1 --max-replay-samples 10000 --replay-sample-weight 0.5 --distill-logits experiments/logits/20260706_blend_m7m8v6_fold_all_val_logits.pt --distill-alpha 0.5 --distill-temp 2.0 --tune-bias --keep-threshold 0.0 --tokenize-batch-size 1024 --seed 42 --no-research-log --experiment-suffix kd_oof_len416_ep3_fold0 --notes 'KD student 3-fold OOF fold0 (teacher=blend m7+m8+v6, alpha0.5 T2.0); chain for bias/rules tuning ahead of KD refit'","KD student 3-fold OOF fold0 (teacher=blend m7+m8+v6, alpha0.5 T2.0); chain for bias/rules tuning ahead of KD refit",oof fold complete; aggregate before decision
20260706_175902_gpu_transformer_session_oof_current_v1_len416_fold1-of3_replay-last1_kd_oof_len416_ep3_fold1,torch_gpu_transformer,Qwen/Qwen3-0.6B,serialized prompt/action/workspace text,current_v1,session_oof_fold1_of3,42,1/3,416,3,2e-05,16,0.5,0.02,last1,10000,0.782341,0.785110,0.786440,0.786440,list_directory:0.5211;read_file:0.6058;grep_search:0.6526;ask_user:0.6683;glob_pattern:0.6883,"[[643, ""grep_search"", ""read_file""], [564, ""read_file"", ""grep_search""], [547, ""read_file"", ""list_directory""], [458, ""grep_search"", ""list_directory""], [285, ""ask_user"", ""plan_task""], [273, ""glob_pattern"", ""list_directory""], [228, ""list_directory"", ""read_file""], [199, ""glob_pattern"", ""read_file""]]","{""apply_patch"": 1641, ""ask_user"": 701, ""edit_file"": 3710, ""glob_pattern"": 1482, ""grep_search"": 2969, ""lint_or_typecheck"": 779, ""list_directory"": 2238, ""plan_task"": 1044, ""read_file"": 2886, ""respond_only"": 1726, ""run_bash"": 1597, ""run_tests"": 1598, ""web_search"": 466, ""write_file"": 496}",,experiments/logits/20260706_175902_gpu_transformer_session_oof_current_v1_len416_fold1-of3_replay-last1_kd_oof_len416_ep3_fold1_val_logits.pt,,,1794.632,0.000,train_transformer.py --base-model Qwen/Qwen3-0.6B --lr 2e-05 --device cuda --split session_oof --n-folds 3 --fold-id 1 --serializer current_v1 --max-length 416 --epochs 3 --batch-size 16 --eval-batch-size 64 --class-weight-power 0.5 --label-smoothing 0.02 --loss focal --focal-gamma 2.0 --replay-mode last1 --max-replay-samples 10000 --replay-sample-weight 0.5 --distill-logits experiments/logits/20260706_blend_m7m8v6_fold_all_val_logits.pt --distill-alpha 0.5 --distill-temp 2.0 --tune-bias --keep-threshold 0.0 --tokenize-batch-size 1024 --seed 42 --no-research-log --experiment-suffix kd_oof_len416_ep3_fold1 --notes 'KD student 3-fold OOF fold1',KD student 3-fold OOF fold1,oof fold complete; aggregate before decision
20260706_183147_gpu_transformer_session_oof_current_v1_len416_fold2-of3_replay-last1_kd_oof_len416_ep3_fold2,torch_gpu_transformer,Qwen/Qwen3-0.6B,serialized prompt/action/workspace text,current_v1,session_oof_fold2_of3,42,2/3,416,3,2e-05,16,0.5,0.02,last1,10000,0.783776,0.784322,0.785397,0.785397,list_directory:0.5143;grep_search:0.6182;read_file:0.6253;glob_pattern:0.6617;ask_user:0.6895,"[[1035, ""grep_search"", ""read_file""], [563, ""read_file"", ""list_directory""], [441, ""grep_search"", ""list_directory""], [346, ""list_directory"", ""read_file""], [327, ""glob_pattern"", ""read_file""], [259, ""ask_user"", ""plan_task""], [249, ""glob_pattern"", ""list_directory""], [183, ""read_file"", ""grep_search""]]","{""apply_patch"": 1607, ""ask_user"": 791, ""edit_file"": 3730, ""glob_pattern"": 1452, ""grep_search"": 2031, ""lint_or_typecheck"": 727, ""list_directory"": 2201, ""plan_task"": 986, ""read_file"": 3910, ""respond_only"": 1726, ""run_bash"": 1672, ""run_tests"": 1570, ""web_search"": 435, ""write_file"": 495}",,experiments/logits/20260706_183147_gpu_transformer_session_oof_current_v1_len416_fold2-of3_replay-last1_kd_oof_len416_ep3_fold2_val_logits.pt,,,1789.757,0.000,train_transformer.py --base-model Qwen/Qwen3-0.6B --lr 2e-05 --device cuda --split session_oof --n-folds 3 --fold-id 2 --serializer current_v1 --max-length 416 --epochs 3 --batch-size 16 --eval-batch-size 64 --class-weight-power 0.5 --label-smoothing 0.02 --loss focal --focal-gamma 2.0 --replay-mode last1 --max-replay-samples 10000 --replay-sample-weight 0.5 --distill-logits experiments/logits/20260706_blend_m7m8v6_fold_all_val_logits.pt --distill-alpha 0.5 --distill-temp 2.0 --tune-bias --keep-threshold 0.0 --tokenize-batch-size 1024 --seed 42 --no-research-log --experiment-suffix kd_oof_len416_ep3_fold2 --notes 'KD student 3-fold OOF fold2',KD student 3-fold OOF fold2,oof fold complete; aggregate before decision
kd_m8blend_oof_len416_ep3,torch_gpu_transformer_oof,,serialized prompt/action/workspace text,,session_oof,,oof,,,,,,,,,0.782848,0.783121,0.783540,0.783540,list_directory:0.5123;read_file:0.6160;grep_search:0.6301;glob_pattern:0.6735;ask_user:0.6843,"[[2593, ""grep_search"", ""read_file""], [1623, ""read_file"", ""list_directory""], [1336, ""grep_search"", ""list_directory""], [1122, ""read_file"", ""grep_search""], [891, ""list_directory"", ""read_file""], [806, ""glob_pattern"", ""read_file""], [754, ""glob_pattern"", ""list_directory""], [712, ""ask_user"", ""plan_task""]]","{""apply_patch"": 4891, ""ask_user"": 2504, ""edit_file"": 11166, ""glob_pattern"": 4361, ""grep_search"": 7522, ""lint_or_typecheck"": 2321, ""list_directory"": 6504, ""plan_task"": 2790, ""read_file"": 10367, ""respond_only"": 5177, ""run_bash"": 4940, ""run_tests"": 4650, ""web_search"": 1325, ""write_file"": 1482}",,experiments/logits/20260706_172553_gpu_transformer_session_oof_current_v1_len416_fold0-of3_replay-last1_kd_oof_len416_ep3_fold0_val_logits.pt;experiments/logits/20260706_175902_gpu_transformer_session_oof_current_v1_len416_fold1-of3_replay-last1_kd_oof_len416_ep3_fold1_val_logits.pt;experiments/logits/20260706_183147_gpu_transformer_session_oof_current_v1_len416_fold2-of3_replay-last1_kd_oof_len416_ep3_fold2_val_logits.pt,,,,,,KD student (teacher=blend m7+m8+v6 alpha0.5 T2.0) 3-fold OOF aggregate; feeds rules tuning ahead of KD refit; mildly optimistic (teacher/student share fold split),oof aggregate complete
kd_m8blend_oof_len416_ep3_rules,torch_gpu_transformer_oof_rule_boost,,OOF logits + deterministic sample/logit rule boosts,,session_oof,,oof,,,,,,,,,0.783540,0.786984,,0.786984,list_directory:0.5152;read_file:0.6156;grep_search:0.6347;glob_pattern:0.6735;ask_user:0.6980,"[[2470, ""grep_search"", ""read_file""], [1579, ""read_file"", ""list_directory""], [1295, ""grep_search"", ""list_directory""], [1258, ""read_file"", ""grep_search""], [860, ""list_directory"", ""read_file""], [767, ""glob_pattern"", ""read_file""], [746, ""glob_pattern"", ""list_directory""], [714, ""ask_user"", ""plan_task""]]","{""apply_patch"": 4891, ""ask_user"": 2402, ""edit_file"": 11164, ""glob_pattern"": 4361, ""grep_search"": 7911, ""lint_or_typecheck"": 2321, ""list_directory"": 6400, ""plan_task"": 2890, ""read_file"": 10080, ""respond_only"": 5177, ""run_bash"": 4939, ""run_tests"": 4650, ""web_search"": 1332, ""write_file"": 1482}",experiments/artifacts/kd_m8blend_oof_len416_ep3_rules_rule_boosts.json,experiments/logits/20260706_172553_gpu_transformer_session_oof_current_v1_len416_fold0-of3_replay-last1_kd_oof_len416_ep3_fold0_val_logits.pt;experiments/logits/20260706_175902_gpu_transformer_session_oof_current_v1_len416_fold1-of3_replay-last1_kd_oof_len416_ep3_fold1_val_logits.pt;experiments/logits/20260706_183147_gpu_transformer_session_oof_current_v1_len416_fold2-of3_replay-last1_kd_oof_len416_ep3_fold2_val_logits.pt,,,,,,12-rule tune on KD student OOF; feeds KD refit pack,rule boost diagnostic complete
20260707_hcx05b_len384_screen_seed42,torch_gpu_transformer,naver-hyperclovax/HyperCLOVAX-SEED-Text-Instruct-0.5B,serialized prompt/action/workspace text,current_v1,session,42,,384,3,2e-05,16,0.5,0.02,last1,10000,0.765997,0.768743,0.769796,0.769796,list_directory:0.5011;read_file:0.6139;grep_search:0.6190;ask_user:0.6310;glob_pattern:0.6431,,,,experiments/logits/20260707_hcx05b_len384_screen_seed42_val_logits.pt,,,,,,"HCX-0.5B (HyperCLOVAX-SEED-Text-Instruct-0.5B) base-model swap on the champion recipe (current_v1, focal ep3, replay last1 cap10000); len384 zero-truncation (HCX tokenizer mean 200 vs Qwen 226, -11%). Fixed-session screen only, no rule boosts layer.","screen passed; full refit packaged separately, see 20260707_hcx05b_refit row"
20260707_hcx05b_refit,torch_gpu_transformer_final_refit,naver-hyperclovax/HyperCLOVAX-SEED-Text-Instruct-0.5B,serialized prompt/action/workspace text,current_v1,final_refit,42,,384,3,2e-05,16,0.5,0.02,last1,10000,,,,0.785153,,,,experiments/incoming/models/hcx05b_refit,experiments/logits/20260707_hcx05b_len384_screen_seed42_val_logits.pt,,389,,512,,"Full-data refit, base-model swap onto champion recipe (current_v1, len384). Class bias injected from the fixed-screen 2-stage tune (0.769796) — final-refit itself has no val split. No rule-boosts layer. Public 0.7851528, inference 6:29/10:00.",current best Public score; packaged as submissions/hcx05b_refit.zip
20260707_blend_hcx_xlmr_base448_fixed,logit_blend_fixed,,serialized prompt/action/workspace text,,session,42,,,,,,,,,,0.769844,,0.773907,0.773907,list_directory:0.5040;grep_search:0.6116;read_file:0.6181;glob_pattern:0.6495;ask_user:0.6814,,,experiments/artifacts/20260707_hcx_xlmr_blend_probe.json,,,,,,"scratchpad hcx_xlmr_blend_probe.py (CPU, existing val logits)","hcx_weight=0.7; gain_vs_hcx_2stage=+0.004111; HCX-0.5B x xlm-r-base len448 softmax blend, fixed seed42; w50 2stage 0.771798 (+0.0020); best-w(0.70 val-tuned) shown",probe only
20260707_blend_hcx_xlmr_large448_fixed,logit_blend_fixed,,serialized prompt/action/workspace text,,session,42,,,,,,,,,,0.773321,,0.777122,0.777122,list_directory:0.5107;read_file:0.6053;grep_search:0.6285;glob_pattern:0.6420;plan_task:0.6939,,,experiments/artifacts/20260707_hcx_xlmr_blend_probe.json,,,,,,"scratchpad hcx_xlmr_blend_probe.py (CPU, existing val logits)","hcx_weight=0.5; gain_vs_hcx_2stage=+0.007326; HCX-0.5B x xlm-r-large len448 softmax blend, fixed seed42; best-w(0.45) 2stage 0.776607",probe only
20260707_blend_hcx_m7qwen3_fixed,logit_blend_fixed,,serialized prompt/action/workspace text,,session,42,,,,,,,,,,0.774114,,0.778619,0.778619,list_directory:0.5035;grep_search:0.6130;read_file:0.6192;glob_pattern:0.6495;ask_user:0.6912,,,experiments/artifacts/20260707_hcx_xlmr_blend_probe.json,,,,,,"scratchpad hcx_xlmr_blend_probe.py (CPU, existing val logits)","hcx_weight=0.55; gain_vs_hcx_2stage=+0.008823; HCX-0.5B x m7 Qwen3-0.6B softmax blend, fixed seed42, uniform-method rerun of parked benchmark; w50 2stage 0.778377 (recorded handoff benchmark was 0.7725 — method差)",probe only
20260707_092948_gpu_transformer_session_current_v1_len384_replay-last1_rdrop_a1_hcx05b_screen,torch_gpu_transformer,naver-hyperclovax/HyperCLOVAX-SEED-Text-Instruct-0.5B,serialized prompt/action/workspace text,current_v1,session,42,,384,3,2e-05,16,0.5,0.02,last1,10000,0.773416,0.775251,0.776188,0.776188,list_directory:0.5035;read_file:0.6047;grep_search:0.6322;glob_pattern:0.6494;ask_user:0.6836,"[[440, ""grep_search"", ""read_file""], [344, ""read_file"", ""list_directory""], [290, ""grep_search"", ""list_directory""], [273, ""read_file"", ""grep_search""], [169, ""glob_pattern"", ""list_directory""], [164, ""list_directory"", ""read_file""], [151, ""glob_pattern"", ""read_file""], [143, ""plan_task"", ""ask_user""]]","{""apply_patch"": 959, ""ask_user"": 570, ""edit_file"": 2223, ""glob_pattern"": 806, ""grep_search"": 1653, ""lint_or_typecheck"": 355, ""list_directory"": 1378, ""plan_task"": 506, ""read_file"": 1910, ""respond_only"": 1050, ""run_bash"": 1082, ""run_tests"": 932, ""web_search"": 270, ""write_file"": 307}",,experiments/logits/20260707_092948_gpu_transformer_session_current_v1_len384_replay-last1_rdrop_a1_hcx05b_screen_val_logits.pt,,,5611.911,1090.625,train_transformer.py --base-model naver-hyperclovax/HyperCLOVAX-SEED-Text-Instruct-0.5B --lr 2e-5 --device cuda --split session --serializer current_v1 --max-length 384 --epochs 3 --batch-size 16 --grad-accum-steps 1 --gradient-checkpointing --eval-batch-size 64 --class-weight-power 0.5 --label-smoothing 0.02 --loss focal --focal-gamma 2.0 --replay-mode last1 --max-replay-samples 10000 --replay-sample-weight 0.5 --rdrop-alpha 1.0 --dropout 0.1 --tune-bias --keep-threshold 0.0 --tokenize-batch-size 1024 --no-research-log --seed 42 --save-val-model --save-fp16 --epoch-checkpoint-dir /content/drive/MyDrive/AADP_exchange_b/models/rdrop_a1_hcx05b_screen_ckpt --output-dir /content/drive/MyDrive/AADP_exchange_b/models/rdrop_a1_hcx05b_screen --experiment-suffix rdrop_a1_hcx05b_screen --notes 'R-Drop lane: alpha 1.0 attention-dropout 0.1 on HCX-0.5B champion v1 recipe len384 seed42; gate fixed 2stage vs HCX v1 anchor 0.769796; rdrop_kl in step logs must stay > 0',R-Drop lane: alpha 1.0 attention-dropout 0.1 on HCX-0.5B champion v1 recipe len384 seed42; gate fixed 2stage vs HCX v1 anchor 0.769796; rdrop_kl in step logs must stay > 0,keep as GPU candidate
20260707_100521_gpu_transformer_session_current_v1_len384_replay-last1_kd_hcx_m8_screen_s42,torch_gpu_transformer,naver-hyperclovax/HyperCLOVAX-SEED-Text-Instruct-0.5B,serialized prompt/action/workspace text,current_v1,session,42,,384,3,2e-05,16,0.5,0.02,last1,10000,0.783852,0.787077,0.787801,0.787801,list_directory:0.5181;read_file:0.6129;grep_search:0.6494;glob_pattern:0.6540;ask_user:0.6835,"[[394, ""grep_search"", ""read_file""], [314, ""read_file"", ""list_directory""], [313, ""read_file"", ""grep_search""], [276, ""grep_search"", ""list_directory""], [165, ""ask_user"", ""plan_task""], [158, ""list_directory"", ""read_file""], [157, ""glob_pattern"", ""list_directory""], [156, ""glob_pattern"", ""read_file""]]","{""apply_patch"": 961, ""ask_user"": 459, ""edit_file"": 2215, ""glob_pattern"": 799, ""grep_search"": 1758, ""lint_or_typecheck"": 365, ""list_directory"": 1326, ""plan_task"": 628, ""read_file"": 1863, ""respond_only"": 1051, ""run_bash"": 1080, ""run_tests"": 926, ""web_search"": 265, ""write_file"": 305}",,experiments/logits/20260707_100521_gpu_transformer_session_current_v1_len384_replay-last1_kd_hcx_m8_screen_s42_val_logits.pt,,,1875.565,1090.625,"train_transformer.py --base-model naver-hyperclovax/HyperCLOVAX-SEED-Text-Instruct-0.5B --lr 2e-5 --device cuda --split session --serializer current_v1 --max-length 384 --epochs 3 --batch-size 16 --grad-accum-steps 1 --eval-batch-size 64 --gradient-checkpointing --class-weight-power 0.5 --label-smoothing 0.02 --loss focal --focal-gamma 2.0 --replay-mode last1 --max-replay-samples 10000 --replay-sample-weight 0.5 --distill-logits /content/drive/MyDrive/AADP_exchange_c/teacher/m8_qwen35_refit_train70k_fp16.pt --distill-alpha 0.5 --distill-temp 3.0 --tune-bias --keep-threshold 0.0 --tokenize-batch-size 1024 --seed 42 --no-research-log --save-val-model --save-fp16 --epoch-checkpoint-dir /content/drive/MyDrive/AADP_exchange_c/models/kd_hcx_m8_screen_ckpt --output-dir /content/drive/MyDrive/AADP_exchange_c/models/kd_hcx_m8_screen --experiment-suffix kd_hcx_m8_screen_s42 --notes 'KD diversity-survival gate + bias source for synced kd_hcx_m8 pack: HCX-0.5B student, teacher=M8 full-refit train70k logits (alpha0.5 T3), kd_hcx_m8 recipe with --split session seed42 so val is held out; val logits feed hcx+m7 blend probe (gate: blend gain >= +0.005 vs student single, conservative due to teacher-saw-val inflation)'","KD diversity-survival gate + bias source for synced kd_hcx_m8 pack: HCX-0.5B student, teacher=M8 full-refit train70k logits (alpha0.5 T3), kd_hcx_m8 recipe with --split session seed42 so val is held out; val logits feed hcx+m7 blend probe (gate: blend gain >= +0.005 vs student single, conservative due to teacher-saw-val inflation)",keep as GPU candidate
20260707_blend_kd_hcx_m8_m7qwen3_fixed,logit_blend_fixed,,serialized prompt/action/workspace text,,session,42,,,,,,,,,,0.780384,,0.785075,0.785075,list_directory:0.5137;read_file:0.6167;grep_search:0.6290;glob_pattern:0.6526;ask_user:0.7052,,,experiments/artifacts/20260707_kd_hcx_m8_m7_blend_probe.json,,,,,,"scratchpad kd_hcx_m8_m7_blend_probe.py (CPU, kd_hcx_m8_screen_s42 held-out val logits x m7_qwen3)","hcx_weight=0.5; gain_vs_kd_student_single=-0.002727 (GATE FAIL, threshold +0.005). Diversity-survival test: same m7 pairing scored +0.0086 vs non-KD HCX (20260707_blend_hcx_m7qwen3_fixed) -- KD from M8 (Qwen3.5-0.8B, same decoder family as m7) already absorbed that diversity. best_w=0.85 (near-pure KD student) gain only +0.0005.",probe only; cascade-on-kd_hcx_m8 lane closed
20260707_102926_gpu_transformer_session_current_v1_len384_replay-last1_dropout_only_hcx05b_screen,torch_gpu_transformer,naver-hyperclovax/HyperCLOVAX-SEED-Text-Instruct-0.5B,serialized prompt/action/workspace text,current_v1,session,42,,384,3,2e-05,16,0.5,0.02,last1,10000,0.765322,0.767503,0.768854,0.768854,list_directory:0.4764;read_file:0.5990;grep_search:0.6074;glob_pattern:0.6458;ask_user:0.6909,"[[563, ""grep_search"", ""read_file""], [339, ""read_file"", ""list_directory""], [277, ""grep_search"", ""list_directory""], [240, ""list_directory"", ""read_file""], [195, ""glob_pattern"", ""read_file""], [166, ""read_file"", ""grep_search""], [149, ""glob_pattern"", ""list_directory""], [130, ""plan_task"", ""ask_user""]]","{""apply_patch"": 951, ""ask_user"": 555, ""edit_file"": 2240, ""glob_pattern"": 903, ""grep_search"": 1313, ""lint_or_typecheck"": 426, ""list_directory"": 1280, ""plan_task"": 521, ""read_file"": 2243, ""respond_only"": 1051, ""run_bash"": 1010, ""run_tests"": 923, ""web_search"": 281, ""write_file"": 304}",,experiments/logits/20260707_102926_gpu_transformer_session_current_v1_len384_replay-last1_dropout_only_hcx05b_screen_val_logits.pt,,,3078.138,1090.625,train_transformer.py --base-model naver-hyperclovax/HyperCLOVAX-SEED-Text-Instruct-0.5B --lr 2e-5 --device cuda --split session --serializer current_v1 --max-length 384 --epochs 3 --batch-size 16 --grad-accum-steps 1 --gradient-checkpointing --eval-batch-size 64 --class-weight-power 0.5 --label-smoothing 0.02 --loss focal --focal-gamma 2.0 --replay-mode last1 --max-replay-samples 10000 --replay-sample-weight 0.5 --dropout 0.1 --tune-bias --keep-threshold 0.0 --tokenize-batch-size 1024 --no-research-log --seed 42 --save-val-model --save-fp16 --epoch-checkpoint-dir /content/drive/MyDrive/AADP_exchange_b/models/dropout_only_hcx05b_screen_ckpt --output-dir /content/drive/MyDrive/AADP_exchange_b/models/dropout_only_hcx05b_screen --experiment-suffix dropout_only_hcx05b_screen --notes 'R-Drop ablation: dropout=0.1 (attention_dropout override) WITHOUT rdrop-alpha (KL term off) on HCX-0.5B champion v1 recipe len384 seed42; isolates whether the +0.0064 fixed 2stage gain from the rdrop_a1 screen (0.776188 vs anchor 0.769796) comes from the KL consistency term or just added dropout regularization',R-Drop ablation: dropout=0.1 (attention_dropout override) WITHOUT rdrop-alpha (KL term off) on HCX-0.5B champion v1 recipe len384 seed42; isolates whether the +0.0064 fixed 2stage gain from the rdrop_a1 screen (0.776188 vs anchor 0.769796) comes from the KL consistency term or just added dropout regularization,keep as GPU candidate
20260707_kd_m8_refit,torch_gpu_transformer_final_refit,naver-hyperclovax/HyperCLOVAX-SEED-Text-Instruct-0.5B,serialized prompt/action/workspace text,current_v1,final_refit,42,,384,3,2e-05,16,0.5,0.02,last1,10000,,,,0.7891,,,,experiments/incoming/models/kd_m8_refit,experiments/logits/20260707_100521_gpu_transformer_session_current_v1_len384_replay-last1_kd_hcx_m8_screen_s42_val_logits.pt,,392,,512,"train_transformer.py --base-model naver-hyperclovax/HyperCLOVAX-SEED-Text-Instruct-0.5B --lr 2e-5 --split session --serializer current_v1 --max-length 384 --epochs 3 --batch-size 16 --grad-accum-steps 1 --gradient-checkpointing --class-weight-power 0.5 --label-smoothing 0.02 --loss focal --focal-gamma 2.0 --replay-mode last1 --max-replay-samples 10000 --replay-sample-weight 0.5 --distill-logits m8_qwen35_refit_train70k_fp16.pt --distill-alpha 0.5 --distill-temp 3.0 --seed 42 --save-fp16 --final-model --final-only (teammate lane; canonical reconstruction)","Full-data KD refit absorbed from teammate handoff 2026-07-07: HCX-0.5B student, teacher=M8 (Qwen3.5-0.8B) full-refit train70k logits (alpha0.5 T3.0), champion recipe otherwise identical to hcx05b_refit. class_bias all zeros (final refit, untuned) — deployed as-is. Public 0.7891, inference 6:32/10:00. Deployed int8 verified bit-exactly derived from the fp16 checkpoint (219/219 tensors, int8-rowwise-v1 requant match; fp16 sha256 9e684faa...b1842). val_logits_path points at the matched-recipe lane-C screen (different instance, same recipe/seed).",new Public baseline; packaged as submissions/kd_m8_refit.zip
20260707_120118_gpu_transformer_session_current_v2_len448_replay-last1_v2_hcx05b_screen,torch_gpu_transformer,naver-hyperclovax/HyperCLOVAX-SEED-Text-Instruct-0.5B,serialized prompt/action/workspace text,current_v2,session,42,,448,3,2e-05,16,0.5,0.02,last1,10000,0.765973,0.767803,0.768813,0.768813,list_directory:0.4826;read_file:0.5954;grep_search:0.6205;glob_pattern:0.6380;ask_user:0.6817,"[[537, ""grep_search"", ""read_file""], [386, ""read_file"", ""list_directory""], [305, ""grep_search"", ""list_directory""], [220, ""list_directory"", ""read_file""], [210, ""glob_pattern"", ""read_file""], [168, ""glob_pattern"", ""list_directory""], [163, ""read_file"", ""grep_search""], [143, ""ask_user"", ""plan_task""]]","{""apply_patch"": 966, ""ask_user"": 538, ""edit_file"": 2221, ""glob_pattern"": 811, ""grep_search"": 1328, ""lint_or_typecheck"": 422, ""list_directory"": 1422, ""plan_task"": 549, ""read_file"": 2184, ""respond_only"": 1052, ""run_bash"": 1033, ""run_tests"": 909, ""web_search"": 260, ""write_file"": 306}",,experiments/logits/20260707_120118_gpu_transformer_session_current_v2_len448_replay-last1_v2_hcx05b_screen_val_logits.pt,,,14834.691,1090.625,"train_transformer.py --base-model naver-hyperclovax/HyperCLOVAX-SEED-Text-Instruct-0.5B --lr 2e-5 --device cuda --split session --serializer current_v2 --max-length 448 --epochs 3 --batch-size 16 --grad-accum-steps 1 --gradient-checkpointing --eval-batch-size 64 --class-weight-power 0.5 --label-smoothing 0.02 --loss focal --focal-gamma 2.0 --replay-mode last1 --max-replay-samples 10000 --replay-sample-weight 0.5 --tune-bias --keep-threshold 0.0 --tokenize-batch-size 1024 --no-research-log --seed 42 --save-val-model --save-fp16 --epoch-checkpoint-dir /content/drive/MyDrive/AADP_exchange/models/v2_hcx05b_screen_ckpt --output-dir /content/drive/MyDrive/AADP_exchange/models/v2_hcx05b_screen --experiment-suffix v2_hcx05b_screen --notes 'multi-turn recovery lane: current_v2 (keeps all user turns; v1 drops prior user turns on 74.6% of rows) on HCX-0.5B champion recipe, len448 (HCX v2 mean 284.9/p99 510, 7.1% rows truncated oldest-first); gate fixed 2stage vs HCX v1 anchor 0.769796; watch list/read/grep/glob'","multi-turn recovery lane: current_v2 (keeps all user turns; v1 drops prior user turns on 74.6% of rows) on HCX-0.5B champion recipe, len448 (HCX v2 mean 284.9/p99 510, 7.1% rows truncated oldest-first); gate fixed 2stage vs HCX v1 anchor 0.769796; watch list/read/grep/glob",keep as GPU candidate
20260707_121230_gpu_transformer_session_current_v1_len384_replay-last1_kd_rdrop_hcx05b_screen,torch_gpu_transformer,naver-hyperclovax/HyperCLOVAX-SEED-Text-Instruct-0.5B,serialized prompt/action/workspace text,current_v1,session,42,,384,3,2e-05,16,0.5,0.02,last1,10000,0.779322,0.783698,0.784191,0.784191,list_directory:0.5240;read_file:0.6100;grep_search:0.6403;glob_pattern:0.6581;ask_user:0.6907,"[[431, ""grep_search"", ""read_file""], [335, ""read_file"", ""list_directory""], [294, ""grep_search"", ""list_directory""], [274, ""read_file"", ""grep_search""], [165, ""glob_pattern"", ""list_directory""], [160, ""glob_pattern"", ""read_file""], [152, ""list_directory"", ""read_file""], [148, ""plan_task"", ""ask_user""]]","{""apply_patch"": 965, ""ask_user"": 593, ""edit_file"": 2220, ""glob_pattern"": 830, ""grep_search"": 1620, ""lint_or_typecheck"": 380, ""list_directory"": 1393, ""plan_task"": 505, ""read_file"": 1900, ""respond_only"": 1051, ""run_bash"": 1023, ""run_tests"": 965, ""web_search"": 251, ""write_file"": 305}",,experiments/logits/20260707_121230_gpu_transformer_session_current_v1_len384_replay-last1_kd_rdrop_hcx05b_screen_val_logits.pt,,,5543.722,1090.625,"train_transformer.py --base-model naver-hyperclovax/HyperCLOVAX-SEED-Text-Instruct-0.5B --lr 2e-5 --device cuda --split session --serializer current_v1 --max-length 384 --epochs 3 --batch-size 16 --grad-accum-steps 1 --gradient-checkpointing --eval-batch-size 64 --class-weight-power 0.5 --label-smoothing 0.02 --loss focal --focal-gamma 2.0 --replay-mode last1 --max-replay-samples 10000 --replay-sample-weight 0.5 --distill-logits experiments/logits/m8_qwen35_refit_train70k_fp16.pt --distill-alpha 0.5 --distill-temp 3.0 --rdrop-alpha 1.0 --dropout 0.1 --tune-bias --keep-threshold 0.0 --tokenize-batch-size 1024 --no-research-log --seed 42 --save-val-model --save-fp16 --epoch-checkpoint-dir /content/drive/MyDrive/AADP_exchange_b/models/kd_rdrop_hcx05b_screen_ckpt --output-dir /content/drive/MyDrive/AADP_exchange_b/models/kd_rdrop_hcx05b_screen --experiment-suffix kd_rdrop_hcx05b_screen --notes 'KD+R-Drop stack screen: kd_hcx_m8 recipe (M8 full-refit teacher alpha0.5 T3) + rdrop alpha1.0 dropout0.1, HCX-0.5B v1 len384 seed42; gate = fixed 2stage vs lane-C matched KD screen anchor 0.787801 (same seed/split/teacher, screen-vs-screen delta valid since teacher optimism shared); pass -> final refit -> Public vs kd_m8_refit 0.7891'","KD+R-Drop stack screen: kd_hcx_m8 recipe (M8 full-refit teacher alpha0.5 T3) + rdrop alpha1.0 dropout0.1, HCX-0.5B v1 len384 seed42; gate = fixed 2stage vs lane-C matched KD screen anchor 0.787801 (same seed/split/teacher, screen-vs-screen delta valid since teacher optimism shared); pass -> final refit -> Public vs kd_m8_refit 0.7891",keep as GPU candidate
20260707_142310_gpu_transformer_session_current_v1_len384_replay-last1_kd_rdrop_hcx05b_refit,torch_gpu_transformer_final_refit,naver-hyperclovax/HyperCLOVAX-SEED-Text-Instruct-0.5B,serialized prompt/action/workspace text,current_v1,final_refit,42,,384,3,2e-05,16,0.5,0.02,last1,10000,,,,0.000000,,,,/content/drive/MyDrive/AADP_exchange_b/models/kd_rdrop_hcx05b_refit,,,,6705.989,1090.625,"train_transformer.py --base-model naver-hyperclovax/HyperCLOVAX-SEED-Text-Instruct-0.5B --lr 2e-5 --device cuda --split session --serializer current_v1 --max-length 384 --epochs 3 --batch-size 16 --grad-accum-steps 1 --gradient-checkpointing --eval-batch-size 64 --class-weight-power 0.5 --label-smoothing 0.02 --loss focal --focal-gamma 2.0 --replay-mode last1 --max-replay-samples 10000 --replay-sample-weight 0.5 --distill-logits experiments/logits/m8_qwen35_refit_train70k_fp16.pt --distill-alpha 0.5 --distill-temp 3.0 --rdrop-alpha 1.0 --dropout 0.1 --keep-threshold 0.0 --tokenize-batch-size 1024 --no-research-log --seed 42 --save-fp16 --final-model --final-only --epoch-checkpoint-dir /content/drive/MyDrive/AADP_exchange_b/models/kd_rdrop_hcx05b_refit_ckpt --output-dir /content/drive/MyDrive/AADP_exchange_b/models/kd_rdrop_hcx05b_refit --experiment-suffix kd_rdrop_hcx05b_refit --notes 'KD+R-Drop FULL-DATA refit for Public probe (user call: screen delta -0.0036 within noise, decide on Public): kd_m8_refit recipe (M8 full-refit teacher alpha0.5 T3, seed42, no bias/rules — matched to 0.7891 pack convention) + rdrop alpha1.0 dropout0.1 as the ONLY variable; matched-seed Public vs kd_m8_refit 0.7891'","KD+R-Drop FULL-DATA refit for Public probe (user call: screen delta -0.0036 within noise, decide on Public): kd_m8_refit recipe (M8 full-refit teacher alpha0.5 T3, seed42, no bias/rules — matched to 0.7891 pack convention) + rdrop alpha1.0 dropout0.1 as the ONLY variable; matched-seed Public vs kd_m8_refit 0.7891",final transformer refit complete; requires sparse artifact and package smoke test
20260707_154645_gpu_transformer_session_current_v1_len384_replay-last1_kd_m8hcx_screen_s42,torch_gpu_transformer,naver-hyperclovax/HyperCLOVAX-SEED-Text-Instruct-0.5B,serialized prompt/action/workspace text,current_v1,session,42,,384,3,2e-05,16,0.5,0.02,last1,10000,0.784021,0.786454,0.787757,0.787757,list_directory:0.5207;read_file:0.6148;grep_search:0.6384;glob_pattern:0.6557;ask_user:0.6920,"[[444, ""grep_search"", ""read_file""], [327, ""read_file"", ""list_directory""], [284, ""grep_search"", ""list_directory""], [259, ""read_file"", ""grep_search""], [165, ""list_directory"", ""read_file""], [163, ""glob_pattern"", ""list_directory""], [158, ""ask_user"", ""plan_task""], [152, ""glob_pattern"", ""read_file""]]","{""apply_patch"": 964, ""ask_user"": 481, ""edit_file"": 2216, ""glob_pattern"": 843, ""grep_search"": 1593, ""lint_or_typecheck"": 413, ""list_directory"": 1361, ""plan_task"": 612, ""read_file"": 1949, ""respond_only"": 1051, ""run_bash"": 1041, ""run_tests"": 914, ""web_search"": 258, ""write_file"": 305}",,experiments/logits/20260707_154645_gpu_transformer_session_current_v1_len384_replay-last1_kd_m8hcx_screen_s42_val_logits.pt,,,3026.189,1090.625,"train_transformer.py --base-model naver-hyperclovax/HyperCLOVAX-SEED-Text-Instruct-0.5B --lr 2e-5 --device cuda --split session --serializer current_v1 --max-length 384 --epochs 3 --batch-size 16 --grad-accum-steps 1 --eval-batch-size 64 --gradient-checkpointing --class-weight-power 0.5 --label-smoothing 0.02 --loss focal --focal-gamma 2.0 --replay-mode last1 --max-replay-samples 10000 --replay-sample-weight 0.5 --distill-logits experiments/logits/teacher_m8hcx_fullrefit_train70k_fp16.pt --distill-alpha 0.5 --distill-temp 3.0 --tune-bias --keep-threshold 0.0 --tokenize-batch-size 1024 --seed 42 --no-research-log --save-val-model --save-fp16 --epoch-checkpoint-dir /content/drive/MyDrive/AADP_exchange_b/models/kd_m8hcx_screen_ckpt --output-dir /content/drive/MyDrive/AADP_exchange_b/models/kd_m8hcx_screen --experiment-suffix kd_m8hcx_screen_s42 --notes '2-teacher KD screen (user call, option A): HCX-0.5B student, teacher=50/50 softmax avg of M8+HCX full-refit train70k logits (m7 excluded, negative inference-blend evidence), kd_hcx_m8 recipe otherwise identical (alpha0.5 T3, split session seed42, val held out); gate vs kd_hcx_m8_screen_s42 anchor fixed 2stage 0.787801 (screen-vs-screen, teacher optimism shared on both sides); autonomous overnight run while user sleeps'","2-teacher KD screen (user call, option A): HCX-0.5B student, teacher=50/50 softmax avg of M8+HCX full-refit train70k logits (m7 excluded, negative inference-blend evidence), kd_hcx_m8 recipe otherwise identical (alpha0.5 T3, split session seed42, val held out); gate vs kd_hcx_m8_screen_s42 anchor fixed 2stage 0.787801 (screen-vs-screen, teacher optimism shared on both sides); autonomous overnight run while user sleeps",keep as GPU candidate
20260707_164937_gpu_transformer_session_current_v1_len384_replay-last1_kd_m8hcx_refit,torch_gpu_transformer_final_refit,naver-hyperclovax/HyperCLOVAX-SEED-Text-Instruct-0.5B,serialized prompt/action/workspace text,current_v1,final_refit,42,,384,3,2e-05,16,0.5,0.02,last1,10000,,,,0.000000,,,,/content/drive/MyDrive/AADP_exchange_b/models/kd_m8hcx_refit,,,,3647.593,1090.625,"train_transformer.py --base-model naver-hyperclovax/HyperCLOVAX-SEED-Text-Instruct-0.5B --lr 2e-5 --device cuda --split session --serializer current_v1 --max-length 384 --epochs 3 --batch-size 16 --grad-accum-steps 1 --gradient-checkpointing --eval-batch-size 64 --class-weight-power 0.5 --label-smoothing 0.02 --loss focal --focal-gamma 2.0 --replay-mode last1 --max-replay-samples 10000 --replay-sample-weight 0.5 --distill-logits experiments/logits/teacher_m8hcx_fullrefit_train70k_fp16.pt --distill-alpha 0.5 --distill-temp 3.0 --keep-threshold 0.0 --tokenize-batch-size 1024 --no-research-log --seed 42 --save-fp16 --final-model --final-only --epoch-checkpoint-dir /content/drive/MyDrive/AADP_exchange_b/models/kd_m8hcx_refit_ckpt --output-dir /content/drive/MyDrive/AADP_exchange_b/models/kd_m8hcx_refit --experiment-suffix kd_m8hcx_refit --notes '2-teacher KD FULL-DATA refit (screen tied vs kd_hcx_m8_screen_s42 anchor: 2stage 0.787757 vs 0.787801, delta -0.00004): teacher=50/50 softmax avg of M8+HCX full-refit train70k logits, kd_m8_refit convention otherwise identical (alpha0.5 T3, seed42, no bias/rules); matched-seed Public vs kd_m8_refit 0.7891 once packaged'","2-teacher KD FULL-DATA refit (screen tied vs kd_hcx_m8_screen_s42 anchor: 2stage 0.787757 vs 0.787801, delta -0.00004): teacher=50/50 softmax avg of M8+HCX full-refit train70k logits, kd_m8_refit convention otherwise identical (alpha0.5 T3, seed42, no bias/rules); matched-seed Public vs kd_m8_refit 0.7891 once packaged",final transformer refit complete; requires sparse artifact and package smoke test
20260707_171759_gpu_transformer_session_current_v7_len384_replay-last1_v7_hcx05b_screen,torch_gpu_transformer,naver-hyperclovax/HyperCLOVAX-SEED-Text-Instruct-0.5B,serialized prompt/action/workspace text,current_v7,session,42,,384,3,2e-05,16,0.5,0.02,last1,10000,0.768097,0.771651,0.772532,0.772532,list_directory:0.5002;read_file:0.6101;grep_search:0.6263;glob_pattern:0.6475;ask_user:0.6750,"[[529, ""grep_search"", ""read_file""], [308, ""read_file"", ""list_directory""], [260, ""grep_search"", ""list_directory""], [217, ""read_file"", ""grep_search""], [212, ""list_directory"", ""read_file""], [205, ""glob_pattern"", ""read_file""], [141, ""glob_pattern"", ""list_directory""], [137, ""ask_user"", ""plan_task""]]","{""apply_patch"": 963, ""ask_user"": 543, ""edit_file"": 2221, ""glob_pattern"": 796, ""grep_search"": 1505, ""lint_or_typecheck"": 365, ""list_directory"": 1245, ""plan_task"": 540, ""read_file"": 2201, ""respond_only"": 1051, ""run_bash"": 1036, ""run_tests"": 962, ""web_search"": 268, ""write_file"": 305}",,experiments/logits/20260707_171759_gpu_transformer_session_current_v7_len384_replay-last1_v7_hcx05b_screen_val_logits.pt,,,2101.041,1090.625,"train_transformer.py --base-model naver-hyperclovax/HyperCLOVAX-SEED-Text-Instruct-0.5B --lr 2e-5 --device cuda --split session --serializer current_v7 --max-length 384 --epochs 3 --batch-size 16 --grad-accum-steps 1 --gradient-checkpointing --eval-batch-size 64 --class-weight-power 0.5 --label-smoothing 0.02 --loss focal --focal-gamma 2.0 --replay-mode last1 --max-replay-samples 10000 --replay-sample-weight 0.5 --tune-bias --keep-threshold 0.0 --tokenize-batch-size 1024 --no-research-log --seed 42 --save-val-model --save-fp16 --epoch-checkpoint-dir /content/drive/MyDrive/AADP_exchange/models/v7_hcx05b_screen_ckpt --output-dir /content/drive/MyDrive/AADP_exchange/models/v7_hcx05b_screen --experiment-suffix v7_hcx05b_screen --notes 'current_v7 = v1 preserved byte-identical + early state line (last/prev action:result-bucket, ptype+literal anchor, rerun) + tail echo on the classification tokens local window; screen vs v1 anchor fixed 2stage 0.769796 (gate +0.005); watch list_directory/read_file/grep_search/glob_pattern/run_bash/run_tests individually for v2-style tradeoffs'","current_v7 = v1 preserved byte-identical + early state line (last/prev action:result-bucket, ptype+literal anchor, rerun) + tail echo on the classification tokens local window; screen vs v1 anchor fixed 2stage 0.769796 (gate +0.005); watch list_directory/read_file/grep_search/glob_pattern/run_bash/run_tests individually for v2-style tradeoffs",keep as GPU candidate
20260707_180512_gpu_transformer_session_current_v7_len384_replay-last1_kd_v7_hcx05b_screen,torch_gpu_transformer,naver-hyperclovax/HyperCLOVAX-SEED-Text-Instruct-0.5B,serialized prompt/action/workspace text,current_v7,session,42,,384,3,2e-05,16,0.5,0.02,last1,10000,0.783441,0.784509,0.785344,0.785344,list_directory:0.5211;read_file:0.6307;grep_search:0.6378;glob_pattern:0.6581;ask_user:0.6904,"[[465, ""grep_search"", ""read_file""], [323, ""read_file"", ""list_directory""], [281, ""grep_search"", ""list_directory""], [217, ""read_file"", ""grep_search""], [164, ""glob_pattern"", ""read_file""], [159, ""glob_pattern"", ""list_directory""], [158, ""list_directory"", ""read_file""], [142, ""plan_task"", ""ask_user""]]","{""apply_patch"": 965, ""ask_user"": 579, ""edit_file"": 2221, ""glob_pattern"": 812, ""grep_search"": 1565, ""lint_or_typecheck"": 395, ""list_directory"": 1348, ""plan_task"": 514, ""read_file"": 2021, ""respond_only"": 1051, ""run_bash"": 1077, ""run_tests"": 893, ""web_search"": 255, ""write_file"": 305}",,experiments/logits/20260707_180512_gpu_transformer_session_current_v7_len384_replay-last1_kd_v7_hcx05b_screen_val_logits.pt,,,2086.971,1090.625,"train_transformer.py --base-model naver-hyperclovax/HyperCLOVAX-SEED-Text-Instruct-0.5B --lr 2e-5 --device cuda --split session --serializer current_v7 --max-length 384 --epochs 3 --batch-size 16 --grad-accum-steps 1 --gradient-checkpointing --eval-batch-size 64 --class-weight-power 0.5 --label-smoothing 0.02 --loss focal --focal-gamma 2.0 --replay-mode last1 --max-replay-samples 10000 --replay-sample-weight 0.5 --tune-bias --keep-threshold 0.0 --tokenize-batch-size 1024 --no-research-log --seed 42 --save-val-model --save-fp16 --distill-logits experiments/logits/m8_qwen35_refit_train70k_fp16.pt --distill-alpha 0.5 --distill-temp 3.0 --epoch-checkpoint-dir /content/drive/MyDrive/AADP_exchange/models/kd_v7_hcx05b_screen_ckpt --output-dir /content/drive/MyDrive/AADP_exchange/models/kd_v7_hcx05b_screen --experiment-suffix kd_v7_hcx05b_screen --notes 'current_v7 KD screen (M8 full-refit teacher alpha0.5 T3), Screen 1 passed (+0.002736 vs v1 anchor, gate +0.002); gate vs kd_hcx_m8_screen_s42 anchor fixed 2stage 0.787801 (+0.002=0.789801); watch plan_task/ask_user swap reproduction; retry after staging teacher .pt (gitignored, first attempt FileNotFoundError)'","current_v7 KD screen (M8 full-refit teacher alpha0.5 T3), Screen 1 passed (+0.002736 vs v1 anchor, gate +0.002); gate vs kd_hcx_m8_screen_s42 anchor fixed 2stage 0.787801 (+0.002=0.789801); watch plan_task/ask_user swap reproduction; retry after staging teacher .pt (gitignored, first attempt FileNotFoundError)",keep as GPU candidate
20260707_184650_gpu_transformer_session_current_v7r_len384_replay-last1_v7r_hcx05b_screen,torch_gpu_transformer,naver-hyperclovax/HyperCLOVAX-SEED-Text-Instruct-0.5B,serialized prompt/action/workspace text,current_v7r,session,42,,384,3,2e-05,16,0.5,0.02,last1,10000,0.773017,0.776367,0.776961,0.776961,list_directory:0.5005;grep_search:0.6162;read_file:0.6207;glob_pattern:0.6530;ask_user:0.6818,"[[570, ""grep_search"", ""read_file""], [316, ""read_file"", ""list_directory""], [280, ""grep_search"", ""list_directory""], [222, ""list_directory"", ""read_file""], [211, ""glob_pattern"", ""read_file""], [147, ""glob_pattern"", ""list_directory""], [145, ""read_file"", ""grep_search""], [142, ""ask_user"", ""plan_task""]]","{""apply_patch"": 958, ""ask_user"": 529, ""edit_file"": 2229, ""glob_pattern"": 851, ""grep_search"": 1292, ""lint_or_typecheck"": 423, ""list_directory"": 1288, ""plan_task"": 564, ""read_file"": 2306, ""respond_only"": 1051, ""run_bash"": 994, ""run_tests"": 951, ""web_search"": 263, ""write_file"": 302}",,experiments/logits/20260707_184650_gpu_transformer_session_current_v7r_len384_replay-last1_v7r_hcx05b_screen_val_logits.pt,,,2205.044,1090.625,"train_transformer.py --base-model naver-hyperclovax/HyperCLOVAX-SEED-Text-Instruct-0.5B --lr 2e-5 --device cuda --split session --serializer current_v7r --max-length 384 --epochs 3 --batch-size 16 --grad-accum-steps 1 --gradient-checkpointing --eval-batch-size 64 --class-weight-power 0.5 --label-smoothing 0.02 --loss focal --focal-gamma 2.0 --replay-mode last1 --max-replay-samples 10000 --replay-sample-weight 0.5 --tune-bias --keep-threshold 0.0 --tokenize-batch-size 1024 --no-research-log --seed 42 --save-val-model --save-fp16 --epoch-checkpoint-dir /content/drive/MyDrive/AADP_exchange/models/v7r_hcx05b_screen_ckpt --output-dir /content/drive/MyDrive/AADP_exchange/models/v7r_hcx05b_screen --experiment-suffix v7r_hcx05b_screen --notes 'current_v7r = v7 + constant register line (reg: $x64, 16 identical HCX tokens); non-KD screen vs v7 Screen 1 result (2stage 0.772532); gate v7+0.002=0.774532; v7 KD chain closed (Screen 2 failed -0.002457), so v7r pass would not auto-chain to KD without re-evaluation'","current_v7r = v7 + constant register line (reg: $x64, 16 identical HCX tokens); non-KD screen vs v7 Screen 1 result (2stage 0.772532); gate v7+0.002=0.774532; v7 KD chain closed (Screen 2 failed -0.002457), so v7r pass would not auto-chain to KD without re-evaluation",keep as GPU candidate
20260707_192839_gpu_transformer_session_current_v7r_len384_replay-last1_kd_v7r_hcx05b_screen,torch_gpu_transformer,naver-hyperclovax/HyperCLOVAX-SEED-Text-Instruct-0.5B,serialized prompt/action/workspace text,current_v7r,session,42,,384,3,2e-05,16,0.5,0.02,last1,10000,0.778773,0.782070,0.783032,0.783032,list_directory:0.5098;grep_search:0.6227;read_file:0.6256;glob_pattern:0.6533;ask_user:0.6825,"[[583, ""grep_search"", ""read_file""], [329, ""read_file"", ""list_directory""], [290, ""grep_search"", ""list_directory""], [212, ""glob_pattern"", ""read_file""], [207, ""list_directory"", ""read_file""], [161, ""glob_pattern"", ""list_directory""], [143, ""ask_user"", ""plan_task""], [130, ""read_file"", ""grep_search""]]","{""apply_patch"": 934, ""ask_user"": 525, ""edit_file"": 2252, ""glob_pattern"": 804, ""grep_search"": 1271, ""lint_or_typecheck"": 439, ""list_directory"": 1354, ""plan_task"": 568, ""read_file"": 2318, ""respond_only"": 1051, ""run_bash"": 1050, ""run_tests"": 874, ""web_search"": 256, ""write_file"": 305}",,experiments/logits/20260707_192839_gpu_transformer_session_current_v7r_len384_replay-last1_kd_v7r_hcx05b_screen_val_logits.pt,,,2208.340,1090.625,"train_transformer.py --base-model naver-hyperclovax/HyperCLOVAX-SEED-Text-Instruct-0.5B --lr 2e-5 --device cuda --split session --serializer current_v7r --max-length 384 --epochs 3 --batch-size 16 --grad-accum-steps 1 --gradient-checkpointing --eval-batch-size 64 --class-weight-power 0.5 --label-smoothing 0.02 --loss focal --focal-gamma 2.0 --replay-mode last1 --max-replay-samples 10000 --replay-sample-weight 0.5 --tune-bias --keep-threshold 0.0 --tokenize-batch-size 1024 --no-research-log --seed 42 --save-val-model --save-fp16 --distill-logits experiments/logits/m8_qwen35_refit_train70k_fp16.pt --distill-alpha 0.5 --distill-temp 3.0 --epoch-checkpoint-dir /content/drive/MyDrive/AADP_exchange/models/kd_v7r_hcx05b_screen_ckpt --output-dir /content/drive/MyDrive/AADP_exchange/models/kd_v7r_hcx05b_screen --experiment-suffix kd_v7r_hcx05b_screen --notes 'current_v7r KD screen (M8 full-refit teacher alpha0.5 T3); v7r Screen 3 passed non-KD (+0.004429 vs v7, plan_task fully recovered); testing whether the register mechanism (structural dispersion) survives KD absorption where v7 state/echo (content signal) did not (Screen 2 failed -0.002457); gate vs kd_hcx_m8_screen_s42 anchor 0.787801 (+0.002=0.789801)'","current_v7r KD screen (M8 full-refit teacher alpha0.5 T3); v7r Screen 3 passed non-KD (+0.004429 vs v7, plan_task fully recovered); testing whether the register mechanism (structural dispersion) survives KD absorption where v7 state/echo (content signal) did not (Screen 2 failed -0.002457); gate vs kd_hcx_m8_screen_s42 anchor 0.787801 (+0.002=0.789801)",keep as GPU candidate
20260707_221121_gpu_transformer_session_current_v1_len400_replay-last1_m9_qwen35_9b_refit,torch_gpu_transformer_final_refit,Qwen/Qwen3.5-9B-Base,serialized prompt/action/workspace text,current_v1,final_refit,42,,400,3,2e-05,8,0.5,0.02,last1,10000,,,,0.000000,,,,/content/drive/MyDrive/AADP_exchange_c/models/m9_qwen35_9b_refit,,,,29467.137,16027.070,train_transformer.py --base-model Qwen/Qwen3.5-9B-Base --lr 2e-5 --device cuda --split session --serializer current_v1 --max-length 400 --epochs 3 --batch-size 8 --grad-accum-steps 2 --eval-batch-size 64 --class-weight-power 0.5 --label-smoothing 0.02 --loss focal --focal-gamma 2.0 --replay-mode last1 --max-replay-samples 10000 --replay-sample-weight 0.5 --tune-bias --keep-threshold 0.0 --tokenize-batch-size 1024 --no-research-log --seed 42 --save-fp16 --bf16 --optim adamw8bit --gradient-checkpointing --epoch-checkpoint-dir /content/drive/MyDrive/AADP_exchange_c/models/m9_qwen35_9b_refit_ckpt --output-dir /content/drive/MyDrive/AADP_exchange_c/models/m9_qwen35_9b_refit --experiment-suffix m9_qwen35_9b_refit --final-model --final-only --notes 'M9 Qwen3.5-9B-Base ep3 len400 FULL-DATA refit; teacher-scale-only vs M8',M9 Qwen3.5-9B-Base ep3 len400 FULL-DATA refit; teacher-scale-only vs M8,final transformer refit complete; requires sparse artifact and package smoke test
20260708_000358_gpu_transformer_session_current_v1_len384_replay-last1_kd_hcx_m9_refit,torch_gpu_transformer_final_refit,naver-hyperclovax/HyperCLOVAX-SEED-Text-Instruct-0.5B,serialized prompt/action/workspace text,current_v1,final_refit,42,,384,3,2e-05,16,0.5,0.02,last1,10000,,,,0.000000,,,,/content/drive/MyDrive/AADP_exchange_c/models/kd_hcx_m9_refit,,,,2426.131,1087.807,"train_transformer.py --base-model naver-hyperclovax/HyperCLOVAX-SEED-Text-Instruct-0.5B --lr 2e-5 --device cuda --split session --serializer current_v1 --max-length 384 --epochs 3 --batch-size 16 --grad-accum-steps 1 --eval-batch-size 64 --gradient-checkpointing --class-weight-power 0.5 --label-smoothing 0.02 --loss focal --focal-gamma 2.0 --replay-mode last1 --max-replay-samples 10000 --replay-sample-weight 0.5 --tune-bias --keep-threshold 0.0 --tokenize-batch-size 1024 --seed 42 --save-fp16 --distill-logits /content/drive/MyDrive/AADP_exchange_c/logits/m9_qwen35_9b_refit_train70k_fp16.pt --distill-alpha 0.5 --distill-temp 3.0 --output-dir /content/drive/MyDrive/AADP_exchange_c/models/kd_hcx_m9_refit --experiment-suffix kd_hcx_m9_refit --final-model --final-only --no-research-log --notes 'HCX-0.5B student, KD from M9 Qwen3.5-9B full-refit teacher; teacher-scale-only vs kd_m8_refit'","HCX-0.5B student, KD from M9 Qwen3.5-9B full-refit teacher; teacher-scale-only vs kd_m8_refit",final transformer refit complete; requires sparse artifact and package smoke test
20260708_034420_gpu_transformer_session_current_v8_len384_replay-last1_v8_hcx05b_screen,torch_gpu_transformer,naver-hyperclovax/HyperCLOVAX-SEED-Text-Instruct-0.5B,serialized prompt/action/workspace text,current_v8,session,42,,384,3,2e-05,16,0.5,0.02,last1,10000,0.758302,0.763580,0.764886,0.764886,list_directory:0.4702;read_file:0.5923;grep_search:0.6054;glob_pattern:0.6425;ask_user:0.6739,"[[588, ""grep_search"", ""read_file""], [341, ""read_file"", ""list_directory""], [288, ""grep_search"", ""list_directory""], [245, ""list_directory"", ""read_file""], [227, ""glob_pattern"", ""read_file""], [182, ""read_file"", ""grep_search""], [149, ""glob_pattern"", ""list_directory""], [141, ""ask_user"", ""plan_task""]]","{""apply_patch"": 932, ""ask_user"": 539, ""edit_file"": 2254, ""glob_pattern"": 770, ""grep_search"": 1363, ""lint_or_typecheck"": 341, ""list_directory"": 1296, ""plan_task"": 560, ""read_file"": 2313, ""respond_only"": 1051, ""run_bash"": 1069, ""run_tests"": 960, ""web_search"": 246, ""write_file"": 307}",,experiments/logits/20260708_034420_gpu_transformer_session_current_v8_len384_replay-last1_v8_hcx05b_screen_val_logits.pt,,,2105.863,1090.625,"train_transformer.py --base-model naver-hyperclovax/HyperCLOVAX-SEED-Text-Instruct-0.5B --lr 2e-5 --device cuda --split session --serializer current_v8 --max-length 384 --epochs 3 --batch-size 16 --grad-accum-steps 1 --gradient-checkpointing --eval-batch-size 64 --class-weight-power 0.5 --label-smoothing 0.02 --loss focal --focal-gamma 2.0 --replay-mode last1 --max-replay-samples 10000 --replay-sample-weight 0.5 --tune-bias --keep-threshold 0.0 --tokenize-batch-size 1024 --no-research-log --seed 42 --save-val-model --save-fp16 --output-dir /content/drive/MyDrive/AADP_exchange/models/v8_hcx05b_screen --experiment-suffix v8_hcx05b_screen --notes 'current_v8 composite screen (in-place walls: meta line -> $x64 16 slots, ws loc/langs -> ^x48 13 slots; v6 turn/lang-dominance bins on state line; lean tail echo + turn bit; no dedicated reg line); gates: vs v7r 0.776961 +0.002 -> new non-KD winner, vs v1 0.769796 reported; watch grep_search recovery and plan_task retention'","current_v8 composite screen (in-place walls: meta line -> $x64 16 slots, ws loc/langs -> ^x48 13 slots; v6 turn/lang-dominance bins on state line; lean tail echo + turn bit; no dedicated reg line); gates: vs v7r 0.776961 +0.002 -> new non-KD winner, vs v1 0.769796 reported; watch grep_search recovery and plan_task retention",keep as GPU candidate
20260708_035005_gpu_transformer_session_current_v8t_len384_replay-last1_v8t_hcx05b_screen,torch_gpu_transformer,naver-hyperclovax/HyperCLOVAX-SEED-Text-Instruct-0.5B,serialized prompt/action/workspace text,current_v8t,session,42,,384,3,2e-05,16,0.5,0.02,last1,10000,0.751597,0.757010,0.757931,0.757931,list_directory:0.4683;read_file:0.5853;grep_search:0.5989;ask_user:0.6441;glob_pattern:0.6456,"[[625, ""grep_search"", ""read_file""], [345, ""read_file"", ""list_directory""], [273, ""grep_search"", ""list_directory""], [270, ""list_directory"", ""read_file""], [240, ""glob_pattern"", ""read_file""], [166, ""read_file"", ""grep_search""], [166, ""ask_user"", ""plan_task""], [139, ""glob_pattern"", ""list_directory""]]","{""apply_patch"": 941, ""ask_user"": 494, ""edit_file"": 2245, ""glob_pattern"": 817, ""grep_search"": 1269, ""lint_or_typecheck"": 447, ""list_directory"": 1262, ""plan_task"": 598, ""read_file"": 2404, ""respond_only"": 1051, ""run_bash"": 974, ""run_tests"": 936, ""web_search"": 259, ""write_file"": 304}",,experiments/logits/20260708_035005_gpu_transformer_session_current_v8t_len384_replay-last1_v8t_hcx05b_screen_val_logits.pt,,,2313.884,1087.807,"train_transformer.py --base-model naver-hyperclovax/HyperCLOVAX-SEED-Text-Instruct-0.5B --lr 2e-5 --device cuda --split session --serializer current_v8t --max-length 384 --epochs 3 --batch-size 16 --grad-accum-steps 1 --gradient-checkpointing --eval-batch-size 64 --class-weight-power 0.5 --label-smoothing 0.02 --loss focal --focal-gamma 2.0 --replay-mode last1 --max-replay-samples 10000 --replay-sample-weight 0.5 --tune-bias --keep-threshold 0.0 --tokenize-batch-size 1024 --no-research-log --seed 42 --save-val-model --save-fp16 --output-dir /content/drive/MyDrive/AADP_exchange_c/models/v8t_hcx05b_screen --experiment-suffix v8t_hcx05b_screen --notes 'current_v8t satellite (= v8 + tail wall &x16 = 8 slots right before echo): trained aggregation buffer inside the classification window vs untrained-junk hijack risk; judged vs sibling v8 same seed/split, adopt if +0.002 over v8'","current_v8t satellite (= v8 + tail wall &x16 = 8 slots right before echo): trained aggregation buffer inside the classification window vs untrained-junk hijack risk; judged vs sibling v8 same seed/split, adopt if +0.002 over v8",keep as GPU candidate
20260708_052602_gpu_transformer_session_current_v9o_len384_replay-last1_v9o_hcx05b_screen,torch_gpu_transformer,naver-hyperclovax/HyperCLOVAX-SEED-Text-Instruct-0.5B,serialized prompt/action/workspace text,current_v9o,session,42,,384,3,2e-05,16,0.5,0.02,last1,10000,0.756310,0.759385,0.759719,0.759719,list_directory:0.4955;read_file:0.6026;grep_search:0.6109;glob_pattern:0.6385;ask_user:0.6620,"[[529, ""grep_search"", ""read_file""], [336, ""read_file"", ""list_directory""], [290, ""grep_search"", ""list_directory""], [215, ""read_file"", ""grep_search""], [192, ""list_directory"", ""read_file""], [184, ""glob_pattern"", ""read_file""], [165, ""glob_pattern"", ""list_directory""], [151, ""plan_task"", ""ask_user""]]","{""apply_patch"": 956, ""ask_user"": 583, ""edit_file"": 2229, ""glob_pattern"": 825, ""grep_search"": 1448, ""lint_or_typecheck"": 385, ""list_directory"": 1350, ""plan_task"": 493, ""read_file"": 2119, ""respond_only"": 1054, ""run_bash"": 1056, ""run_tests"": 927, ""web_search"": 271, ""write_file"": 305}",,experiments/logits/20260708_052602_gpu_transformer_session_current_v9o_len384_replay-last1_v9o_hcx05b_screen_val_logits.pt,,,2268.365,1090.625,"train_transformer.py --base-model naver-hyperclovax/HyperCLOVAX-SEED-Text-Instruct-0.5B --lr 2e-5 --device cuda --split session --serializer current_v9o --max-length 384 --epochs 3 --batch-size 16 --grad-accum-steps 1 --gradient-checkpointing --eval-batch-size 64 --class-weight-power 0.5 --label-smoothing 0.02 --loss focal --focal-gamma 2.0 --replay-mode last1 --max-replay-samples 10000 --replay-sample-weight 0.5 --tune-bias --keep-threshold 0.0 --tokenize-batch-size 1024 --no-research-log --seed 42 --save-val-model --save-fp16 --output-dir /content/drive/MyDrive/AADP_exchange/models/v9o_hcx05b_screen --experiment-suffix v9o_hcx05b_screen --notes 'current_v9o tag-schema screen: v7r content/placement byte-identical, field markers '""'""'f: '""'""' -> '""'""'<f>'""'""' opening tags only (+9 tok/row, >384 1.28%); bet = HCX StarCoder-lineage tag-segmented pretraining; gate vs v7r anchor 0.776961 +0.002; single-seed caveat per hcx05_s777'","current_v9o tag-schema screen: v7r content/placement byte-identical, field markers 'f: ' -> '<f>' opening tags only (+9 tok/row, >384 1.28%); bet = HCX StarCoder-lineage tag-segmented pretraining; gate vs v7r anchor 0.776961 +0.002; single-seed caveat per hcx05_s777",keep as GPU candidate
20260708_072244_gpu_transformer_session_current_v9f_len384_replay-last1_v9f_hcx05b_screen,torch_gpu_transformer,naver-hyperclovax/HyperCLOVAX-SEED-Text-Instruct-0.5B,serialized prompt/action/workspace text,current_v9f,session,42,,384,3,2e-05,16,0.5,0.02,last1,10000,0.769501,0.773691,0.774215,0.774215,list_directory:0.5049;read_file:0.6182;grep_search:0.6301;glob_pattern:0.6455;ask_user:0.6542,"[[530, ""grep_search"", ""read_file""], [343, ""read_file"", ""list_directory""], [283, ""grep_search"", ""list_directory""], [206, ""glob_pattern"", ""read_file""], [198, ""list_directory"", ""read_file""], [171, ""read_file"", ""grep_search""], [160, ""glob_pattern"", ""list_directory""], [149, ""ask_user"", ""plan_task""]]","{""apply_patch"": 959, ""ask_user"": 496, ""edit_file"": 2226, ""glob_pattern"": 777, ""grep_search"": 1408, ""lint_or_typecheck"": 409, ""list_directory"": 1356, ""plan_task"": 555, ""read_file"": 2203, ""respond_only"": 1051, ""run_bash"": 1054, ""run_tests"": 905, ""web_search"": 299, ""write_file"": 303}",,experiments/logits/20260708_072244_gpu_transformer_session_current_v9f_len384_replay-last1_v9f_hcx05b_screen_val_logits.pt,,,2384.579,1090.625,"train_transformer.py --base-model naver-hyperclovax/HyperCLOVAX-SEED-Text-Instruct-0.5B --lr 2e-5 --device cuda --split session --serializer current_v9f --max-length 384 --epochs 3 --batch-size 16 --grad-accum-steps 1 --gradient-checkpointing --eval-batch-size 64 --class-weight-power 0.5 --label-smoothing 0.02 --loss focal --focal-gamma 2.0 --replay-mode last1 --max-replay-samples 10000 --replay-sample-weight 0.5 --tune-bias --keep-threshold 0.0 --tokenize-batch-size 1024 --no-research-log --seed 42 --save-val-model --save-fp16 --output-dir /content/drive/MyDrive/AADP_exchange/models/v9f_hcx05b_screen --experiment-suffix v9f_hcx05b_screen --notes 'current_v9f tag-schema confirm-kill: v9o (opening tags only) already failed -0.0172 vs v7r, near-uniform 13/14-class regression; v9f adds closing tags (+32 tok/row vs v7r, len384 overflow 6.46%) -- running to close the tag-schema lane definitively, not expecting a pass'","current_v9f tag-schema confirm-kill: v9o (opening tags only) already failed -0.0172 vs v7r, near-uniform 13/14-class regression; v9f adds closing tags (+32 tok/row vs v7r, len384 overflow 6.46%) -- running to close the tag-schema lane definitively, not expecting a pass",keep as GPU candidate
20260708_084445_gpu_transformer_session_current_v7r_len384_replay-last1_v7r_s777_hcx05b_screen,torch_gpu_transformer,naver-hyperclovax/HyperCLOVAX-SEED-Text-Instruct-0.5B,serialized prompt/action/workspace text,current_v7r,session,777,,384,3,2e-05,16,0.5,0.02,last1,10000,0.774263,0.778681,0.779066,0.779066,list_directory:0.5024;read_file:0.6103;grep_search:0.6336;lint_or_typecheck:0.6757;ask_user:0.6773,"[[490, ""grep_search"", ""read_file""], [332, ""read_file"", ""list_directory""], [288, ""grep_search"", ""list_directory""], [254, ""read_file"", ""grep_search""], [205, ""list_directory"", ""read_file""], [176, ""glob_pattern"", ""list_directory""], [175, ""glob_pattern"", ""read_file""], [148, ""ask_user"", ""plan_task""]]","{""apply_patch"": 935, ""ask_user"": 466, ""edit_file"": 2159, ""glob_pattern"": 905, ""grep_search"": 1559, ""lint_or_typecheck"": 386, ""list_directory"": 1371, ""plan_task"": 568, ""read_file"": 2089, ""respond_only"": 1021, ""run_bash"": 981, ""run_tests"": 979, ""web_search"": 276, ""write_file"": 305}",,experiments/logits/20260708_084445_gpu_transformer_session_current_v7r_len384_replay-last1_v7r_s777_hcx05b_screen_val_logits.pt,,,2203.629,1090.625,"train_transformer.py --base-model naver-hyperclovax/HyperCLOVAX-SEED-Text-Instruct-0.5B --lr 2e-5 --device cuda --split session --serializer current_v7r --max-length 384 --epochs 3 --batch-size 16 --grad-accum-steps 1 --gradient-checkpointing --eval-batch-size 64 --class-weight-power 0.5 --label-smoothing 0.02 --loss focal --focal-gamma 2.0 --replay-mode last1 --max-replay-samples 10000 --replay-sample-weight 0.5 --tune-bias --keep-threshold 0.0 --tokenize-batch-size 1024 --no-research-log --seed 777 --save-val-model --save-fp16 --output-dir /content/drive/MyDrive/AADP_exchange/models/v7r_s777_hcx05b_screen --experiment-suffix v7r_s777_hcx05b_screen --notes 'v7r at seed777: freeze-gate seed-replication pair with v1_s777_hcx05b_screen (same seed/split); direction check for v7r-vs-v1 (+0.007165 at s42, unconfirmed grade per hcx05_s777 +-0.02 band)'","v7r at seed777: freeze-gate seed-replication pair with v1_s777_hcx05b_screen (same seed/split); direction check for v7r-vs-v1 (+0.007165 at s42, unconfirmed grade per hcx05_s777 +-0.02 band)",keep as GPU candidate
20260708_075928_gpu_transformer_session_current_v1_len384_replay-last1_v1_s777_hcx05b_screen,torch_gpu_transformer,naver-hyperclovax/HyperCLOVAX-SEED-Text-Instruct-0.5B,serialized prompt/action/workspace text,current_v1,session,777,,384,3,2e-05,16,0.5,0.02,last1,10000,0.767921,0.771503,0.772125,0.772125,list_directory:0.4680;read_file:0.5998;grep_search:0.6216;lint_or_typecheck:0.6741;ask_user:0.6813,"[[526, ""grep_search"", ""read_file""], [347, ""read_file"", ""list_directory""], [276, ""grep_search"", ""list_directory""], [253, ""list_directory"", ""read_file""], [226, ""read_file"", ""grep_search""], [178, ""glob_pattern"", ""read_file""], [169, ""glob_pattern"", ""list_directory""], [137, ""ask_user"", ""plan_task""]]","{""apply_patch"": 927, ""ask_user"": 513, ""edit_file"": 2152, ""glob_pattern"": 940, ""grep_search"": 1489, ""lint_or_typecheck"": 382, ""list_directory"": 1316, ""plan_task"": 531, ""read_file"": 2185, ""respond_only"": 1024, ""run_bash"": 973, ""run_tests"": 994, ""web_search"": 267, ""write_file"": 307}",,experiments/logits/20260708_075928_gpu_transformer_session_current_v1_len384_replay-last1_v1_s777_hcx05b_screen_val_logits.pt,,,1831.759,1090.625,"train_transformer.py --base-model naver-hyperclovax/HyperCLOVAX-SEED-Text-Instruct-0.5B --lr 2e-5 --device cuda --split session --serializer current_v1 --max-length 384 --epochs 3 --batch-size 16 --grad-accum-steps 1 --gradient-checkpointing --eval-batch-size 64 --class-weight-power 0.5 --label-smoothing 0.02 --loss focal --focal-gamma 2.0 --replay-mode last1 --max-replay-samples 10000 --replay-sample-weight 0.5 --tune-bias --keep-threshold 0.0 --tokenize-batch-size 1024 --no-research-log --seed 777 --save-val-model --save-fp16 --output-dir /content/drive/MyDrive/AADP_exchange/models/v1_s777_hcx05b_screen --experiment-suffix v1_s777_hcx05b_screen --notes 'seed-replication gate: v1 non-KD at seed777, matched split/recipe to hcx05_s777 (0.765) family; pairs with v7r_s777 to re-check the v7r-vs-v1 direction survives the seed-noise band (hcx05_s777 pure seed swap was -0.0202)'","seed-replication gate: v1 non-KD at seed777, matched split/recipe to hcx05_s777 (0.765) family; pairs with v7r_s777 to re-check the v7r-vs-v1 direction survives the seed-noise band (hcx05_s777 pure seed swap was -0.0202)",keep as GPU candidate
20260708_085504_gpu_transformer_session_current_v7rb_len384_replay-last1_v7rb_hcx05b_screen,torch_gpu_transformer,naver-hyperclovax/HyperCLOVAX-SEED-Text-Instruct-0.5B,serialized prompt/action/workspace text,current_v7rb,session,42,,384,3,2e-05,16,0.5,0.02,last1,10000,0.767094,0.770012,0.770929,0.770929,list_directory:0.5023;read_file:0.5963;grep_search:0.6245;glob_pattern:0.6452;ask_user:0.6529,"[[476, ""grep_search"", ""read_file""], [326, ""read_file"", ""list_directory""], [287, ""read_file"", ""grep_search""], [274, ""grep_search"", ""list_directory""], [195, ""list_directory"", ""read_file""], [181, ""ask_user"", ""plan_task""], [172, ""glob_pattern"", ""read_file""], [166, ""glob_pattern"", ""list_directory""]]","{""apply_patch"": 980, ""ask_user"": 449, ""edit_file"": 2203, ""glob_pattern"": 784, ""grep_search"": 1627, ""lint_or_typecheck"": 430, ""list_directory"": 1324, ""plan_task"": 651, ""read_file"": 2020, ""respond_only"": 1050, ""run_bash"": 1050, ""run_tests"": 881, ""web_search"": 247, ""write_file"": 305}",,experiments/logits/20260708_085504_gpu_transformer_session_current_v7rb_len384_replay-last1_v7rb_hcx05b_screen_val_logits.pt,,,2380.808,1087.807,"train_transformer.py --base-model naver-hyperclovax/HyperCLOVAX-SEED-Text-Instruct-0.5B --lr 2e-5 --device cuda --split session --serializer current_v7rb --max-length 384 --epochs 3 --batch-size 16 --grad-accum-steps 1 --gradient-checkpointing --eval-batch-size 64 --class-weight-power 0.5 --label-smoothing 0.02 --loss focal --focal-gamma 2.0 --replay-mode last1 --max-replay-samples 10000 --replay-sample-weight 0.5 --tune-bias --keep-threshold 0.0 --tokenize-batch-size 1024 --no-research-log --seed 42 --save-val-model --save-fp16 --output-dir /content/drive/MyDrive/AADP_exchange_c/models/v7rb_hcx05b_screen --experiment-suffix v7rb_hcx05b_screen --notes 'current_v7rb = v7r + v6 phase/lang bins appended to early state line (turn=NN/bin lang=x!y, +10 tok, >384 1.39% echo-only; functional substitution: raw turn/langs floats untouched); single variable vs v7r anchor 0.776961, gate +0.002; budget/elapsed bins deliberately excluded (turn-correlated re-encodings)'","current_v7rb = v7r + v6 phase/lang bins appended to early state line (turn=NN/bin lang=x!y, +10 tok, >384 1.39% echo-only; functional substitution: raw turn/langs floats untouched); single variable vs v7r anchor 0.776961, gate +0.002; budget/elapsed bins deliberately excluded (turn-correlated re-encodings)",keep as GPU candidate
20260708_094112_gpu_transformer_session_current_v9f_len416_replay-last1_v9f416_hcx05b_screen,torch_gpu_transformer,naver-hyperclovax/HyperCLOVAX-SEED-Text-Instruct-0.5B,serialized prompt/action/workspace text,current_v9f,session,42,,416,3,2e-05,16,0.5,0.02,last1,10000,0.765214,0.769436,0.770220,0.770220,list_directory:0.5075;read_file:0.6135;grep_search:0.6330;glob_pattern:0.6531;ask_user:0.6800,"[[494, ""grep_search"", ""read_file""], [326, ""read_file"", ""list_directory""], [260, ""grep_search"", ""list_directory""], [232, ""read_file"", ""grep_search""], [183, ""list_directory"", ""read_file""], [175, ""glob_pattern"", ""read_file""], [159, ""glob_pattern"", ""list_directory""], [142, ""plan_task"", ""ask_user""]]","{""apply_patch"": 964, ""ask_user"": 579, ""edit_file"": 2226, ""glob_pattern"": 814, ""grep_search"": 1557, ""lint_or_typecheck"": 451, ""list_directory"": 1305, ""plan_task"": 501, ""read_file"": 2068, ""respond_only"": 1051, ""run_bash"": 966, ""run_tests"": 947, ""web_search"": 268, ""write_file"": 304}",,experiments/logits/20260708_094112_gpu_transformer_session_current_v9f_len416_replay-last1_v9f416_hcx05b_screen_val_logits.pt,,,2403.866,1090.625,"train_transformer.py --base-model naver-hyperclovax/HyperCLOVAX-SEED-Text-Instruct-0.5B --lr 2e-5 --device cuda --split session --serializer current_v9f --max-length 416 --epochs 3 --batch-size 16 --grad-accum-steps 1 --gradient-checkpointing --eval-batch-size 64 --class-weight-power 0.5 --label-smoothing 0.02 --loss focal --focal-gamma 2.0 --replay-mode last1 --max-replay-samples 10000 --replay-sample-weight 0.5 --tune-bias --keep-threshold 0.0 --tokenize-batch-size 1024 --no-research-log --seed 42 --save-val-model --save-fp16 --output-dir /content/drive/MyDrive/AADP_exchange/models/v9f416_hcx05b_screen --experiment-suffix v9f416_hcx05b_screen --notes 'v9f fair rematch at len416 (p99 411 <= 416, removes len384 6.46% echo-clip handicap); vs v7r anchor 0.776961, DISPLACEMENT BAR +0.004 (deploy-risk premium: v9f pack projects ~9:32/10:00); watch ask_user recovery vs len384 run 0.6542 (v7r 0.6818)'","v9f fair rematch at len416 (p99 411 <= 416, removes len384 6.46% echo-clip handicap); vs v7r anchor 0.776961, DISPLACEMENT BAR +0.004 (deploy-risk premium: v9f pack projects ~9:32/10:00); watch ask_user recovery vs len384 run 0.6542 (v7r 0.6818)",keep as GPU candidate
20260708_104839_gpu_transformer_session_current_v7rc_len384_replay-last1_v7rc_hcx05b_screen,torch_gpu_transformer,naver-hyperclovax/HyperCLOVAX-SEED-Text-Instruct-0.5B,serialized prompt/action/workspace text,current_v7rc,session,42,,384,3,2e-05,16,0.5,0.02,last1,10000,0.769739,0.773354,0.774413,0.774413,list_directory:0.4993;read_file:0.6027;grep_search:0.6300;glob_pattern:0.6509;plan_task:0.6800,"[[483, ""grep_search"", ""read_file""], [332, ""read_file"", ""list_directory""], [288, ""grep_search"", ""list_directory""], [237, ""read_file"", ""grep_search""], [194, ""list_directory"", ""read_file""], [190, ""glob_pattern"", ""read_file""], [158, ""glob_pattern"", ""list_directory""], [150, ""plan_task"", ""ask_user""]]","{""apply_patch"": 959, ""ask_user"": 586, ""edit_file"": 2229, ""glob_pattern"": 817, ""grep_search"": 1523, ""lint_or_typecheck"": 415, ""list_directory"": 1333, ""plan_task"": 519, ""read_file"": 2062, ""respond_only"": 1051, ""run_bash"": 1011, ""run_tests"": 940, ""web_search"": 251, ""write_file"": 305}",,experiments/logits/20260708_104839_gpu_transformer_session_current_v7rc_len384_replay-last1_v7rc_hcx05b_screen_val_logits.pt,,,2090.521,1090.625,"train_transformer.py --base-model naver-hyperclovax/HyperCLOVAX-SEED-Text-Instruct-0.5B --lr 2e-5 --device cuda --split session --serializer current_v7rc --max-length 384 --epochs 3 --batch-size 16 --grad-accum-steps 1 --gradient-checkpointing --eval-batch-size 64 --class-weight-power 0.5 --label-smoothing 0.02 --loss focal --focal-gamma 2.0 --replay-mode last1 --max-replay-samples 10000 --replay-sample-weight 0.5 --tune-bias --keep-threshold 0.0 --tokenize-batch-size 1024 --no-research-log --seed 42 --save-val-model --save-fp16 --output-dir /content/drive/MyDrive/AADP_exchange/models/v7rc_hcx05b_screen --experiment-suffix v7rc_hcx05b_screen --notes 'current_v7rc = v7r with the meta line (tier/lang_pref/turn/budget/elapsed) deleted entirely, reg line left untouched and adjacent; isolates whether an existing nearby register already gives a downstream field safe removal, decoupled from v8 (which bundled deletion with dropping reg itself); vs v7r anchor 0.776961, gate +0.002; mean 242.3 tok (-18.8 vs v7r), >384 0.110%'","current_v7rc = v7r with the meta line (tier/lang_pref/turn/budget/elapsed) deleted entirely, reg line left untouched and adjacent; isolates whether an existing nearby register already gives a downstream field safe removal, decoupled from v8 (which bundled deletion with dropping reg itself); vs v7r anchor 0.776961, gate +0.002; mean 242.3 tok (-18.8 vs v7r), >384 0.110%",keep as GPU candidate
20260708_112424_gpu_transformer_session_current_v7rcgw_len384_replay-last1_v7rcgw_hcx05b_screen,torch_gpu_transformer,naver-hyperclovax/HyperCLOVAX-SEED-Text-Instruct-0.5B,serialized prompt/action/workspace text,current_v7rcgw,session,42,,384,3,2e-05,16,0.5,0.02,last1,10000,0.751448,0.756123,0.756450,0.756450,list_directory:0.4662;read_file:0.5866;grep_search:0.6086;ask_user:0.6262;glob_pattern:0.6389,"[[559, ""grep_search"", ""read_file""], [353, ""read_file"", ""list_directory""], [284, ""grep_search"", ""list_directory""], [236, ""list_directory"", ""read_file""], [224, ""glob_pattern"", ""read_file""], [218, ""read_file"", ""grep_search""], [154, ""ask_user"", ""plan_task""], [151, ""glob_pattern"", ""list_directory""]]","{""apply_patch"": 943, ""ask_user"": 467, ""edit_file"": 2240, ""glob_pattern"": 755, ""grep_search"": 1454, ""lint_or_typecheck"": 451, ""list_directory"": 1306, ""plan_task"": 575, ""read_file"": 2238, ""respond_only"": 1051, ""run_bash"": 1035, ""run_tests"": 875, ""web_search"": 308, ""write_file"": 303}",,experiments/logits/20260708_112424_gpu_transformer_session_current_v7rcgw_len384_replay-last1_v7rcgw_hcx05b_screen_val_logits.pt,,,1993.983,1090.625,"train_transformer.py --base-model naver-hyperclovax/HyperCLOVAX-SEED-Text-Instruct-0.5B --lr 2e-5 --device cuda --split session --max-length 384 --epochs 3 --batch-size 16 --grad-accum-steps 1 --gradient-checkpointing --eval-batch-size 64 --class-weight-power 0.5 --label-smoothing 0.02 --loss focal --focal-gamma 2.0 --replay-mode last1 --max-replay-samples 10000 --replay-sample-weight 0.5 --tune-bias --keep-threshold 0.0 --tokenize-batch-size 1024 --no-research-log --seed 42 --save-val-model --save-fp16 --serializer current_v7rcgw --output-dir /content/drive/MyDrive/AADP_exchange/models/v7rcgw_hcx05b_screen --experiment-suffix v7rcgw_hcx05b_screen --notes 'current_v7rcgw = v7rc (meta deleted, reg untouched) + loc-wall AND langs-v6-compact applied together in one workspace line (combined single cell, not two separate screens per user directive); stacked on v7rc regardless of v7rc'""'""'s own outcome vs v7r; compare vs v7rc score and vs v7r anchor 0.776961'","current_v7rcgw = v7rc (meta deleted, reg untouched) + loc-wall AND langs-v6-compact applied together in one workspace line (combined single cell, not two separate screens per user directive); stacked on v7rc regardless of v7rc's own outcome vs v7r; compare vs v7rc score and vs v7r anchor 0.776961",keep as GPU candidate
20260708_115822_gpu_transformer_session_current_v9h_len384_replay-last1_v9h_hcx05b_screen,torch_gpu_transformer,naver-hyperclovax/HyperCLOVAX-SEED-Text-Instruct-0.5B,serialized prompt/action/workspace text,current_v9h,session,42,,384,3,2e-05,16,0.5,0.02,last1,10000,0.753408,0.759451,0.760221,0.760221,list_directory:0.4804;read_file:0.5924;grep_search:0.6074;glob_pattern:0.6332;ask_user:0.6462,"[[591, ""grep_search"", ""read_file""], [334, ""read_file"", ""list_directory""], [256, ""grep_search"", ""list_directory""], [250, ""list_directory"", ""read_file""], [212, ""glob_pattern"", ""read_file""], [209, ""read_file"", ""grep_search""], [181, ""ask_user"", ""plan_task""], [152, ""glob_pattern"", ""list_directory""]]","{""apply_patch"": 957, ""ask_user"": 472, ""edit_file"": 2230, ""glob_pattern"": 765, ""grep_search"": 1425, ""lint_or_typecheck"": 387, ""list_directory"": 1262, ""plan_task"": 645, ""read_file"": 2296, ""respond_only"": 1052, ""run_bash"": 1041, ""run_tests"": 932, ""web_search"": 233, ""write_file"": 304}",,experiments/logits/20260708_115822_gpu_transformer_session_current_v9h_len384_replay-last1_v9h_hcx05b_screen_val_logits.pt,,,3836.969,1087.807,"train_transformer.py --base-model naver-hyperclovax/HyperCLOVAX-SEED-Text-Instruct-0.5B --lr 2e-5 --device cuda --split session --serializer current_v9h --max-length 384 --epochs 3 --batch-size 16 --grad-accum-steps 1 --gradient-checkpointing --eval-batch-size 64 --class-weight-power 0.5 --label-smoothing 0.02 --loss focal --focal-gamma 2.0 --replay-mode last1 --max-replay-samples 10000 --replay-sample-weight 0.5 --tune-bias --keep-threshold 0.0 --tokenize-batch-size 1024 --no-research-log --seed 42 --save-val-model --save-fp16 --output-dir /content/drive/MyDrive/AADP_exchange_c/models/v9h_hcx05b_screen --experiment-suffix v9h_hcx05b_screen --notes 'current_v9h = v7r with only <current>/<last_user> (free-text fields) tag-wrapped open+close, other 8 fields keep v1 ""field: "" prefix; retry after first launch failed with invalid-choice argparse error (VM code was stale from an earlier bootstrap, push alone did not refresh a live daemon -- fixed via cmd-channel re-extraction); vs v7r anchor 0.776961, gate +0.002'","current_v9h = v7r with only <current>/<last_user> (free-text fields) tag-wrapped open+close, other 8 fields keep v1 ""field: "" prefix; retry after first launch failed with invalid-choice argparse error (VM code was stale from an earlier bootstrap, push alone did not refresh a live daemon -- fixed via cmd-channel re-extraction); vs v7r anchor 0.776961, gate +0.002",keep as GPU candidate
20260708_kdm8_fv_weaksp,tfidf_linearsvc_oof_ensemble,,OOF transformer logits + fold-aware TF-IDF LinearSVC scores,current_v1,session_oof,,oof,,,,,,,,,0.787801,,,0.787983,list_directory:0.5184;read_file:0.6124;grep_search:0.6490;glob_pattern:0.6544;ask_user:0.6842,"[[398, ""grep_search"", ""read_file""], [314, ""read_file"", ""list_directory""], [312, ""read_file"", ""grep_search""], [275, ""grep_search"", ""list_directory""], [165, ""ask_user"", ""plan_task""], [158, ""list_directory"", ""read_file""], [157, ""glob_pattern"", ""read_file""], [157, ""glob_pattern"", ""list_directory""]]","{""apply_patch"": 961, ""ask_user"": 458, ""edit_file"": 2215, ""glob_pattern"": 798, ""grep_search"": 1754, ""lint_or_typecheck"": 365, ""list_directory"": 1325, ""plan_task"": 629, ""read_file"": 1869, ""respond_only"": 1051, ""run_bash"": 1079, ""run_tests"": 927, ""web_search"": 265, ""write_file"": 305}",experiments/artifacts/20260708_kdm8_fv_weaksp_sparse_svc.json,experiments/logits/20260708_kdm8_fv_weaksp_sparse_oof_logits.pt,,,,,,fixed-val weak-class gated sparse residual on kd_hcx_m8 screen; Public-slot probe candidate,sparse svc oof ensemble diagnostic complete
20260708_kdm8_fv_ce_sp,tfidf_linearsvc_oof_ensemble,,OOF transformer logits + fold-aware TF-IDF LinearSVC scores,compact_events_v1,session_oof,,oof,,,,,,,,,0.787801,,,0.787927,list_directory:0.5184;read_file:0.6125;grep_search:0.6485;glob_pattern:0.6540;ask_user:0.6842,"[[396, ""grep_search"", ""read_file""], [314, ""read_file"", ""grep_search""], [314, ""read_file"", ""list_directory""], [275, ""grep_search"", ""list_directory""], [165, ""ask_user"", ""plan_task""], [157, ""list_directory"", ""read_file""], [157, ""glob_pattern"", ""list_directory""], [155, ""glob_pattern"", ""read_file""]]","{""apply_patch"": 961, ""ask_user"": 458, ""edit_file"": 2215, ""glob_pattern"": 799, ""grep_search"": 1760, ""lint_or_typecheck"": 365, ""list_directory"": 1325, ""plan_task"": 629, ""read_file"": 1862, ""respond_only"": 1051, ""run_bash"": 1079, ""run_tests"": 927, ""web_search"": 265, ""write_file"": 305}",experiments/artifacts/20260708_kdm8_fv_ce_sp_sparse_svc.json,experiments/logits/20260708_kdm8_fv_ce_sp_sparse_oof_logits.pt,,,,,,fixed-val compact_events weak-class gated sparse residual on kd_hcx_m8 screen,sparse svc oof ensemble diagnostic complete
20260708_144520_gpu_transformer_session_current_v7r_len400_replay-last1_m8_v7r_refit,torch_gpu_transformer_final_refit,igorktech/Qwen3.5-0.8B-Base-LM,serialized prompt/action/workspace text,current_v7r,final_refit,42,,400,3,2e-05,8,0.5,0.02,last1,10000,,,,0.000000,,,,/content/drive/MyDrive/AADP_exchange/models/m8_v7r_refit,,,,10371.389,1454.218,"train_transformer.py --base-model igorktech/Qwen3.5-0.8B-Base-LM --lr 2e-5 --device cuda --split session --serializer current_v7r --max-length 400 --epochs 3 --batch-size 8 --grad-accum-steps 2 --eval-batch-size 64 --class-weight-power 0.5 --label-smoothing 0.02 --loss focal --focal-gamma 2.0 --replay-mode last1 --max-replay-samples 10000 --replay-sample-weight 0.5 --tune-bias --keep-threshold 0.0 --tokenize-batch-size 1024 --no-research-log --seed 42 --save-fp16 --epoch-checkpoint-dir /content/drive/MyDrive/AADP_exchange/models/m8_v7r_refit_ckpt --output-dir /content/drive/MyDrive/AADP_exchange/models/m8_v7r_refit --experiment-suffix m8_v7r_refit --notes 'M8 Qwen3.5-0.8B ep3 len400 FULL-DATA refit, matched-teacher retrain for current_v7r; retry after tokenizer load failure (TokenizersBackend not registered under bootstrap-default transformers 4.46.3) -- installed documented override transformers>=5.13,<5.14 + safetensors==0.8.0 (per requirements_qwen35.txt / colab/m8_*_probe.py precedent) before this launch; MUST revert lane A to transformers==4.46.3 before any subsequent HCX-based (Llama-arch) launch on this VM -- 5.13 saves RoPE config as rope_parameters only, causing a documented positional-embedding mismatch when loaded by older transformers (research_log rope_theta incident)' --final-model --final-only","M8 Qwen3.5-0.8B ep3 len400 FULL-DATA refit, matched-teacher retrain for current_v7r; retry after tokenizer load failure (TokenizersBackend not registered under bootstrap-default transformers 4.46.3) -- installed documented override transformers>=5.13,<5.14 + safetensors==0.8.0 (per requirements_qwen35.txt / colab/m8_*_probe.py precedent) before this launch; MUST revert lane A to transformers==4.46.3 before any subsequent HCX-based (Llama-arch) launch on this VM -- 5.13 saves RoPE config as rope_parameters only, causing a documented positional-embedding mismatch when loaded by older transformers (research_log rope_theta incident)",final transformer refit complete; requires sparse artifact and package smoke test
20260708_154352_gpu_transformer_session_current_v7r_len384_replay-last1_kd_v7r_matched_hcx05b_screen,torch_gpu_transformer,naver-hyperclovax/HyperCLOVAX-SEED-Text-Instruct-0.5B,serialized prompt/action/workspace text,current_v7r,session,42,,384,3,2e-05,16,0.5,0.02,last1,10000,0.785954,0.787312,0.788443,0.788443,list_directory:0.5257;read_file:0.6135;grep_search:0.6466;glob_pattern:0.6653;ask_user:0.6872,"[[420, ""grep_search"", ""read_file""], [327, ""read_file"", ""list_directory""], [279, ""grep_search"", ""list_directory""], [266, ""read_file"", ""grep_search""], [168, ""ask_user"", ""plan_task""], [157, ""glob_pattern"", ""list_directory""], [156, ""list_directory"", ""read_file""], [151, ""glob_pattern"", ""read_file""]]","{""apply_patch"": 955, ""ask_user"": 468, ""edit_file"": 2231, ""glob_pattern"": 882, ""grep_search"": 1616, ""lint_or_typecheck"": 410, ""list_directory"": 1359, ""plan_task"": 642, ""read_file"": 1895, ""respond_only"": 1051, ""run_bash"": 968, ""run_tests"": 981, ""web_search"": 238, ""write_file"": 305}",,experiments/logits/20260708_154352_gpu_transformer_session_current_v7r_len384_replay-last1_kd_v7r_matched_hcx05b_screen_val_logits.pt,,,2206.854,1090.625,"train_transformer.py --base-model naver-hyperclovax/HyperCLOVAX-SEED-Text-Instruct-0.5B --lr 2e-5 --device cuda --split session --serializer current_v7r --max-length 384 --epochs 3 --batch-size 16 --grad-accum-steps 1 --gradient-checkpointing --eval-batch-size 64 --class-weight-power 0.5 --label-smoothing 0.02 --loss focal --focal-gamma 2.0 --replay-mode last1 --max-replay-samples 10000 --replay-sample-weight 0.5 --tune-bias --keep-threshold 0.0 --tokenize-batch-size 1024 --no-research-log --seed 42 --save-val-model --save-fp16 --distill-logits experiments/logits/m8_v7r_refit_train70k_fp16.pt --distill-alpha 0.5 --distill-temp 3.0 --output-dir /content/drive/MyDrive/AADP_exchange/models/kd_v7r_matched_hcx05b_screen --experiment-suffix kd_v7r_matched_hcx05b_screen --notes 'v7r-MATCHED KD screen: teacher is M8 retrained with current_v7r (not the original v1-teacher), resolving the teacher/student serializer mismatch that caused the earlier v7-KD (-0.0025) and v7r-KD (-0.0048) failures (hypothesis: v1-teacher KL term acted as a regression-to-v1-uncertainty term on exactly the rows v7r'""'""'s features disambiguate); vs KD anchor 0.787801 (v1-teacher, alpha0.5 T3), gate +0.002=0.789801'","v7r-MATCHED KD screen: teacher is M8 retrained with current_v7r (not the original v1-teacher), resolving the teacher/student serializer mismatch that caused the earlier v7-KD (-0.0025) and v7r-KD (-0.0048) failures (hypothesis: v1-teacher KL term acted as a regression-to-v1-uncertainty term on exactly the rows v7r's features disambiguate); vs KD anchor 0.787801 (v1-teacher, alpha0.5 T3), gate +0.002=0.789801",keep as GPU candidate
20260708_171959_gpu_transformer_session_current_v7r_len384_replay-last1_kd_v7r_matched_refit,torch_gpu_transformer_final_refit,naver-hyperclovax/HyperCLOVAX-SEED-Text-Instruct-0.5B,serialized prompt/action/workspace text,current_v7r,final_refit,42,,384,3,2e-05,16,0.5,0.02,last1,10000,,,,0.000000,,,,/content/drive/MyDrive/AADP_exchange/models/kd_v7r_matched_refit,,,,4166.406,1090.625,"train_transformer.py --base-model naver-hyperclovax/HyperCLOVAX-SEED-Text-Instruct-0.5B --lr 2e-5 --device cuda --split session --serializer current_v7r --max-length 384 --epochs 3 --batch-size 16 --grad-accum-steps 1 --gradient-checkpointing --class-weight-power 0.5 --label-smoothing 0.02 --loss focal --focal-gamma 2.0 --replay-mode last1 --max-replay-samples 10000 --replay-sample-weight 0.5 --distill-logits experiments/logits/m8_v7r_refit_train70k_fp16.pt --distill-alpha 0.5 --distill-temp 3.0 --seed 42 --save-fp16 --output-dir /content/drive/MyDrive/AADP_exchange/models/kd_v7r_matched_refit --experiment-suffix kd_v7r_matched_refit --notes 'kd_v7r_matched_refit: FULL-DATA refit of the v7r-matched KD screen (kd_v7r_matched_hcx05b_screen, fixed 2stage 0.788443, +0.000642 vs v1-teacher KD anchor 0.787801 -- inside noise floor, gate not cleared). User call to try Public anyway. Mirrors kd_m8_refit exactly except serializer v1->v7r and matched teacher logits. Retry after FileNotFoundError: .pt teacher logits are gitignored (npz-only convention), not carried by push; re-staged via mounted Drive cp from AADP_exchange/logits/ (fresh VM instance had none locally).' --final-model --final-only","kd_v7r_matched_refit: FULL-DATA refit of the v7r-matched KD screen (kd_v7r_matched_hcx05b_screen, fixed 2stage 0.788443, +0.000642 vs v1-teacher KD anchor 0.787801 -- inside noise floor, gate not cleared). User call to try Public anyway. Mirrors kd_m8_refit exactly except serializer v1->v7r and matched teacher logits. Retry after FileNotFoundError: .pt teacher logits are gitignored (npz-only convention), not carried by push; re-staged via mounted Drive cp from AADP_exchange/logits/ (fresh VM instance had none locally).",final transformer refit complete; requires sparse artifact and package smoke test
20260709_032531_gpu_transformer_session_current_v1_len384_replay-last1_kd_v1_e4w040_screen,torch_gpu_transformer,naver-hyperclovax/HyperCLOVAX-SEED-Text-Instruct-0.5B,serialized prompt/action/workspace text,current_v1,session,42,,384,3,2e-05,16,0.5,0.02,last1,10000,0.782105,0.783818,0.784597,0.784597,list_directory:0.5143;read_file:0.6182;grep_search:0.6345;glob_pattern:0.6572;ask_user:0.6935,"[[498, ""grep_search"", ""read_file""], [328, ""read_file"", ""list_directory""], [273, ""grep_search"", ""list_directory""], [202, ""read_file"", ""grep_search""], [192, ""list_directory"", ""read_file""], [180, ""glob_pattern"", ""read_file""], [153, ""glob_pattern"", ""list_directory""], [142, ""ask_user"", ""plan_task""]]","{""apply_patch"": 962, ""ask_user"": 522, ""edit_file"": 2223, ""glob_pattern"": 854, ""grep_search"": 1457, ""lint_or_typecheck"": 476, ""list_directory"": 1327, ""plan_task"": 569, ""read_file"": 2109, ""respond_only"": 1051, ""run_bash"": 1012, ""run_tests"": 878, ""web_search"": 256, ""write_file"": 305}",,experiments/logits/20260709_032531_gpu_transformer_session_current_v1_len384_replay-last1_kd_v1_e4w040_screen_val_logits.pt,,,3493.851,1087.807,train_transformer.py --base-model naver-hyperclovax/HyperCLOVAX-SEED-Text-Instruct-0.5B --lr 2e-5 --device cuda --split session --serializer current_v1 --max-length 384 --epochs 3 --batch-size 16 --grad-accum-steps 1 --gradient-checkpointing --eval-batch-size 64 --class-weight-power 0.5 --label-smoothing 0.02 --loss focal --focal-gamma 2.0 --replay-mode last1 --max-replay-samples 10000 --replay-sample-weight 0.5 --distill-logits /content/drive/MyDrive/AADP_exchange_c/teacher/m8_qwen35_refit_train70k_fp16.pt --distill-alpha 0.5 --distill-temp 3.0 --explorer4-loss-weight 0.40 --explorer4-loss-balance --tune-bias --keep-threshold 0.0 --tokenize-batch-size 1024 --seed 42 --no-research-log --save-val-model --save-fp16 --epoch-checkpoint-dir /content/drive/MyDrive/AADP_exchange_c/models/kd_v1_e4w040_screen_ckpt --output-dir /content/drive/MyDrive/AADP_exchange_c/models/kd_v1_e4w040_screen --experiment-suffix kd_v1_e4w040_screen --notes 'Explorer4 conditional CE Card A: current_v1 KD champion recipe plus true-label restricted list/read/grep/glob CE weight0.40 balanced; gate vs kd_hcx_m8_screen_s42 raw 0.783852 and 2stage 0.787801; require raw lift and Explorer4 sum +0.050 for Public consideration',Explorer4 conditional CE Card A: current_v1 KD champion recipe plus true-label restricted list/read/grep/glob CE weight0.40 balanced; gate vs kd_hcx_m8_screen_s42 raw 0.783852 and 2stage 0.787801; require raw lift and Explorer4 sum +0.050 for Public consideration,keep as GPU candidate
20260709_052409_gpu_transformer_session_current_v10_len416_replay-last1_kd_v10_route416_bf16_hcx05b_screen,torch_gpu_transformer,naver-hyperclovax/HyperCLOVAX-SEED-Text-Instruct-0.5B,serialized prompt/action/workspace text,current_v10,session,42,,416,3,2e-05,16,0.5,0.02,last1,10000,0.753897,0.756570,0.756603,0.756603,list_directory:0.4827;read_file:0.5923;grep_search:0.6086;glob_pattern:0.6258;ask_user:0.6561,"[[569, ""grep_search"", ""read_file""], [300, ""read_file"", ""list_directory""], [265, ""grep_search"", ""list_directory""], [257, ""list_directory"", ""read_file""], [249, ""read_file"", ""grep_search""], [238, ""glob_pattern"", ""read_file""], [150, ""glob_pattern"", ""list_directory""], [142, ""plan_task"", ""ask_user""]]","{""apply_patch"": 947, ""ask_user"": 560, ""edit_file"": 2235, ""glob_pattern"": 697, ""grep_search"": 1500, ""lint_or_typecheck"": 435, ""list_directory"": 1231, ""plan_task"": 547, ""read_file"": 2313, ""respond_only"": 1052, ""run_bash"": 1008, ""run_tests"": 924, ""web_search"": 248, ""write_file"": 304}",,experiments/logits/20260709_052409_gpu_transformer_session_current_v10_len416_replay-last1_kd_v10_route416_bf16_hcx05b_screen_val_logits.pt,,,1965.851,1087.807,train_transformer.py --base-model naver-hyperclovax/HyperCLOVAX-SEED-Text-Instruct-0.5B --lr 2e-5 --device cuda --bf16 --split session --serializer current_v10 --max-length 416 --epochs 3 --batch-size 16 --grad-accum-steps 1 --gradient-checkpointing --eval-batch-size 64 --class-weight-power 0.5 --label-smoothing 0.02 --loss focal --focal-gamma 2.0 --replay-mode last1 --max-replay-samples 10000 --replay-sample-weight 0.5 --distill-logits /content/drive/MyDrive/AADP_exchange_c/teacher/m8_qwen35_refit_train70k_fp16.pt --distill-alpha 0.5 --distill-temp 3.0 --tune-bias --keep-threshold 0.0 --tokenize-batch-size 1024 --seed 42 --no-research-log --save-val-model --save-fp16 --epoch-checkpoint-dir /content/drive/MyDrive/AADP_exchange_c/models/kd_v10_route416_bf16_hcx05b_screen_ckpt --output-dir /content/drive/MyDrive/AADP_exchange_c/models/kd_v10_route416_bf16_hcx05b_screen --experiment-suffix kd_v10_route416_bf16_hcx05b_screen --notes 'current_v10 route/trail/open_rel serializer screen on KD-M8 champion recipe; len416; Blackwell bf16 retry after fp16 non-finite grad; no Public',current_v10 route/trail/open_rel serializer screen on KD-M8 champion recipe; len416; Blackwell bf16 retry after fp16 non-finite grad; no Public,keep as GPU candidate
20260709_055628_gpu_transformer_session_current_v1_len384_replay-last1_kd_v1_len384_bf16_g4_control,torch_gpu_transformer,naver-hyperclovax/HyperCLOVAX-SEED-Text-Instruct-0.5B,serialized prompt/action/workspace text,current_v1,session,42,,384,3,2e-05,16,0.5,0.02,last1,10000,0.755598,0.758660,0.759469,0.759469,list_directory:0.4981;read_file:0.6000;grep_search:0.6025;glob_pattern:0.6308;ask_user:0.6508,"[[571, ""grep_search"", ""read_file""], [292, ""read_file"", ""list_directory""], [270, ""grep_search"", ""list_directory""], [229, ""list_directory"", ""read_file""], [224, ""glob_pattern"", ""read_file""], [216, ""read_file"", ""grep_search""], [173, ""ask_user"", ""plan_task""], [148, ""glob_pattern"", ""list_directory""]]","{""apply_patch"": 963, ""ask_user"": 480, ""edit_file"": 2223, ""glob_pattern"": 810, ""grep_search"": 1396, ""lint_or_typecheck"": 380, ""list_directory"": 1246, ""plan_task"": 619, ""read_file"": 2286, ""respond_only"": 1051, ""run_bash"": 1078, ""run_tests"": 912, ""web_search"": 249, ""write_file"": 308}",,experiments/logits/20260709_055628_gpu_transformer_session_current_v1_len384_replay-last1_kd_v1_len384_bf16_g4_control_val_logits.pt,,,1584.271,1087.807,train_transformer.py --base-model naver-hyperclovax/HyperCLOVAX-SEED-Text-Instruct-0.5B --lr 2e-5 --device cuda --bf16 --split session --serializer current_v1 --max-length 384 --epochs 3 --batch-size 16 --grad-accum-steps 1 --gradient-checkpointing --eval-batch-size 64 --class-weight-power 0.5 --label-smoothing 0.02 --loss focal --focal-gamma 2.0 --replay-mode last1 --max-replay-samples 10000 --replay-sample-weight 0.5 --distill-logits /content/drive/MyDrive/AADP_exchange_c/teacher/m8_qwen35_refit_train70k_fp16.pt --distill-alpha 0.5 --distill-temp 3.0 --tune-bias --keep-threshold 0.0 --tokenize-batch-size 1024 --seed 42 --no-research-log --save-val-model --save-fp16 --epoch-checkpoint-dir /content/drive/MyDrive/AADP_exchange_c/models/kd_v1_len384_bf16_g4_control_ckpt --output-dir /content/drive/MyDrive/AADP_exchange_c/models/kd_v1_len384_bf16_g4_control --experiment-suffix kd_v1_len384_bf16_g4_control --notes 'current_v1 len384 KD-M8 champion recipe on lane C G4/Blackwell with bf16; control for v10 route416 bf16 result; no Public',current_v1 len384 KD-M8 champion recipe on lane C G4/Blackwell with bf16; control for v10 route416 bf16 result; no Public,keep as GPU candidate
20260709_084941_gpu_transformer_session_current_v11s_len384_replay-last1_kd_v11s_hcx05b_screen,torch_gpu_transformer,naver-hyperclovax/HyperCLOVAX-SEED-Text-Instruct-0.5B,serialized prompt/action/workspace text,current_v11s,session,42,,384,3,2e-05,16,0.5,0.02,last1,10000,0.779544,0.780251,0.782107,0.782107,list_directory:0.5068;read_file:0.6051;grep_search:0.6425;glob_pattern:0.6564;ask_user:0.6867,"[[395, ""grep_search"", ""read_file""], [337, ""read_file"", ""grep_search""], [298, ""read_file"", ""list_directory""], [258, ""grep_search"", ""list_directory""], [177, ""list_directory"", ""read_file""], [148, ""glob_pattern"", ""read_file""], [148, ""ask_user"", ""plan_task""], [142, ""glob_pattern"", ""list_directory""]]","{""apply_patch"": 957, ""ask_user"": 492, ""edit_file"": 2222, ""glob_pattern"": 826, ""grep_search"": 1829, ""lint_or_typecheck"": 402, ""list_directory"": 1237, ""plan_task"": 590, ""read_file"": 1855, ""respond_only"": 1051, ""run_bash"": 1072, ""run_tests"": 895, ""web_search"": 268, ""write_file"": 305}",,experiments/logits/20260709_084941_gpu_transformer_session_current_v11s_len384_replay-last1_kd_v11s_hcx05b_screen_val_logits.pt,,,3216.270,1090.625,"train_transformer.py --base-model naver-hyperclovax/HyperCLOVAX-SEED-Text-Instruct-0.5B --lr 2e-5 --device cuda --split session --serializer current_v11s --max-length 384 --epochs 3 --batch-size 16 --grad-accum-steps 1 --gradient-checkpointing --eval-batch-size 64 --class-weight-power 0.5 --label-smoothing 0.02 --loss focal --focal-gamma 2.0 --replay-mode last1 --max-replay-samples 10000 --replay-sample-weight 0.5 --distill-logits /content/drive/MyDrive/AADP_exchange_b/teacher/m8_qwen35_refit_train70k_fp16.pt --distill-alpha 0.5 --distill-temp 3.0 --tune-bias --keep-threshold 0.0 --tokenize-batch-size 1024 --seed 42 --no-research-log --save-val-model --save-fp16 --epoch-checkpoint-dir /content/drive/MyDrive/AADP_exchange_b/models/kd_v11s_hcx05b_screen_ckpt --output-dir /content/drive/MyDrive/AADP_exchange_b/models/kd_v11s_hcx05b_screen --experiment-suffix kd_v11s_hcx05b_screen --notes 'current_v11s scaffold/substrate serializer screen on KD-M8 champion recipe; current_v1 line geometry plus reg/nav compact cue, masked meta/workspace; A100 lane B fp16; no Public; scaler guard patched to allow fp16 GradScaler backoff'","current_v11s scaffold/substrate serializer screen on KD-M8 champion recipe; current_v1 line geometry plus reg/nav compact cue, masked meta/workspace; A100 lane B fp16; no Public; scaler guard patched to allow fp16 GradScaler backoff",keep as GPU candidate
20260709_100552_gpu_transformer_session_current_v1_len384_replay-last1_kd_v1_len384_a100_b_control,torch_gpu_transformer,naver-hyperclovax/HyperCLOVAX-SEED-Text-Instruct-0.5B,serialized prompt/action/workspace text,current_v1,session,42,,384,3,2e-05,16,0.5,0.02,last1,10000,0.785381,0.789876,0.790594,0.790594,list_directory:0.5235;read_file:0.6180;grep_search:0.6471;glob_pattern:0.6579;ask_user:0.7200,"[[417, ""grep_search"", ""read_file""], [309, ""read_file"", ""list_directory""], [275, ""read_file"", ""grep_search""], [271, ""grep_search"", ""list_directory""], [161, ""list_directory"", ""read_file""], [155, ""glob_pattern"", ""read_file""], [154, ""glob_pattern"", ""list_directory""], [130, ""plan_task"", ""ask_user""]]","{""apply_patch"": 955, ""ask_user"": 579, ""edit_file"": 2228, ""glob_pattern"": 858, ""grep_search"": 1660, ""lint_or_typecheck"": 395, ""list_directory"": 1311, ""plan_task"": 514, ""read_file"": 1910, ""respond_only"": 1051, ""run_bash"": 1052, ""run_tests"": 923, ""web_search"": 259, ""write_file"": 306}",,experiments/logits/20260709_100552_gpu_transformer_session_current_v1_len384_replay-last1_kd_v1_len384_a100_b_control_val_logits.pt,,,3052.920,1090.625,train_transformer.py --base-model naver-hyperclovax/HyperCLOVAX-SEED-Text-Instruct-0.5B --lr 2e-5 --device cuda --split session --serializer current_v1 --max-length 384 --epochs 3 --batch-size 16 --grad-accum-steps 1 --eval-batch-size 64 --gradient-checkpointing --class-weight-power 0.5 --label-smoothing 0.02 --loss focal --focal-gamma 2.0 --replay-mode last1 --max-replay-samples 10000 --replay-sample-weight 0.5 --distill-logits /content/drive/MyDrive/AADP_exchange_b/teacher/m8_qwen35_refit_train70k_fp16.pt --distill-alpha 0.5 --distill-temp 3.0 --tune-bias --keep-threshold 0.0 --tokenize-batch-size 1024 --seed 42 --no-research-log --save-val-model --save-fp16 --epoch-checkpoint-dir /content/drive/MyDrive/AADP_exchange_b/models/kd_v1_len384_a100_b_control_ckpt --output-dir /content/drive/MyDrive/AADP_exchange_b/models/kd_v1_len384_a100_b_control --experiment-suffix kd_v1_len384_a100_b_control --notes 'current_v1 len384 KD-M8 champion recipe on lane B A100 fp16; same-lane control for current_v11s len384; no Public',current_v1 len384 KD-M8 champion recipe on lane B A100 fp16; same-lane control for current_v11s len384; no Public,keep as GPU candidate
20260710_080728_gpu_transformer_session_current_v1_len384_spec_v1_weak4_screen_s42,weak4_lora_specialist,naver-hyperclovax/HyperCLOVAX-SEED-Text-Instruct-0.5B,serialized prompt/action/workspace text,current_v1,session,42,,384,2,0.0001,16,0.5,0.02,none,0,0.565311,,,0.565311,list_directory:0.4314;read_file:0.5784;glob_pattern:0.6160;grep_search:0.6355,"[[392, ""read_file"", ""grep_search""], [384, ""grep_search"", ""read_file""], [246, ""read_file"", ""list_directory""], [220, ""list_directory"", ""read_file""], [185, ""grep_search"", ""list_directory""], [180, ""list_directory"", ""grep_search""], [165, ""read_file"", ""glob_pattern""], [148, ""glob_pattern"", ""grep_search""]]","{""glob_pattern"": 1030, ""grep_search"": 1962, ""list_directory"": 940, ""read_file"": 1812}",,experiments/logits/20260710_080728_gpu_transformer_session_current_v1_len384_spec_v1_weak4_screen_s42_val_logits.pt,,,983.653,29.305,train_transformer.py --device cuda --base-model naver-hyperclovax/HyperCLOVAX-SEED-Text-Instruct-0.5B --resume-from /content/drive/MyDrive/AADP_exchange_c/models/kd_hcx_m8_screen/hf_model --lora-r 16 --train-label-filter weak4 --replay-mode none --assert-val-ids /content/drive/MyDrive/AADP_exchange_c/anchors/anchor_val_logits.pt --serializer current_v1 --split session --seed 42 --max-length 384 --epochs 2 --lr 1e-4 --batch-size 16 --grad-accum-steps 1 --eval-batch-size 64 --gradient-checkpointing --class-weight-power 0.5 --label-smoothing 0.02 --loss focal --focal-gamma 2.0 --keep-threshold 0.0 --tokenize-batch-size 1024 --save-val-model --save-fp16 --output-dir /content/drive/MyDrive/AADP_exchange_c/models/spec_v1_screen --experiment-suffix spec_v1_weak4_screen_s42 --no-research-log,naver-hyperclovax/HyperCLOVAX-SEED-Text-Instruct-0.5B,keep as GPU candidate
20260710_080836_gpu_transformer_session_weak_nav_v1_len384_spec_nav_weak4_screen_s42,weak4_lora_specialist,naver-hyperclovax/HyperCLOVAX-SEED-Text-Instruct-0.5B,serialized prompt/action/workspace text,weak_nav_v1,session,42,,384,2,0.0001,16,0.5,0.02,none,0,0.565298,,,0.565298,list_directory:0.4335;read_file:0.5808;glob_pattern:0.6178;grep_search:0.6291,"[[400, ""grep_search"", ""read_file""], [375, ""read_file"", ""grep_search""], [253, ""read_file"", ""list_directory""], [230, ""list_directory"", ""read_file""], [196, ""grep_search"", ""list_directory""], [172, ""list_directory"", ""grep_search""], [157, ""read_file"", ""glob_pattern""], [147, ""glob_pattern"", ""read_file""]]","{""glob_pattern"": 1011, ""grep_search"": 1906, ""list_directory"": 968, ""read_file"": 1859}",,experiments/logits/20260710_080836_gpu_transformer_session_weak_nav_v1_len384_spec_nav_weak4_screen_s42_val_logits.pt,,,965.783,29.305,train_transformer.py --device cuda --base-model naver-hyperclovax/HyperCLOVAX-SEED-Text-Instruct-0.5B --resume-from /content/drive/MyDrive/AADP_exchange_b/models/kd_hcx_m8_screen/hf_model --lora-r 16 --train-label-filter weak4 --replay-mode none --assert-val-ids /content/drive/MyDrive/AADP_exchange_b/anchors/anchor_val_logits.pt --serializer weak_nav_v1 --split session --seed 42 --max-length 384 --epochs 2 --lr 1e-4 --batch-size 16 --grad-accum-steps 1 --eval-batch-size 64 --gradient-checkpointing --class-weight-power 0.5 --label-smoothing 0.02 --loss focal --focal-gamma 2.0 --keep-threshold 0.0 --tokenize-batch-size 1024 --save-val-model --save-fp16 --output-dir /content/drive/MyDrive/AADP_exchange_b/models/spec_nav_screen --experiment-suffix spec_nav_weak4_screen_s42 --no-research-log,naver-hyperclovax/HyperCLOVAX-SEED-Text-Instruct-0.5B,keep as GPU candidate
20260710_115521_gpu_transformer_session_current_v7r_len384_replay-last1_v7r_rdrop_a1_hcx05b_screen,torch_gpu_transformer,naver-hyperclovax/HyperCLOVAX-SEED-Text-Instruct-0.5B,serialized prompt/action/workspace text,current_v7r,session,42,,384,3,2e-05,16,0.5,0.02,last1,10000,0.768698,0.773238,0.773597,0.773597,list_directory:0.5102;read_file:0.6163;grep_search:0.6196;glob_pattern:0.6457;ask_user:0.6489,"[[570, ""grep_search"", ""read_file""], [322, ""read_file"", ""list_directory""], [279, ""grep_search"", ""list_directory""], [216, ""glob_pattern"", ""read_file""], [215, ""list_directory"", ""read_file""], [176, ""ask_user"", ""plan_task""], [174, ""read_file"", ""grep_search""], [153, ""glob_pattern"", ""list_directory""]]","{""apply_patch"": 962, ""ask_user"": 440, ""edit_file"": 2220, ""glob_pattern"": 761, ""grep_search"": 1365, ""lint_or_typecheck"": 418, ""list_directory"": 1321, ""plan_task"": 633, ""read_file"": 2303, ""respond_only"": 1052, ""run_bash"": 1020, ""run_tests"": 923, ""web_search"": 276, ""write_file"": 307}",,experiments/logits/20260710_115521_gpu_transformer_session_current_v7r_len384_replay-last1_v7r_rdrop_a1_hcx05b_screen_val_logits.pt,,,3957.748,1090.626,"train_transformer.py --base-model naver-hyperclovax/HyperCLOVAX-SEED-Text-Instruct-0.5B --lr 2e-5 --device cuda --split session --serializer current_v7r --max-length 384 --epochs 3 --batch-size 16 --grad-accum-steps 1 --gradient-checkpointing --eval-batch-size 64 --class-weight-power 0.5 --label-smoothing 0.02 --loss focal --focal-gamma 2.0 --replay-mode last1 --max-replay-samples 10000 --replay-sample-weight 0.5 --rdrop-alpha 1.0 --dropout 0.1 --tune-bias --keep-threshold 0.0 --tokenize-batch-size 1024 --no-research-log --seed 42 --save-val-model --save-fp16 --epoch-checkpoint-dir /content/drive/MyDrive/AADP_exchange/models/v7r_rdrop_a1_hcx05b_screen_ckpt --output-dir /content/drive/MyDrive/AADP_exchange/models/v7r_rdrop_a1_hcx05b_screen --experiment-suffix v7r_rdrop_a1_hcx05b_screen --notes 'v7r + R-Drop non-KD screen: exact seed42 v7r anchor recipe plus R-Drop alpha1.0/dropout0.1 only; RTX PRO 6000 Blackwell G4 fp16; fixed 2stage anchor 0.776961, promotion gate +0.004=0.780961; rdrop_kl must stay >0; no KD'","v7r + R-Drop non-KD screen: exact seed42 v7r anchor recipe plus R-Drop alpha1.0/dropout0.1 only; RTX PRO 6000 Blackwell G4 fp16; fixed 2stage anchor 0.776961, promotion gate +0.004=0.780961; rdrop_kl must stay >0; no KD",keep as GPU candidate
20260710_selective_privileged_mode_residual_frozen_s42,frozen_privileged_mode_residual_probe,naver-hyperclovax/HyperCLOVAX-SEED-Text-Instruct-0.5B,cached HCX hidden plus train-only reconstructed args modes,current_v1,session,42,,384,1,2e-5,16,0.5,0.02,none,0,0.783688,,,0.783688,read_file:0.6137;run_bash:0.8437;edit_file:0.9866,,"{""apply_patch"": 960, ""ask_user"": 492, ""edit_file"": 2221, ""glob_pattern"": 852, ""grep_search"": 1622, ""lint_or_typecheck"": 458, ""list_directory"": 1378, ""plan_task"": 594, ""read_file"": 1894, ""respond_only"": 1052, ""run_bash"": 984, ""run_tests"": 924, ""web_search"": 266, ""write_file"": 304}",experiments/artifacts/20260710_selective_mode_probe_report.json,,,,271.898,,"probe_privileged_mode_residual.py --cache /content/drive/MyDrive/AADP_exchange/artifacts/privileged_mode/kd_hcx_m8_screen_cache.pt --data-dir open/data --taxonomy-output /content/drive/MyDrive/AADP_exchange/artifacts/privileged_mode/selective_mode_taxonomy.json --output /content/drive/MyDrive/AADP_exchange/artifacts/privileged_mode/selective_mode_probe_report.json --device cuda --head-seed 42 --epochs 1 --batch-size 16 --eval-batch-size 512 --lr 2e-5 --mode-lambda 0.15 --mode-loss-normalization prior_entropy --permutation-seeds 101,102,103,104,105 --min-mode-support 200 --prior-smoothing 1.0 --predictability-logistic-c 0.01",C0=0.783834; C1=0.783979; M=0.783688; M-C0=-0.000146; M-C1=-0.000292; M-best-permutation=-0.000331; cache export 148s; zero-init identity exact,reject; frozen gate failed; do not launch matched full screen
20260710_143349_gpu_transformer_session_current_v1_len384_replay-last1_kd_hcx15b_m8_screen_s42,torch_gpu_transformer,naver-hyperclovax/HyperCLOVAX-SEED-Text-Instruct-1.5B,serialized prompt/action/workspace text,current_v1,session,42,,384,3,2e-05,16,0.5,0.02,last1,10000,0.779971,0.784254,0.785769,0.785769,list_directory:0.5102;read_file:0.6225;grep_search:0.6296;glob_pattern:0.6540;ask_user:0.7080,"[[508, ""grep_search"", ""read_file""], [351, ""read_file"", ""list_directory""], [303, ""grep_search"", ""list_directory""], [182, ""glob_pattern"", ""read_file""], [175, ""list_directory"", ""read_file""], [170, ""glob_pattern"", ""list_directory""], [167, ""read_file"", ""grep_search""], [127, ""plan_task"", ""ask_user""]]","{""apply_patch"": 957, ""ask_user"": 573, ""edit_file"": 2224, ""glob_pattern"": 854, ""grep_search"": 1363, ""lint_or_typecheck"": 401, ""list_directory"": 1415, ""plan_task"": 527, ""read_file"": 2114, ""respond_only"": 1051, ""run_bash"": 1055, ""run_tests"": 908, ""web_search"": 253, ""write_file"": 306}",,experiments/logits/20260710_143349_gpu_transformer_session_current_v1_len384_replay-last1_kd_hcx15b_m8_screen_s42_val_logits.pt,,,4200.364,3034.749,"train_transformer.py --base-model naver-hyperclovax/HyperCLOVAX-SEED-Text-Instruct-1.5B --lr 2e-5 --device cuda --split session --serializer current_v1 --max-length 384 --epochs 3 --batch-size 16 --grad-accum-steps 1 --eval-batch-size 64 --gradient-checkpointing --class-weight-power 0.5 --label-smoothing 0.02 --loss focal --focal-gamma 2.0 --replay-mode last1 --max-replay-samples 10000 --replay-sample-weight 0.5 --distill-logits /content/drive/MyDrive/AADP_exchange_c/teacher/m8_qwen35_refit_train70k_fp16.pt --distill-alpha 0.5 --distill-temp 3.0 --tune-bias --keep-threshold 0.0 --tokenize-batch-size 1024 --seed 42 --no-research-log --save-val-model --save-fp16 --epoch-checkpoint-dir /content/drive/MyDrive/AADP_exchange_c/models/kd_hcx15b_m8_screen_ckpt --output-dir /content/drive/MyDrive/AADP_exchange_c/models/kd_hcx15b_m8_screen --experiment-suffix kd_hcx15b_m8_screen_s42 --notes 'student scale-up gate: HCX-1.5B student, KD from M8 full-refit (alpha0.5 T3), anchor kd_hcx_m8_screen_s42 2stage 0.787801, gate >= +0.006; G4 fp16 (patched grad guard); lane variance caveat: if delta lands +0.003~+0.008 run same-lane 0.5B control'","student scale-up gate: HCX-1.5B student, KD from M8 full-refit (alpha0.5 T3), anchor kd_hcx_m8_screen_s42 2stage 0.787801, gate >= +0.006; G4 fp16 (patched grad guard); lane variance caveat: if delta lands +0.003~+0.008 run same-lane 0.5B control",keep as GPU candidate
20260710_164157_gpu_transformer_session_chat_v1_contract_len448_replay-last1_chat_v1_contract_nonkd_hcx05b_s42,torch_gpu_transformer,naver-hyperclovax/HyperCLOVAX-SEED-Text-Instruct-0.5B,serialized prompt/action/workspace text,chat_v1_contract,session,42,,448,3,2e-05,16,0.5,0.02,last1,10000,0.758443,0.760874,0.762287,0.762287,list_directory:0.4787;read_file:0.5794;grep_search:0.6237;glob_pattern:0.6337;ask_user:0.6395,"[[415, ""grep_search"", ""read_file""], [341, ""read_file"", ""grep_search""], [332, ""read_file"", ""list_directory""], [283, ""grep_search"", ""list_directory""], [194, ""list_directory"", ""read_file""], [173, ""ask_user"", ""plan_task""], [169, ""glob_pattern"", ""read_file""], [146, ""glob_pattern"", ""list_directory""]]","{""apply_patch"": 949, ""ask_user"": 461, ""edit_file"": 2238, ""glob_pattern"": 811, ""grep_search"": 1779, ""lint_or_typecheck"": 376, ""list_directory"": 1282, ""plan_task"": 617, ""read_file"": 1878, ""respond_only"": 1051, ""run_bash"": 1052, ""run_tests"": 934, ""web_search"": 268, ""write_file"": 305}",,experiments/logits/20260710_164157_gpu_transformer_session_chat_v1_contract_len448_replay-last1_chat_v1_contract_nonkd_hcx05b_s42_val_logits.pt,,,3416.497,1090.626,train_transformer.py --base-model naver-hyperclovax/HyperCLOVAX-SEED-Text-Instruct-0.5B --lr 2e-5 --device cuda --split session --serializer chat_v1_contract --max-length 448 --epochs 3 --batch-size 16 --grad-accum-steps 1 --eval-batch-size 64 --gradient-checkpointing --class-weight-power 0.5 --label-smoothing 0.02 --loss focal --focal-gamma 2.0 --replay-mode last1 --max-replay-samples 10000 --replay-sample-weight 0.5 --assert-val-ids /content/drive/MyDrive/AADP_exchange_c/anchors/hcx05b_v1_s42_val_anchor.pt --tune-bias --keep-threshold 0.0 --tokenize-batch-size 1024 --seed 42 --no-research-log --save-val-model --save-fp16 --epoch-checkpoint-dir /content/drive/MyDrive/AADP_exchange_c/models/chat_v1_contract_nonkd_hcx05b_screen_ckpt --output-dir /content/drive/MyDrive/AADP_exchange_c/models/chat_v1_contract_nonkd_hcx05b_screen --experiment-suffix chat_v1_contract_nonkd_hcx05b_s42 --notes 'Lane C HCX instruction-contract screen: chat_v1_contract len448 non-KD; historical current_v1 anchor raw 0.765997 / 2stage 0.769796; gate 2stage +0.006; no distill or consensus',Lane C HCX instruction-contract screen: chat_v1_contract len448 non-KD; historical current_v1 anchor raw 0.765997 / 2stage 0.769796; gate 2stage +0.006; no distill or consensus,keep as GPU candidate
20260710_164309_gpu_transformer_session_current_v1_len384_replay-last1_kd_m8_consensus_sieve_refit_s42,torch_gpu_transformer_final_refit,naver-hyperclovax/HyperCLOVAX-SEED-Text-Instruct-0.5B,serialized prompt/action/workspace text,current_v1,final_refit,42,,384,3,2e-05,16,0.5,0.02,last1,10000,,,,0.000000,,,,/content/drive/MyDrive/AADP_exchange/models/kd_m8_consensus_sieve_refit,,,,3655.210,1090.634,"train_transformer.py --base-model naver-hyperclovax/HyperCLOVAX-SEED-Text-Instruct-0.5B --lr 2e-5 --device cuda --split session --serializer current_v1 --max-length 384 --epochs 3 --batch-size 16 --grad-accum-steps 1 --eval-batch-size 64 --gradient-checkpointing --class-weight-power 0.5 --label-smoothing 0.02 --loss focal --focal-gamma 2.0 --replay-mode last1 --max-replay-samples 10000 --replay-sample-weight 0.5 --distill-logits /content/drive/MyDrive/AADP_exchange/teacher/m8_qwen35_refit_train70k_fp16.pt --distill-alpha 0.5 --distill-temp 3.0 --consensus-reliability /content/drive/MyDrive/AADP_exchange/anchors/20260710_m7_m8_v6_oof_consensus.pt --consensus-backbone-weights 0,0.25,0.75,1 --tokenize-batch-size 1024 --seed 42 --no-research-log --save-fp16 --epoch-checkpoint-dir /content/drive/MyDrive/AADP_exchange/models/kd_m8_consensus_sieve_refit_ckpt --output-dir /content/drive/MyDrive/AADP_exchange/models/kd_m8_consensus_sieve_refit --experiment-suffix kd_m8_consensus_sieve_refit_s42 --notes 'Lane A final-only Public candidate: M8-KD current_v1 plus OOF M7/M8/v6 consensus gradient sieve; hard head full, hard backbone c=[0,.25,.75,1] class-normalized, KD unchanged, replay unsieved; zero bias/rules; no fixed-val interpretation' --final-model --final-only","Lane A final-only Public candidate: M8-KD current_v1 plus OOF M7/M8/v6 consensus gradient sieve; hard head full, hard backbone c=[0,.25,.75,1] class-normalized, KD unchanged, replay unsieved; zero bias/rules; no fixed-val interpretation",final transformer refit complete; requires sparse artifact and package smoke test
20260711_052534_gpu_transformer_session_current_v1_len384_replay-last1_kd_sieve_condalpha_refit_s42,torch_gpu_transformer_final_refit,naver-hyperclovax/HyperCLOVAX-SEED-Text-Instruct-0.5B,serialized prompt/action/workspace text,current_v1,final_refit,42,,384,3,2e-05,16,0.5,0.02,last1,10000,,,,0.000000,,,,/content/drive/MyDrive/AADP_exchange/models/kd_sieve_condalpha_refit,,,,3689.754,1090.634,"train_transformer.py --base-model naver-hyperclovax/HyperCLOVAX-SEED-Text-Instruct-0.5B --lr 2e-5 --device cuda --split session --serializer current_v1 --max-length 384 --epochs 3 --batch-size 16 --grad-accum-steps 1 --eval-batch-size 64 --gradient-checkpointing --class-weight-power 0.5 --label-smoothing 0.02 --loss focal --focal-gamma 2.0 --replay-mode last1 --max-replay-samples 10000 --replay-sample-weight 0.5 --distill-logits /content/drive/MyDrive/AADP_exchange/teacher/m8_qwen35_refit_train70k_fp16.pt --distill-alpha 0.5 --distill-alpha-weak 0.7 --distill-temp 3.0 --consensus-reliability /content/drive/MyDrive/AADP_exchange/anchors/20260710_m7_m8_v6_oof_consensus.pt --consensus-backbone-weights 0,0.25,0.75,1 --tokenize-batch-size 1024 --seed 42 --no-research-log --save-fp16 --epoch-checkpoint-dir /content/drive/MyDrive/AADP_exchange/models/kd_sieve_condalpha_refit_ckpt --output-dir /content/drive/MyDrive/AADP_exchange/models/kd_sieve_condalpha_refit --experiment-suffix kd_sieve_condalpha_refit_s42 --notes 'sieve x condalpha recipe stack: exact kdm8_sieve_s42 recipe + --distill-alpha-weak 0.7 as the only variable (matched original Weak4-true rows alpha 0.7, other matched 0.5, replay/unmatched KD-masked, T3); Public-only candidate, no fixed-val interpretation' --final-model --final-only","sieve x condalpha recipe stack: exact kdm8_sieve_s42 recipe + --distill-alpha-weak 0.7 as the only variable (matched original Weak4-true rows alpha 0.7, other matched 0.5, replay/unmatched KD-masked, T3); Public-only candidate, no fixed-val interpretation",final transformer refit complete; requires sparse artifact and package smoke test
20260711_091907_gpu_transformer_session_current_v1_len192_qv600_cli_canary_20260711,torch_gpu_transformer,distilbert-base-multilingual-cased,serialized prompt/action/workspace text,current_v1,session_quick600,42,,192,1,2e-05,24,0.5,0.02,none,0,0.672991,,,0.672991,ask_user:0.4110;read_file:0.4651;list_directory:0.5435;plan_task:0.5684;grep_search:0.5800,"[[17, ""ask_user"", ""plan_task""], [14, ""read_file"", ""grep_search""], [9, ""glob_pattern"", ""read_file""], [9, ""list_directory"", ""read_file""], [9, ""run_tests"", ""lint_or_typecheck""], [9, ""run_bash"", ""run_tests""], [8, ""ask_user"", ""web_search""], [8, ""lint_or_typecheck"", ""run_tests""]]","{""apply_patch"": 51, ""ask_user"": 30, ""edit_file"": 45, ""glob_pattern"": 25, ""grep_search"": 57, ""lint_or_typecheck"": 40, ""list_directory"": 49, ""plan_task"": 52, ""read_file"": 43, ""respond_only"": 42, ""run_bash"": 41, ""run_tests"": 43, ""web_search"": 41, ""write_file"": 41}",,experiments/logits/20260711_091907_gpu_transformer_session_current_v1_len192_qv600_cli_canary_20260711_val_logits.pt,,,110.120,0.000,train_transformer.py --device cuda --quick-val-size 600 --epochs 1 --no-research-log --experiment-suffix cli_canary_20260711,distilbert-base-multilingual-cased,screening only; require full fixed-session validation
20260711_102414_gpu_transformer_session_current_v1_len384_replay-last1_kd_sieve_ca_kdsv_refit_s42,torch_gpu_transformer_final_refit,naver-hyperclovax/HyperCLOVAX-SEED-Text-Instruct-0.5B,serialized prompt/action/workspace text,current_v1,final_refit,42,,384,3,2e-05,16,0.5,0.02,last1,10000,,,,0.000000,,,,/content/drive/MyDrive/AADP_exchange/models/kd_sieve_ca_kdsv_refit,,,,3654.990,1090.637,"train_transformer.py --base-model naver-hyperclovax/HyperCLOVAX-SEED-Text-Instruct-0.5B --lr 2e-5 --device cuda --split session --serializer current_v1 --max-length 384 --epochs 3 --batch-size 16 --grad-accum-steps 1 --eval-batch-size 64 --gradient-checkpointing --class-weight-power 0.5 --label-smoothing 0.02 --loss focal --focal-gamma 2.0 --replay-mode last1 --max-replay-samples 10000 --replay-sample-weight 0.5 --distill-logits /content/drive/MyDrive/AADP_exchange/teacher/m8_qwen35_refit_train70k_fp16.pt --distill-alpha 0.5 --distill-alpha-weak 0.7 --distill-temp 3.0 --consensus-reliability /content/drive/MyDrive/AADP_exchange/anchors/20260710_m7_m8_v6_oof_consensus.pt --consensus-backbone-weights 0,0.25,0.75,1 --consensus-kd-weights 0,0.25,0.75,1 --tokenize-batch-size 1024 --seed 42 --no-research-log --save-fp16 --epoch-checkpoint-dir /content/drive/MyDrive/AADP_exchange/models/kd_sieve_ca_kdsv_refit_ckpt --output-dir /content/drive/MyDrive/AADP_exchange/models/kd_sieve_ca_kdsv_refit --experiment-suffix kd_sieve_ca_kdsv_refit_s42 --notes 'lane A single variable: champion kd_sieve_ca_s42 + consensus KD-branch backbone sieve 0,0.25,0.75,1 (KD head full, class-normalized); zero bias/rules; final-only Public candidate' --final-model --final-only","lane A single variable: champion kd_sieve_ca_s42 + consensus KD-branch backbone sieve 0,0.25,0.75,1 (KD head full, class-normalized); zero bias/rules; final-only Public candidate",final transformer refit complete; requires sparse artifact and package smoke test
20260711_102408_gpu_transformer_session_current_v1_len384_replay-last1_kd_sieve_ca_v2rows_refit_s42,torch_gpu_transformer_final_refit,naver-hyperclovax/HyperCLOVAX-SEED-Text-Instruct-0.5B,serialized prompt/action/workspace text,current_v1,final_refit,42,,384,3,2e-05,16,0.5,0.02,last1,10000,,,,0.000000,,,,/content/drive/MyDrive/AADP_exchange_b/models/kd_sieve_ca_v2rows_refit,,,,3656.941,1090.635,"train_transformer.py --base-model naver-hyperclovax/HyperCLOVAX-SEED-Text-Instruct-0.5B --lr 2e-5 --device cuda --split session --serializer current_v1 --max-length 384 --epochs 3 --batch-size 16 --grad-accum-steps 1 --eval-batch-size 64 --gradient-checkpointing --class-weight-power 0.5 --label-smoothing 0.02 --loss focal --focal-gamma 2.0 --replay-mode last1 --max-replay-samples 10000 --replay-sample-weight 0.5 --distill-logits /content/drive/MyDrive/AADP_exchange/teacher/m8_qwen35_refit_train70k_fp16.pt --distill-alpha 0.5 --distill-alpha-weak 0.7 --distill-temp 3.0 --consensus-reliability /content/drive/MyDrive/AADP_exchange_b/anchors/20260711_sieve_v2_soft_reassign.pt --consensus-backbone-weights 0,0.25,0.75,1 --tokenize-batch-size 1024 --seed 42 --no-research-log --save-fp16 --epoch-checkpoint-dir /content/drive/MyDrive/AADP_exchange_b/models/kd_sieve_ca_v2rows_refit_ckpt --output-dir /content/drive/MyDrive/AADP_exchange_b/models/kd_sieve_ca_v2rows_refit --experiment-suffix kd_sieve_ca_v2rows_refit_s42 --notes 'lane B single variable: champion kd_sieve_ca_s42 with sieve v2 soft/source-aware row reassignment payload (histogram-preserving, formula pM7+2pM8+pv6+pXbase+pXlarge, Xlarge=xlmr_large192); zero bias/rules; final-only Public candidate' --final-model --final-only","lane B single variable: champion kd_sieve_ca_s42 with sieve v2 soft/source-aware row reassignment payload (histogram-preserving, formula pM7+2pM8+pv6+pXbase+pXlarge, Xlarge=xlmr_large192); zero bias/rules; final-only Public candidate",final transformer refit complete; requires sparse artifact and package smoke test
20260712_unanimous5298_headce_preval,frozen_head_prevalidation,naver-hyperclovax/HyperCLOVAX-SEED-Text-Instruct-0.5B,cached HCX hidden + exact 5-model unanimous c0 selector,current_v1,session_fixed_selector_leaky_rejection_only,42/777/2026,,384,1,2e-05,16,0.5,0.02,none_cached_proxy,0,0.7846841362721086,,,0.7846841362721086,,,,experiments/artifacts/20260712_unanimous5298_headce_prevalidation.json,,,,278.5479716349946,,probe_unanimous_head_ce.py --append-results,rejection-only frozen-head exact-mask delta=+0.000857; primary_perm_margin=-0.000289; positive result cannot promote because selector is full-data-only,reject
20260712_032745_gpu_transformer_session_current_v1_len384_replay-last1_kd_sieve_ca_c0a8_refit_s42,torch_gpu_transformer_final_refit,naver-hyperclovax/HyperCLOVAX-SEED-Text-Instruct-0.5B,serialized prompt/action/workspace text,current_v1,final_refit,42,,384,3,2e-05,16,0.5,0.02,last1,10000,,,,0.000000,,,,/content/drive/MyDrive/AADP_exchange_b/models/kd_sieve_ca_c0a8_refit,,,,3696.190,1090.634,"train_transformer.py --base-model naver-hyperclovax/HyperCLOVAX-SEED-Text-Instruct-0.5B --lr 2e-5 --device cuda --split session --serializer current_v1 --max-length 384 --epochs 3 --batch-size 16 --grad-accum-steps 1 --eval-batch-size 64 --gradient-checkpointing --class-weight-power 0.5 --label-smoothing 0.02 --loss focal --focal-gamma 2.0 --replay-mode last1 --max-replay-samples 10000 --replay-sample-weight 0.5 --distill-logits /content/drive/MyDrive/AADP_exchange_b/teacher/m8_qwen35_refit_train70k_fp16.pt --distill-alpha 0.5 --distill-alpha-weak 0.7 --distill-alpha-c0 0.8 --distill-temp 3.0 --consensus-reliability /content/drive/MyDrive/AADP_exchange_b/anchors/20260710_m7_m8_v6_oof_consensus.pt --consensus-backbone-weights 0,0.25,0.75,1 --tokenize-batch-size 1024 --seed 42 --no-research-log --save-fp16 --epoch-checkpoint-dir /content/drive/MyDrive/AADP_exchange_b/models/kd_sieve_ca_c0a8_refit_ckpt --output-dir /content/drive/MyDrive/AADP_exchange_b/models/kd_sieve_ca_c0a8_refit --experiment-suffix kd_sieve_ca_c0a8_refit_s42 --notes 'lane B single variable: exact kd_sieve_ca_s42 champion plus c=0 teacher-matched original-row KD alpha floor 0.8 after Weak4 override; non-c0 Weak4 stays 0.7, non-c0 other stays 0.5, replay/unmatched KD-masked, T3; hard consensus sieve unchanged; zero bias/rules; final-only Public candidate' --final-model --final-only","lane B single variable: exact kd_sieve_ca_s42 champion plus c=0 teacher-matched original-row KD alpha floor 0.8 after Weak4 override; non-c0 Weak4 stays 0.7, non-c0 other stays 0.5, replay/unmatched KD-masked, T3; hard consensus sieve unchanged; zero bias/rules; final-only Public candidate",final transformer refit complete; requires sparse artifact and package smoke test
20260712_034522_gpu_transformer_session_current_v1_len384_replay-last1_kd_sieve_ca_ccalpha015_refit_s42,torch_gpu_transformer_final_refit,naver-hyperclovax/HyperCLOVAX-SEED-Text-Instruct-0.5B,serialized prompt/action/workspace text,current_v1,final_refit,42,,384,3,2e-05,16,0.5,0.02,last1,10000,,,,0.000000,,,,/content/drive/MyDrive/AADP_exchange_c/models/kd_sieve_ca_ccalpha015_refit,,,,3673.837,1090.639,"train_transformer.py --base-model naver-hyperclovax/HyperCLOVAX-SEED-Text-Instruct-0.5B --lr 2e-5 --device cuda --split session --serializer current_v1 --max-length 384 --epochs 3 --batch-size 16 --grad-accum-steps 1 --eval-batch-size 64 --gradient-checkpointing --class-weight-power 0.5 --label-smoothing 0.02 --loss focal --focal-gamma 2.0 --replay-mode last1 --max-replay-samples 10000 --replay-sample-weight 0.5 --distill-logits /content/drive/MyDrive/AADP_exchange_c/teacher/m8_qwen35_refit_train70k_fp16.pt --distill-alpha 0.5 --distill-alpha-weak 0.7 --distill-alpha-weak-consensus-lambda 0.15 --distill-temp 3.0 --consensus-reliability /content/drive/MyDrive/AADP_exchange_c/anchors/20260710_m7_m8_v6_oof_consensus.pt --consensus-backbone-weights 0,0.25,0.75,1 --tokenize-batch-size 1024 --seed 42 --no-research-log --save-fp16 --epoch-checkpoint-dir /content/drive/MyDrive/AADP_exchange_c/models/kd_sieve_ca_ccalpha015_refit_ckpt --output-dir /content/drive/MyDrive/AADP_exchange_c/models/kd_sieve_ca_ccalpha015_refit --experiment-suffix kd_sieve_ca_ccalpha015_refit_s42 --notes 'lane C final-only: exact kd_sieve_ca_s42 champion plus Weak4 class-centered consensus-conditioned alpha lambda=0.15 with per-class hard-backbone mass compensation; non-Weak4, replay, and KD branch unchanged; zero bias/rules; Public-only' --final-model --final-only","lane C final-only: exact kd_sieve_ca_s42 champion plus Weak4 class-centered consensus-conditioned alpha lambda=0.15 with per-class hard-backbone mass compensation; non-Weak4, replay, and KD branch unchanged; zero bias/rules; Public-only",final transformer refit complete; requires sparse artifact and package smoke test
20260712_051831_gpu_transformer_session_current_v1_len384_replay-last1_kd_sieve_ca_tm8_sieve_refit_s42,torch_gpu_transformer_final_refit,naver-hyperclovax/HyperCLOVAX-SEED-Text-Instruct-0.5B,serialized prompt/action/workspace text,current_v1,final_refit,42,,384,3,2e-05,16,0.5,0.02,last1,10000,,,,0.000000,,,,/content/drive/MyDrive/AADP_exchange/models/kd_sieve_ca_tm8_sieve_refit,,,,3679.207,1090.634,"train_transformer.py --base-model naver-hyperclovax/HyperCLOVAX-SEED-Text-Instruct-0.5B --lr 2e-5 --device cuda --split session --serializer current_v1 --max-length 384 --epochs 3 --batch-size 16 --grad-accum-steps 1 --eval-batch-size 64 --gradient-checkpointing --class-weight-power 0.5 --label-smoothing 0.02 --loss focal --focal-gamma 2.0 --replay-mode last1 --max-replay-samples 10000 --replay-sample-weight 0.5 --distill-logits /content/drive/MyDrive/AADP_exchange/teacher/m8_sieve_refit_train70k_fp16.pt --distill-alpha 0.5 --distill-alpha-weak 0.7 --distill-temp 3.0 --consensus-reliability /content/drive/MyDrive/AADP_exchange/anchors/20260710_m7_m8_v6_oof_consensus.pt --consensus-backbone-weights 0,0.25,0.75,1 --tokenize-batch-size 1024 --seed 42 --no-research-log --save-fp16 --epoch-checkpoint-dir /content/drive/MyDrive/AADP_exchange/models/kd_sieve_ca_tm8_sieve_refit_ckpt --output-dir /content/drive/MyDrive/AADP_exchange/models/kd_sieve_ca_tm8_sieve_refit --experiment-suffix kd_sieve_ca_tm8_sieve_refit_s42 --notes 'teacher propagation candidate: exact kd_sieve_ca_s42 champion recipe with only teacher logits replaced by M8 hard-consensus-sieve refit train70k fp16 logits; student hard sieve unchanged; alpha0.5 weak0.7 T3; replay/unmatched KD-masked; no consensus KD weights; zero bias/rules; final-only one-slot candidate' --final-model --final-only",teacher propagation candidate: exact kd_sieve_ca_s42 champion recipe with only teacher logits replaced by M8 hard-consensus-sieve refit train70k fp16 logits; student hard sieve unchanged; alpha0.5 weak0.7 T3; replay/unmatched KD-masked; no consensus KD weights; zero bias/rules; final-only one-slot candidate,final transformer refit complete; requires sparse artifact and package smoke test
20260712_soft_macro_f1_head_preval,frozen_head_prevalidation,naver-hyperclovax/HyperCLOVAX-SEED-Text-Instruct-0.5B,cached HCX hidden + preregistered soft Macro-F1 auxiliary,current_v1,session_fixed_rejection_only,42/777/2026,,384,2,2e-05,1024,0.5,0.02,none_cached_originals_only,0,0.7835026154502348,,,0.7835026154502348,,,,experiments/artifacts/20260712_soft_macro_f1_head_prevalidation.json,,,,4.989567664000788,,probe_soft_macro_f1_head.py --append-results,rejection-only soft-F1 lambda=.05; mean paired raw delta=+0.000000; large 1024-row macro-window proxy,reject
20260712_weak4_full_hcx05b_fold0,torch_weak4_full_residual,naver-hyperclovax/HyperCLOVAX-SEED-Text-Instruct-0.5B,typed prompt/event/workspace/main-logit residual inputs,weak4_full_v1,clean_fixed_parent_session_cv,42,0/3,,5,0.0003,16,,,,,0.769897,,,0.769528,list_directory:0.5020;read_file:0.5748;grep_search:0.6381;ask_user:0.6499;glob_pattern:0.6519,"[[191, ""read_file"", ""grep_search""], [104, ""read_file"", ""list_directory""], [96, ""grep_search"", ""list_directory""], [72, ""list_directory"", ""grep_search""], [66, ""ask_user"", ""plan_task""], [65, ""glob_pattern"", ""grep_search""], [57, ""glob_pattern"", ""list_directory""], [55, ""grep_search"", ""read_file""]]","{""apply_patch"": 288, ""ask_user"": 156, ""edit_file"": 762, ""glob_pattern"": 285, ""grep_search"": 786, ""lint_or_typecheck"": 161, ""list_directory"": 446, ""plan_task"": 206, ""read_file"": 399, ""respond_only"": 347, ""run_bash"": 331, ""run_tests"": 321, ""web_search"": 84, ""write_file"": 95}",experiments/artifacts/20260712_weak4_full_cv/fold0/model.pt,experiments/artifacts/20260712_weak4_full_cv/fold0/val_predictions.pt,,,,,train_weak4_full_residual.py --dataset experiments/cache/weak4_full_hcx05b_fixed_s42.pt --fold-id 0 --n-folds 3 --seed 42 --device cuda --output-dir experiments/artifacts/20260712_weak4_full_cv/fold0 --experiment-id 20260712_weak4_full_hcx05b --notes 'Card A independent KEEP/SWITCH typed specialist',Card A independent KEEP/SWITCH typed specialist,fold complete; aggregate before promotion
20260712_weak4_full_hcx05b_fold1,torch_weak4_full_residual,naver-hyperclovax/HyperCLOVAX-SEED-Text-Instruct-0.5B,typed prompt/event/workspace/main-logit residual inputs,weak4_full_v1,clean_fixed_parent_session_cv,42,1/3,,3,0.0003,16,,,,,0.767044,,,0.765645,list_directory:0.5014;read_file:0.5693;glob_pattern:0.6269;grep_search:0.6340;ask_user:0.6648,"[[133, ""grep_search"", ""read_file""], [128, ""read_file"", ""grep_search""], [113, ""read_file"", ""list_directory""], [84, ""grep_search"", ""list_directory""], [59, ""glob_pattern"", ""read_file""], [53, ""list_directory"", ""read_file""], [50, ""glob_pattern"", ""list_directory""], [49, ""list_directory"", ""grep_search""]]","{""apply_patch"": 329, ""ask_user"": 183, ""edit_file"": 729, ""glob_pattern"": 261, ""grep_search"": 629, ""lint_or_typecheck"": 155, ""list_directory"": 428, ""plan_task"": 191, ""read_file"": 598, ""respond_only"": 353, ""run_bash"": 323, ""run_tests"": 289, ""web_search"": 83, ""write_file"": 116}",experiments/artifacts/20260712_weak4_full_cv/fold1/model.pt,experiments/artifacts/20260712_weak4_full_cv/fold1/val_predictions.pt,,,,,train_weak4_full_residual.py --dataset experiments/cache/weak4_full_hcx05b_fixed_s42.pt --fold-id 1 --n-folds 3 --seed 42 --device cuda --output-dir experiments/artifacts/20260712_weak4_full_cv/fold1 --experiment-id 20260712_weak4_full_hcx05b --notes 'Card A independent KEEP/SWITCH typed specialist',Card A independent KEEP/SWITCH typed specialist,fold complete; aggregate before promotion
20260712_weak4_full_hcx05b_fold2,torch_weak4_full_residual,naver-hyperclovax/HyperCLOVAX-SEED-Text-Instruct-0.5B,typed prompt/event/workspace/main-logit residual inputs,weak4_full_v1,clean_fixed_parent_session_cv,42,2/3,,7,0.0003,16,,,,,0.760630,,,0.759375,list_directory:0.4754;read_file:0.5870;grep_search:0.6181;plan_task:0.6235;ask_user:0.6349,"[[158, ""grep_search"", ""read_file""], [106, ""read_file"", ""grep_search""], [97, ""read_file"", ""list_directory""], [90, ""grep_search"", ""list_directory""], [75, ""list_directory"", ""read_file""], [53, ""glob_pattern"", ""read_file""], [50, ""ask_user"", ""plan_task""], [48, ""plan_task"", ""ask_user""]]","{""apply_patch"": 335, ""ask_user"": 183, ""edit_file"": 740, ""glob_pattern"": 295, ""grep_search"": 555, ""lint_or_typecheck"": 162, ""list_directory"": 401, ""plan_task"": 163, ""read_file"": 666, ""respond_only"": 350, ""run_bash"": 323, ""run_tests"": 299, ""web_search"": 98, ""write_file"": 97}",experiments/artifacts/20260712_weak4_full_cv/fold2/model.pt,experiments/artifacts/20260712_weak4_full_cv/fold2/val_predictions.pt,,,,,train_weak4_full_residual.py --dataset experiments/cache/weak4_full_hcx05b_fixed_s42.pt --fold-id 2 --n-folds 3 --seed 42 --device cuda --output-dir experiments/artifacts/20260712_weak4_full_cv/fold2 --experiment-id 20260712_weak4_full_hcx05b --notes 'Card A independent KEEP/SWITCH typed specialist',Card A independent KEEP/SWITCH typed specialist,fold complete; aggregate before promotion
20260712_weak4_full_hcx05b_oof,torch_weak4_full_residual_oof,naver-hyperclovax/HyperCLOVAX-SEED-Text-Instruct-0.5B,typed prompt/event/workspace/main-logit residual inputs,weak4_full_v1,clean_fixed_parent_session_cv,42,oof,,,,,,,,,0.765997,,,0.765082,list_directory:0.4933;read_file:0.5773;grep_search:0.6306;glob_pattern:0.6480;ask_user:0.6496,"[[425, ""read_file"", ""grep_search""], [346, ""grep_search"", ""read_file""], [314, ""read_file"", ""list_directory""], [270, ""grep_search"", ""list_directory""], [157, ""list_directory"", ""read_file""], [155, ""ask_user"", ""plan_task""], [153, ""list_directory"", ""grep_search""], [153, ""glob_pattern"", ""list_directory""]]","{""apply_patch"": 952, ""ask_user"": 522, ""edit_file"": 2231, ""glob_pattern"": 841, ""grep_search"": 1970, ""lint_or_typecheck"": 478, ""list_directory"": 1275, ""plan_task"": 560, ""read_file"": 1663, ""respond_only"": 1050, ""run_bash"": 977, ""run_tests"": 909, ""web_search"": 265, ""write_file"": 308}",experiments/artifacts/20260712_weak4_full_cv.json,experiments/logits/20260712_weak4_full_hcx05b_oof_adjusted_logits.pt,,,,,aggregate_weak4_full_cv.py --dataset experiments/cache/weak4_full_hcx05b_fixed_s42.pt --pattern 'experiments/artifacts/20260712_weak4_full_cv/fold[012]/val_predictions.pt' --output experiments/artifacts/20260712_weak4_full_cv.json --adjusted-logits-output experiments/logits/20260712_weak4_full_hcx05b_oof_adjusted_logits.pt --experiment-id 20260712_weak4_full_hcx05b_oof --append-results --notes 'Card A clean fixed-parent session CV',Card A clean fixed-parent session CV; fold_prediction_pattern=experiments/artifacts/20260712_weak4_full_cv/fold[012]/val_predictions.pt,reject
20260712_weak4_pair_hcx05b_fold0,weak4_live_pair_residual_fold,bert-base-multilingual-cased,policy serializer + main numeric features + live pair,weak_policy_pair_v1,clean_fixed_parent_session_cv,42,0,384,3,2e-05,16,,,,,0.762666,,,0.762925,,,,experiments/incoming/models/20260712_weak4_pair_hcx05b_fold0,experiments/logits/20260712_weak4_pair_hcx05b_fold0_val_pair_delta.pt,,,139.465,,train_weak4_pair_residual.py --dataset experiments/artifacts/20260712_weak4_pair_fixed_parent_dataset.pt --data-dir open/data --base-model bert-base-multilingual-cased --serializer weak_policy_pair_v1 --fold-id 0 --device cuda --local-files-only --max-length 384 --epochs 3 --batch-size 16 --eval-batch-size 32 --gradient-checkpointing --seed 42 --experiment-id 20260712_weak4_pair_hcx05b,macro_delta=+0.000259; weak4_delta=+0.000907; truncation=3.6039%,fold complete; aggregate all folds
20260712_weak4_pair_hcx05b_fold1,weak4_live_pair_residual_fold,bert-base-multilingual-cased,policy serializer + main numeric features + live pair,weak_policy_pair_v1,clean_fixed_parent_session_cv,42,1,384,3,2e-05,16,,,,,0.768155,,,0.767974,,,,experiments/incoming/models/20260712_weak4_pair_hcx05b_fold1,experiments/logits/20260712_weak4_pair_hcx05b_fold1_val_pair_delta.pt,,,139.269,,train_weak4_pair_residual.py --dataset experiments/artifacts/20260712_weak4_pair_fixed_parent_dataset.pt --data-dir open/data --base-model bert-base-multilingual-cased --serializer weak_policy_pair_v1 --fold-id 1 --device cuda --local-files-only --max-length 384 --epochs 3 --batch-size 16 --eval-batch-size 32 --gradient-checkpointing --seed 42 --experiment-id 20260712_weak4_pair_hcx05b,macro_delta=-0.000182; weak4_delta=-0.000636; truncation=3.6039%,fold complete; aggregate all folds
20260712_weak4_pair_hcx05b_fold2,weak4_live_pair_residual_fold,bert-base-multilingual-cased,policy serializer + main numeric features + live pair,weak_policy_pair_v1,clean_fixed_parent_session_cv,42,2,384,3,2e-05,16,,,,,0.767041,,,0.766877,,,,experiments/incoming/models/20260712_weak4_pair_hcx05b_fold2,experiments/logits/20260712_weak4_pair_hcx05b_fold2_val_pair_delta.pt,,,150.460,,train_weak4_pair_residual.py --dataset experiments/artifacts/20260712_weak4_pair_fixed_parent_dataset.pt --data-dir open/data --base-model bert-base-multilingual-cased --serializer weak_policy_pair_v1 --fold-id 2 --device cuda --local-files-only --max-length 384 --epochs 3 --batch-size 16 --eval-batch-size 32 --gradient-checkpointing --seed 42 --experiment-id 20260712_weak4_pair_hcx05b,macro_delta=-0.000165; weak4_delta=-0.000576; truncation=3.6039%,fold complete; aggregate all folds
20260712_weak4_pair_hcx05b_oof,weak4_live_pair_residual,bert-base-multilingual-cased,policy serializer + main numeric features + live pair,weak_policy_pair_v1,clean_fixed_parent_session_cv,42,cv,,,,,,,,,0.765997,,,0.765966,read_file:0.5971;grep_search:0.6216;list_directory:0.4977;glob_pattern:0.6452,,,experiments/artifacts/20260712_weak4_pair_hcx05b_oof_metrics.json,experiments/logits/20260712_weak4_pair_hcx05b_oof_adjusted_logits.pt,,,,,,macro_delta=-0.000031; weak4_delta=-0.000110,reject offline gate
20260712_weak4_pair_hcx05b_head1e3_fold0,weak4_live_pair_residual_fold,bert-base-multilingual-cased,policy serializer + main numeric features + live pair,weak_policy_pair_v1,clean_fixed_parent_session_cv,42,0,384,3,2e-05,16,,,,,0.762666,,,0.763121,,,,experiments/incoming/models/20260712_weak4_pair_hcx05b_head1e3_fold0,experiments/logits/20260712_weak4_pair_hcx05b_head1e3_fold0_val_pair_delta.pt,,,141.727,,train_weak4_pair_residual.py --dataset experiments/artifacts/20260712_weak4_pair_fixed_parent_dataset.pt --data-dir open/data --base-model bert-base-multilingual-cased --serializer weak_policy_pair_v1 --fold-id 0 --device cuda --local-files-only --max-length 384 --epochs 3 --batch-size 16 --eval-batch-size 32 --encoder-lr 2e-5 --head-lr 1e-3 --gradient-checkpointing --seed 42 --experiment-id 20260712_weak4_pair_hcx05b_head1e3,macro_delta=+0.000455; weak4_delta=+0.001592; truncation=3.6039%,fold complete; aggregate all folds
20260712_weak4_pair_hcx05b_head1e2_fold0,weak4_live_pair_residual_fold,bert-base-multilingual-cased,policy serializer + main numeric features + live pair,weak_policy_pair_v1,clean_fixed_parent_session_cv,42,0,384,3,2e-05,16,,,,,0.762666,,,0.762681,,,,experiments/incoming/models/20260712_weak4_pair_hcx05b_head1e2_fold0,experiments/logits/20260712_weak4_pair_hcx05b_head1e2_fold0_val_pair_delta.pt,,,137.409,,train_weak4_pair_residual.py --dataset experiments/artifacts/20260712_weak4_pair_fixed_parent_dataset.pt --data-dir open/data --base-model bert-base-multilingual-cased --serializer weak_policy_pair_v1 --fold-id 0 --device cuda --local-files-only --max-length 384 --epochs 3 --batch-size 16 --eval-batch-size 32 --encoder-lr 2e-5 --head-lr 1e-2 --gradient-checkpointing --seed 42 --experiment-id 20260712_weak4_pair_hcx05b_head1e2,macro_delta=+0.000015; weak4_delta=+0.000053; truncation=3.6039%,fold complete; aggregate all folds
20260712_weak4_pair_hcx05b_head1e3_fold1,weak4_live_pair_residual_fold,bert-base-multilingual-cased,policy serializer + main numeric features + live pair,weak_policy_pair_v1,clean_fixed_parent_session_cv,42,1,384,3,2e-05,16,,,,,0.768155,,,0.767711,,,,experiments/incoming/models/20260712_weak4_pair_hcx05b_head1e3_fold1,experiments/logits/20260712_weak4_pair_hcx05b_head1e3_fold1_val_pair_delta.pt,,,135.339,,train_weak4_pair_residual.py --dataset experiments/artifacts/20260712_weak4_pair_fixed_parent_dataset.pt --data-dir open/data --base-model bert-base-multilingual-cased --serializer weak_policy_pair_v1 --fold-id 1 --device cuda --local-files-only --max-length 384 --epochs 3 --batch-size 16 --eval-batch-size 32 --encoder-lr 2e-5 --head-lr 1e-3 --gradient-checkpointing --seed 42 --experiment-id 20260712_weak4_pair_hcx05b_head1e3,macro_delta=-0.000444; weak4_delta=-0.001553; truncation=3.6039%,fold complete; aggregate all folds
20260712_weak4_pair_hcx05b_head1e3_fold2,weak4_live_pair_residual_fold,bert-base-multilingual-cased,policy serializer + main numeric features + live pair,weak_policy_pair_v1,clean_fixed_parent_session_cv,42,2,384,3,2e-05,16,,,,,0.767041,,,0.766132,,,,experiments/incoming/models/20260712_weak4_pair_hcx05b_head1e3_fold2,experiments/logits/20260712_weak4_pair_hcx05b_head1e3_fold2_val_pair_delta.pt,,,126.559,,train_weak4_pair_residual.py --dataset experiments/artifacts/20260712_weak4_pair_fixed_parent_dataset.pt --data-dir open/data --base-model bert-base-multilingual-cased --serializer weak_policy_pair_v1 --fold-id 2 --device cuda --local-files-only --max-length 384 --epochs 3 --batch-size 16 --eval-batch-size 32 --encoder-lr 2e-5 --head-lr 1e-3 --gradient-checkpointing --seed 42 --experiment-id 20260712_weak4_pair_hcx05b_head1e3,macro_delta=-0.000909; weak4_delta=-0.003182; truncation=3.6039%,fold complete; aggregate all folds
20260713_weak4_pair_hcx05b_head1e3_oof,weak4_live_pair_residual,bert-base-multilingual-cased,policy serializer + main numeric features + live pair,weak_policy_pair_v1,clean_fixed_parent_session_cv,42,cv,,,,,,,,,0.765997,,,0.765701,read_file:0.5957;grep_search:0.6213;list_directory:0.4982;glob_pattern:0.6427,,,experiments/artifacts/20260713_weak4_pair_hcx05b_head1e3_oof_metrics.json,experiments/logits/20260713_weak4_pair_hcx05b_head1e3_oof_adjusted_logits.pt,,,,,,macro_delta=-0.000296; weak4_delta=-0.001036,reject offline gate
20260713_weak4_relation_graph_v1,sklearn_weak4_relation_graph_probe,naver-hyperclovax/HyperCLOVAX-SEED-Text-Instruct-0.5B,main numeric + deterministic exact full-history relation graph,weak4_relation_graph_v1,clean_fixed_parent_strict_scenario_cv,42,cv,,,,,,,,,0.7584512462535772,,,0.758325572335466,,,,experiments/artifacts/20260713_weak4_relation_graph_v1_probe.json,experiments/logits/20260713_weak4_relation_graph_v1_probe.pt,,,82.6989279929985,,probe_weak4_relation_graph.py --surface both --permutations 200 --append-results,relation_auc=0.6014422797186687; permutation_p95=0.6344900307431435; macro_delta=-0.000126; strict_route_rows=2460,reject relation gate
20260713_weak4_relcomp_cpu_abcd,sklearn_weak4_relation_compiler_probe,naver-hyperclovax/HyperCLOVAX-SEED-Text-Instruct-0.5B,A parent numeric; B + policy/task; C + deterministic relations; D + raw char TF-IDF,weak4_relcomp_features_v1,clean_fixed_parent_nested_session_cv,42,cv,,,,,,,,,0.7659972825631768,,,0.7659972825631768,list_directory:0.4979;read_file:0.5971;grep_search:0.6214;glob_pattern:0.6455,,,experiments/artifacts/20260713_weak4_relcomp_cpu.json,experiments/logits/20260713_weak4_relcomp_cpu_oof.pt,,,,,/tmp/cx_p_backup.py,route_rows=5749; fixed-C1 C-B target_NLL=+0.531386; switch_AUC=-0.046363; C/D action gate=identity; exact code in experiments/artifacts/20260713_weak4_relcomp_snapshot/MANIFEST.json,reject relation gate
20260713_weak4_relcomp_reg_sensitivity,sklearn_weak4_relation_compiler_sensitivity,naver-hyperclovax/HyperCLOVAX-SEED-Text-Instruct-0.5B,B policy/task; C + all deterministic relations; C_core + non-cross deterministic relations,weak4_relcomp_features_v1,clean_fixed_parent_nested_session_cv,42,cv,,,,,,,,,,,,,,,,experiments/artifacts/20260713_weak4_relcomp_reg_sensitivity.json,experiments/logits/20260713_weak4_relcomp_reg_sensitivity_oof.pt,,,129.56297221000204,,/tmp/cx_s.py --resume,"inner C grid=0.01,0.03,0.1,0.3,1,3; all selected 0.01; C-B target_NLL=+0.103537 CI95=[+0.087317,+0.120339]; C_core-B=+0.006291 CI95=[+0.002152,+0.010495]",reject tested regularization grid
20260713_weak4_relcomp_reg_lowC,sklearn_weak4_relation_compiler_sensitivity,naver-hyperclovax/HyperCLOVAX-SEED-Text-Instruct-0.5B,B policy/task; C + all deterministic relations; C_core + non-cross deterministic relations,weak4_relcomp_features_v1,clean_fixed_parent_nested_session_cv,42,cv,,,,,,,,,,,,,,,,experiments/artifacts/20260713_weak4_relcomp_reg_lowC.json,experiments/logits/20260713_weak4_relcomp_reg_lowC_oof.pt,,,,,/tmp/cx_sl.py --resume,"inner C grid=0.0001,0.0003,0.001,0.003,0.01; C-B target_NLL=+0.023395 CI95=[+0.015955,+0.031390] 3/3 worse; C_core-B=+0.000771 CI95=[-0.002783,+0.004156] folds +,-,+; switch_AUC_delta=+0.000787",reject relation gate; core statistically null
20260713_013156_gpu_transformer_session_current_v1_len384_replay-last1_kd_sieve_ca_hcx05b_a100_control_s42,torch_gpu_transformer_final_refit,naver-hyperclovax/HyperCLOVAX-SEED-Text-Instruct-0.5B,serialized prompt/action/workspace text,current_v1,final_refit,42,,384,3,2e-05,16,0.5,0.02,last1,10000,,,,0.000000,,,,/content/drive/MyDrive/AADP_exchange/models/kd_sieve_ca_hcx05b_a100_control_s42,,,,3638.806,1090.634,"train_transformer.py --base-model naver-hyperclovax/HyperCLOVAX-SEED-Text-Instruct-0.5B --lr 2e-5 --device cuda --split session --serializer current_v1 --max-length 384 --epochs 3 --batch-size 16 --grad-accum-steps 1 --eval-batch-size 64 --gradient-checkpointing --class-weight-power 0.5 --label-smoothing 0.02 --loss focal --focal-gamma 2.0 --replay-mode last1 --max-replay-samples 10000 --replay-sample-weight 0.5 --distill-logits /content/drive/MyDrive/AADP_exchange/teacher/m8_qwen35_refit_train70k_fp16.pt --distill-alpha 0.5 --distill-alpha-weak 0.7 --distill-temp 3.0 --consensus-reliability /content/drive/MyDrive/AADP_exchange/anchors/20260710_m7_m8_v6_oof_consensus.pt --consensus-backbone-weights 0,0.25,0.75,1 --tokenize-batch-size 1024 --rebuild-cache --amp-init-scale 64 --amp-growth-interval 1000000 --require-zero-amp-skips --seed 42 --no-research-log --save-fp16 --output-dir /content/drive/MyDrive/AADP_exchange/models/kd_sieve_ca_hcx05b_a100_control_s42 --experiment-suffix kd_sieve_ca_hcx05b_a100_control_s42 --notes 'HCX capacity recheck paired arm 1/2: exact 0.5B sieve x conditional-alpha champion control; same A100 runtime before 1.5B; forced cache rebuild; seed42 fp16; no epoch checkpoints; require AMP skipped-step=0' --final-model --final-only",HCX capacity recheck paired arm 1/2: exact 0.5B sieve x conditional-alpha champion control; same A100 runtime before 1.5B; forced cache rebuild; seed42 fp16; no epoch checkpoints; require AMP skipped-step=0,final transformer refit complete; requires sparse artifact and package smoke test
20260713_081535_gpu_transformer_session_current_v1_len384_replay-last1_kd_sieve_ca_hcx15b_a100_recheck_s42,torch_gpu_transformer_final_refit,naver-hyperclovax/HyperCLOVAX-SEED-Text-Instruct-1.5B,serialized prompt/action/workspace text,current_v1,final_refit,42,,384,3,2e-05,16,0.5,0.02,last1,10000,,,,0.000000,,,,/content/drive/MyDrive/AADP_exchange_b/models/kd_sieve_ca_hcx15b_a100_recheck_s42,,,,7097.904,3034.757,"train_transformer.py --base-model naver-hyperclovax/HyperCLOVAX-SEED-Text-Instruct-1.5B --lr 2e-5 --device cuda --split session --serializer current_v1 --max-length 384 --epochs 3 --batch-size 16 --grad-accum-steps 1 --eval-batch-size 64 --gradient-checkpointing --class-weight-power 0.5 --label-smoothing 0.02 --loss focal --focal-gamma 2.0 --replay-mode last1 --max-replay-samples 10000 --replay-sample-weight 0.5 --distill-logits /content/drive/MyDrive/AADP_exchange_b/teacher/m8_qwen35_refit_train70k_fp16.pt --distill-alpha 0.5 --distill-alpha-weak 0.7 --distill-temp 3.0 --consensus-reliability /content/drive/MyDrive/AADP_exchange_b/anchors/20260710_m7_m8_v6_oof_consensus.pt --consensus-backbone-weights 0,0.25,0.75,1 --tokenize-batch-size 1024 --rebuild-cache --amp-init-scale 64 --amp-growth-interval 1000000 --require-zero-amp-skips --seed 42 --no-research-log --save-fp16 --output-dir /content/drive/MyDrive/AADP_exchange_b/models/kd_sieve_ca_hcx15b_a100_recheck_s42 --experiment-suffix kd_sieve_ca_hcx15b_a100_recheck_s42 --notes 'HCX capacity recheck paired arm 2/2: 1.5B base-model-only swap from exact sieve x conditional-alpha champion; same A100 runtime immediately after 0.5B control; forced cache rebuild; seed42 fp16; no epoch checkpoints; require AMP skipped-step=0' --final-model --final-only",HCX capacity recheck paired arm 2/2: 1.5B base-model-only swap from exact sieve x conditional-alpha champion; same A100 runtime immediately after 0.5B control; forced cache rebuild; seed42 fp16; no epoch checkpoints; require AMP skipped-step=0,final transformer refit complete; requires sparse artifact and package smoke test
20260713_hcx05b_champion_pseudo20k,pseudo_holdout_refit_ranking,naver-hyperclovax/HyperCLOVAX-SEED-Text-Instruct-0.5B,second-to-last user/action pair; session-contaminated relative proxy,current_v1,pseudo_holdout_second_last_contaminated_rank,42,,384,3,,16,0.5,0.02,last1,10000,0.711784,,,0.711784,list_directory:0.4727;grep_search:0.6387;glob_pattern:0.6549;lint_or_typecheck:0.6655;read_file:0.6721,,,experiments/artifacts/20260713_hcx15b_champion_pseudo_holdout.json,,,,,,PYTHONPATH=. .venv/bin/python -u team_toolkit_0708/03_eval_gates/eval_pseudo_holdout.py --pack <PACK> --data-dir open/data --limit 20000 --batch-size 16,relative ranking only; absolute score contaminated by same-session/full-refit history exposure; respond_only has zero proxy support,paired proxy comparison only; Public required for promotion
20260713_hcx15b_champion_pseudo20k,pseudo_holdout_refit_ranking,naver-hyperclovax/HyperCLOVAX-SEED-Text-Instruct-1.5B,second-to-last user/action pair; session-contaminated relative proxy,current_v1,pseudo_holdout_second_last_contaminated_rank,42,,384,3,,16,0.5,0.02,last1,10000,0.717918,,,0.717918,list_directory:0.4781;grep_search:0.6517;glob_pattern:0.6653;lint_or_typecheck:0.6753;read_file:0.6813,,,experiments/artifacts/20260713_hcx15b_champion_pseudo_holdout.json,,,,,,PYTHONPATH=. .venv/bin/python -u team_toolkit_0708/03_eval_gates/eval_pseudo_holdout.py --pack <PACK> --data-dir open/data --limit 20000 --batch-size 16,relative ranking only; absolute score contaminated by same-session/full-refit history exposure; respond_only has zero proxy support,paired proxy comparison only; Public required for promotion
20260713_sim_policy_router_state3_oof,sklearn_sim_policy_utility_router,kd_sieve_ca_hcx05b champion OOF,five SIM trajectory experts + row-normalized main + pair utility,current_v1+sim_policy_v1,champion_3fold_outer_nested_router_session_cv,20260713,cv,,,,,,,,,0.7906956458752159,,,0.7907288373820528,read_file:0.6162;grep_search:0.6474;list_directory:0.5236;glob_pattern:0.6803,,,experiments/artifacts/20260713_sim_policy_router_nested_oof.json,/tmp/champ_oof_3fold/champ_oof_f*_val_logits.pt,,,111.062,,PYTHONPATH=. .venv/bin/python -u probe_sim_policy_router.py --objective state3 --output experiments/artifacts/20260713_sim_policy_router_nested_oof.json,"adaptive pair_main follow-up; inner-validation excluded from table/router/utility; full_macro_delta=+0.000033; weak4_delta=+0.000116; SIM delta=-0.000134; SIM weak4=-0.000469; 1048 flips; R/H/N=434/424/190; outer=-0.000462,+0.000357,+0.000190; oracle +0.024147; fixed-main level-2 caveat",reject offline gate; keep identity
20260713_sim_policy_router_label5_oof,sklearn_sim_policy_label5_router,kd_sieve_ca_hcx05b champion OOF,five SIM trajectory experts + row-normalized main; read/grep/list/glob/other posterior,current_v1+sim_policy_v1,champion_3fold_outer_nested_router_session_cv,20260713,cv,,,,,,,,,0.7906956458752159,,,0.7907728235927661,read_file:0.6239;grep_search:0.6398;list_directory:0.5242;glob_pattern:0.6802,,,experiments/artifacts/20260713_sim_policy_router_label5_only_oof.json,/tmp/champ_oof_3fold/champ_oof_f*_val_logits.pt,,,201.912,,PYTHONPATH=. .venv/bin/python -u probe_sim_policy_router.py --objective label5 --output experiments/artifacts/20260713_sim_policy_router_label5_only_oof.json,"adaptive pair_main follow-up; inner-validation excluded from table/router/utility; full_macro_delta=+0.000077; weak4_delta=+0.000270; SIM delta=+0.000074; SIM weak4=+0.000258; 268 flips; R/H/N=110/100/58; outer=+0.000239,+0.000302,-0.000299",reject offline gate; fold-unstable and only grep improves
20260713_sim_policy_router_threshold_audit,sim_policy_router_threshold_diagnostic,kd_sieve_ca_hcx05b champion OOF,state3 selected outer models; fixed utility threshold audit,current_v1+sim_policy_v1,adaptive_outer_threshold_diagnostic,20260713,cv,,,,,,,,,0.7906956458752159,,,0.7908189687394721,read_file:0.6231;grep_search:0.6407;list_directory:0.5246;glob_pattern:0.6804,,,experiments/artifacts/20260713_sim_policy_router_threshold_audit.json,/tmp/champ_oof_3fold/champ_oof_f*_val_logits.pt,,,68.212,,PYTHONPATH=. .venv/bin/python -u probe_sim_policy_router.py --selection-report experiments/artifacts/20260713_sim_policy_router_nested_oof.json --output experiments/artifacts/20260713_sim_policy_router_threshold_audit.json,"posthoc threshold 0.10 full delta +0.000123; outer=-0.000057,-0.000019,+0.000432; first audited all-nonnegative setting 0.30 is exact identity",diagnostic only; reject
20260713_sim_policy_router_label5_features_oof,sklearn_sim_policy_label5_router_ablation,kd_sieve_ca_hcx05b champion OOF,"pair_main, no-count, table-feature-free row context, and full label5 families",current_v1+sim_policy_v1,adaptive_champion_3fold_outer_nested_router_session_cv,20260713,cv,,,,,,,,,0.7906956458752159,,,0.7907978601682446,read_file:0.6230;grep_search:0.6403;list_directory:0.5242;glob_pattern:0.6809,,,experiments/artifacts/20260713_sim_policy_router_label5_feature_ablation.json,/tmp/champ_oof_3fold/champ_oof_f*_val_logits.pt,,,347.616,,"PYTHONPATH=. .venv/bin/python -u probe_sim_policy_router.py --objective label5 --label-feature-families pair_main,pair_main_nocount,main_context,full --output experiments/artifacts/20260713_sim_policy_router_label5_feature_ablation.json","full_macro_delta=+0.000102; weak4_delta=+0.000358; SIM delta=+0.000084; SIM weak4=+0.000294; 266 flips; R/H/N=113/103/50; outer=+0.000066,+0.000302,-0.000063; selected families all differ; full never selected; proposals remain table-derived",reject adaptive offline gate; keep identity
20260713_sim_policy_router_label5_common_recipe,sim_policy_router_common_recipe_diagnostic,kd_sieve_ca_hcx05b champion OOF,label5 pair_main C0.3 alpha0.25 threshold0,current_v1+sim_policy_v1,adaptive_outer_common_recipe_diagnostic,20260713,cv,,,,,,,,,0.7906956458752159,,,0.7908664865088821,read_file:0.6227;grep_search:0.6416;list_directory:0.5242;glob_pattern:0.6809,,,experiments/artifacts/20260713_sim_policy_router_label5_common_recipe.json,/tmp/champ_oof_3fold/champ_oof_f*_val_logits.pt,,,116.075,,"PYTHONPATH=. .venv/bin/python -u probe_sim_policy_router.py --selection-report experiments/artifacts/20260713_sim_policy_router_label5_only_oof.json --fixed-recipe '{""objective"":""label5"",""feature_family"":""pair_main"",""C"":0.3,""alpha"":0.25,""threshold"":0.0}' --output experiments/artifacts/20260713_sim_policy_router_label5_common_recipe.json","posthoc after observing outer results; full delta +0.000171; weak4 +0.000598; SIM +0.000151; SIM weak4 +0.000527; 378 flips; R/H/N=163/145/70; outer=+0.000239,+0.000302,-0.000034",diagnostic only; not promotion evidence
20260713_sim_policy_decoder_hcx05b_pinner3_s42_pf0_if0,sim_recorded_policy_decoder_diagnostic_fold,naver-hyperclovax/HyperCLOVAX-SEED-Text-Instruct-0.5B,prompt + full action-name trajectory + row-z main posterior 7d,sim_policy_decoder_v1,diagnostic_parent_fold_inner3_session_cv,42,pf0_if0,128,3,2e-05,16,,,,,0.787047,,,0.787047,,,,experiments/artifacts/20260713_sim_policy_decoder_hcx05b_pinner3_s42_pf0_if0_metrics.json,experiments/logits/20260713_sim_policy_decoder_hcx05b_pinner3_s42_pf0_if0_val.pt,,,269.080,,/content/AADP/train_sim_policy_decoder.py --dataset /content/drive/MyDrive/AADP_exchange_b/anchors/20260713_sim_policy_decoder_dataset.pt --data-dir open/data --base-model naver-hyperclovax/HyperCLOVAX-SEED-Text-Instruct-0.5B --cv-mode parent_inner3 --parent-fold 0 --inner-fold 0 --device cuda --precision fp16 --experiment-id 20260713_sim_policy_decoder_hcx05b_pinner3_s42,diagnostic only; full_delta=+0.000000; sim_delta=+0.000000; rescue=0 harm=0,aggregate diagnostic folds; never promote without nested-main rerun
20260713_sim_policy_decoder_hcx05b_pinner3_s42_pf0_if1,sim_recorded_policy_decoder_diagnostic_fold,naver-hyperclovax/HyperCLOVAX-SEED-Text-Instruct-0.5B,prompt + full action-name trajectory + row-z main posterior 7d,sim_policy_decoder_v1,diagnostic_parent_fold_inner3_session_cv,42,pf0_if1,128,3,2e-05,16,,,,,0.789301,,,0.789301,,,,experiments/artifacts/20260713_sim_policy_decoder_hcx05b_pinner3_s42_pf0_if1_metrics.json,experiments/logits/20260713_sim_policy_decoder_hcx05b_pinner3_s42_pf0_if1_val.pt,,,271.693,,/content/AADP/train_sim_policy_decoder.py --dataset /content/drive/MyDrive/AADP_exchange_b/anchors/20260713_sim_policy_decoder_dataset.pt --data-dir open/data --base-model naver-hyperclovax/HyperCLOVAX-SEED-Text-Instruct-0.5B --cv-mode parent_inner3 --parent-fold 0 --inner-fold 1 --device cuda --precision fp16 --experiment-id 20260713_sim_policy_decoder_hcx05b_pinner3_s42,diagnostic only; full_delta=+0.000000; sim_delta=+0.000000; rescue=0 harm=0,aggregate diagnostic folds; never promote without nested-main rerun
20260713_135335_gpu_transformer_session_current_v1_len384_replay-last1_kd_sieve_ca_simearly025_refit_s42,torch_gpu_transformer_final_refit,naver-hyperclovax/HyperCLOVAX-SEED-Text-Instruct-0.5B,serialized prompt/action/workspace text,current_v1,final_refit,42,,384,3,2e-05,16,0.5,0.02,last1,10000,,,,0.000000,,,,/content/drive/MyDrive/AADP_exchange/models/kd_sieve_ca_simearly025_refit_s42,,,,3674.475,1090.637,"train_transformer.py --base-model naver-hyperclovax/HyperCLOVAX-SEED-Text-Instruct-0.5B --lr 2e-5 --device cuda --split session --serializer current_v1 --max-length 384 --epochs 3 --batch-size 16 --grad-accum-steps 1 --eval-batch-size 64 --gradient-checkpointing --class-weight-power 0.5 --label-smoothing 0.02 --loss focal --focal-gamma 2.0 --replay-mode last1 --max-replay-samples 10000 --replay-sample-weight 0.5 --sim-early-turn-loss-scale 0.25 --distill-logits /content/drive/MyDrive/AADP_exchange/teacher/m8_qwen35_refit_train70k_fp16.pt --distill-alpha 0.5 --distill-alpha-weak 0.7 --distill-temp 3.0 --consensus-reliability /content/drive/MyDrive/AADP_exchange/anchors/20260710_m7_m8_v6_oof_consensus.pt --consensus-backbone-weights 0,0.25,0.75,1 --tokenize-batch-size 1024 --rebuild-cache --amp-init-scale 64 --amp-growth-interval 1000000 --require-zero-amp-skips --seed 42 --no-research-log --save-fp16 --epoch-checkpoint-dir /content/drive/MyDrive/AADP_exchange/models/kd_sieve_ca_simearly025_refit_s42_ckpt --output-dir /content/drive/MyDrive/AADP_exchange/models/kd_sieve_ca_simearly025_refit_s42 --experiment-suffix kd_sieve_ca_simearly025_refit_s42 --notes 'Exact kd_sieve_ca_s42 seed42 champion recipe plus one training variable: class-normalized whole mixed-loss raw scale 0.25 on non-replay sess_sim turn<=2 originals; AU and replay unchanged; zero bias/rules; Public-only' --final-model --final-only",Exact kd_sieve_ca_s42 seed42 champion recipe plus one training variable: class-normalized whole mixed-loss raw scale 0.25 on non-replay sess_sim turn<=2 originals; AU and replay unchanged; zero bias/rules; Public-only,final transformer refit complete; requires sparse artifact and package smoke test
20260713_sim_policy_decoder_hier_hcx05b_pinner3_s42_pf0_if0,sim_recorded_policy_decoder_diagnostic_fold,naver-hyperclovax/HyperCLOVAX-SEED-Text-Instruct-0.5B,prompt + full action-name trajectory + row-z main posterior 7d,sim_policy_decoder_v1,diagnostic_parent_fold_inner3_session_cv,42,pf0_if0,128,3,2e-05,16,,,,,0.787047,,,0.787047,,,,experiments/artifacts/20260713_sim_policy_decoder_hier_hcx05b_pinner3_s42_pf0_if0_metrics.json,experiments/logits/20260713_sim_policy_decoder_hier_hcx05b_pinner3_s42_pf0_if0_val.pt,,,260.181,,train_sim_policy_decoder.py --dataset /content/drive/MyDrive/AADP_exchange_b/anchors/20260713_sim_policy_decoder_dataset.pt --data-dir open/data --objective hierarchical --conditional-loss-weight 0.5 --gate-pos-weight 1.0 --allow-recipe-ablation --cv-mode parent_inner3 --parent-fold 0 --inner-fold 0 --device cuda --precision fp16 --experiment-id 20260713_sim_policy_decoder_hier_hcx05b_pinner3_s42,diagnostic only; full_delta=+0.000000; sim_delta=+0.000000; rescue=0 harm=0,aggregate diagnostic folds; never promote without nested-main rerun
20260714_broad_budget_tail_rule_search,posthoc_hard_override_audit,kd_sieve_ca champion diagnostic OOF,980 numeric/meta/history/text masks x all directed class pairs x fixed/rank/confidence forms; R1c/R1d follow-up,current_v1,champion_recipe_diagnostic_oof_fold0_discovery_fold1_validation_fold2_sealed,42,all,,,,,,,,,0.7906956458752159,,,0.7919556577329772,list_directory unchanged; read_file +0.000942; grep_search +0.000710; glob_pattern +0.001071; web_search +0.006348,,,experiments/artifacts/20260714_budget_tail_rule_decision.json,experiments/logits/20260713_champ_oof_f*_val_logits.pt,,,22.9,,.venv/bin/python -u experiments/artifacts/20260714_broad_rule_search.py,540540 broad candidates; R1/R1b reproduced; R1c +0.000110; R1d +0.000085; four-rule composite raw delta +0.001260; adaptive diagnostic search,R1c first Public A/B card; R1d secondary; baseline unchanged pending Public
20260714_budget_tail_rule_followup,posthoc_hard_override_audit,kd_sieve_ca champion diagnostic OOF,6272 budget/meta/history conditions + 1880 causal trajectory conditions; R1e/R1f/R1g follow-up,current_v1,champion_recipe_diagnostic_oof_f0_discovery_f1_validation_f2_sealed_cross_surface,42,all,,,,,,,,,0.7906956458752159,,,0.7922698662460013,read_file/grep_search; edit_file/apply_patch; ask_user/plan_task,,,experiments/artifacts/20260714_budget_tail_rule_followup_decision.json,experiments/logits/20260713_champ_oof_f*_val_logits.pt,,,,,.venv/bin/python -u experiments/artifacts/20260714_budget_tail_rule_search_v2.py,R1e conservative +0.000221; R1f +0.000064; R1g tentative incremental +0.000031; R1e/f/g add +0.000314 beyond R1-d; adaptive diagnostic search,R1e isolated Public A/B candidate; R1f consolidation; R1g tentative; no R1h; baseline unchanged
20260714_deep_rule_synthesis,posthoc_hard_override_synthesis,kd_sieve_ca champion diagnostic OOF,"1065 label-free predicates; depth2/3 conjunction trees; fixed/rank/family destinations",current_v1,champion_recipe_diagnostic_oof_three_fold_rotations_cross_surface,42,all,,,,,,,,,0.7906956458752159,,,0.7927285478149743,"edit_file/apply_patch; run_bash/run_tests/lint_or_typecheck",,,experiments/artifacts/20260714_deep_rule_synthesis_decision.json,experiments/logits/20260713_champ_oof_f*_val_logits.pt,,,,,.venv/bin/python experiments/artifacts/20260714_deep_rule_synthesis_verify.py --bootstrap-replicates 2000,"1435222 source/destination evals; clean-turn rule +0.000157 15R/0H; adaptive exec rule +0.000301 21R/11H; combined incremental +0.000459",clean-turn rule corroborates final sequence H family; adaptive exec candidate secondary; baseline unchanged
20260714_sequence_duplicate_state_exhaustion,posthoc_sequence_state_rule_audit,kd_sieve_ca champion diagnostic OOF,"103 lookup schemas x20 settings +16 replay forms; 207 concrete state schemas; sequence H/B/C",current_v1,champion_recipe_diagnostic_oof_f0_discovery_f1_confirmation_f2_sealed_cross_surface,42,all,,,,,,,,,0.7906956458752159,,,0.792721409660157,"edit_file/apply_patch; run_tests/lint_or_typecheck; read_file/grep_search",,,experiments/artifacts/20260714_sequence_state_rule_decision.json,experiments/logits/20260713_champ_oof_f*_val_logits.pt,,,,,.venv/bin/python experiments/artifacts/20260714_sequence_state_rule_verify.py,"R1h conservative SIM clean last read|grep apply_patch->edit_file: 43R/0H +0.000452; all cross events rescue; direct replay survivor 0; no AU survivor",R1h highest-priority isolated Public card; broader unions consolidation only; baseline unchanged
20260714_causal_prior_incremental_audit,fold_aware_causal_log_prior,kd_sieve_ca champion diagnostic OOF,"201 SIM weak4 causal priors; CI status x turn phase; incremental over R1-R1g",current_v1,nested_three_fold_session_oof_plus_fixed_cross_surface_diagnostic,42,all,,,,,,,,,0.7906956458752159,,,0.7925240212524131,"read_file; grep_search; list_directory; glob_pattern",,,experiments/artifacts/20260714_causal_prior_incremental_audit.json,experiments/logits/20260713_champ_oof_f*_val_logits.pt,,,,,.venv/bin/python experiments/artifacts/20260714_causal_prior_incremental_audit.py,"nested incremental +0.000254 with bootstrap CI crossing zero; fixed ci_phase w0.1 s10 +0.000498 and all surfaces pooled-positive but posthoc",P1 separate soft-prior A/B candidate; do not classify as hard rule; baseline unchanged
20260714_read_file_bias_transfer_audit,posthoc_logit_bias_transfer_audit,kd_sieve_ca champion diagnostic OOF,read_file logit bias grid and cross-model transfer after R1-R1g,current_v1,leave_one_fold_out_selection_plus_cross_surface_diagnostic,42,all,,,,,,,,,0.7906956458752159,,,0.7928810987907955,read_file versus navigation peers,,,experiments/artifacts/20260714_read_file_bias_audit.json,experiments/logits/20260713_champ_oof_f*_val_logits.pt,,,,,.venv/bin/python experiments/artifacts/20260714_read_file_bias_audit.py,"-0.14 selected in every champion LOO fold; raw +0.000633 and incremental +0.000611; fixed value negative on M7 M8 v6 blend HCX42 HCX777",reject universal bias; retune only on exact seed202+909 OOF if recovered
20260714_exec_coord_intersections,posthoc_targeted_rule_intersection_audit,kd_sieve_ca champion diagnostic OOF,"41220 exec +33570 coordination +35880 edit/apply candidates; incremental over R1-R1g",current_v1,champion_recipe_diagnostic_oof_f0_discovery_f1_confirmation_f2_sealed_cross_surface,42,all,,,,,,,,,0.7906956458752159,,,0.7922698662460013,"run_bash/run_tests/lint_or_typecheck; ask_user/plan_task; edit_file/apply_patch",,,experiments/artifacts/20260714_exec_coord_intersections_decision.json,experiments/logits/20260713_champ_oof_f*_val_logits.pt,,,,,.venv/bin/python /tmp/exec_coord_intersections.py,"110670 tested; 64 fold0/1 locks; 5 sealed definitions; 3 exact behaviors; zero strict cross-surface survivor",reject targeted families; nearest candidates reversed or lacked sealed rescue-majority
20260713_173914_gpu_transformer_session_current_v1_len384_replay-last1_kd_m8_terminal_student_screen_s42,torch_gpu_transformer,naver-hyperclovax/HyperCLOVAX-SEED-Text-Instruct-0.5B,serialized prompt/action/workspace text,current_v1,session,42,,384,3,2e-05,16,0.5,0.02,last1,10000,0.783361,0.786765,0.787431,0.787431,list_directory:0.5204;read_file:0.6218;grep_search:0.6403;glob_pattern:0.6527;ask_user:0.7075,"[[488, ""grep_search"", ""read_file""], [321, ""read_file"", ""list_directory""], [282, ""grep_search"", ""list_directory""], [219, ""read_file"", ""grep_search""], [196, ""glob_pattern"", ""read_file""], [182, ""list_directory"", ""read_file""], [158, ""glob_pattern"", ""list_directory""], [134, ""plan_task"", ""ask_user""]]","{""apply_patch"": 965, ""ask_user"": 571, ""edit_file"": 2220, ""glob_pattern"": 763, ""grep_search"": 1523, ""lint_or_typecheck"": 442, ""list_directory"": 1343, ""plan_task"": 525, ""read_file"": 2115, ""respond_only"": 1051, ""run_bash"": 1016, ""run_tests"": 905, ""web_search"": 257, ""write_file"": 305}",,experiments/logits/20260713_173914_gpu_transformer_session_current_v1_len384_replay-last1_kd_m8_terminal_student_screen_s42_val_logits.pt,,,3058.513,1090.626,"train_transformer.py --base-model naver-hyperclovax/HyperCLOVAX-SEED-Text-Instruct-0.5B --lr 2e-5 --device cuda --split session --serializer current_v1 --terminal-token '<|im_end|>' --max-length 384 --epochs 3 --batch-size 16 --grad-accum-steps 1 --eval-batch-size 64 --gradient-checkpointing --class-weight-power 0.5 --label-smoothing 0.02 --loss focal --focal-gamma 2.0 --replay-mode last1 --max-replay-samples 10000 --replay-sample-weight 0.5 --distill-logits /content/drive/MyDrive/AADP_exchange/teacher/m8_qwen35_refit_train70k_fp16.pt --distill-alpha 0.5 --distill-temp 3.0 --tune-bias --keep-threshold 0.0 --tokenize-batch-size 1024 --seed 42 --no-research-log --save-val-model --save-fp16 --epoch-checkpoint-dir /content/drive/MyDrive/AADP_exchange/models/kd_m8_terminal_student_screen_s42_ckpt --output-dir /content/drive/MyDrive/AADP_exchange/models/kd_m8_terminal_student_screen_s42 --experiment-suffix kd_m8_terminal_student_screen_s42 --notes 'Single-variable terminal pooling screen: exact A100 kd_v1_len384_a100_b_control recipe and frozen original M8 train70k logits, with only student --terminal-token <|im_end|>; content cap 383 plus one terminal at total len384; primary control raw/bias/2stage 0.785381/0.789876/0.790594; historical exact KD anchor 0.783852/0.787077/0.787801 is secondary only.'","Single-variable terminal pooling screen: exact A100 kd_v1_len384_a100_b_control recipe and frozen original M8 train70k logits, with only student --terminal-token <|im_end|>; content cap 383 plus one terminal at total len384; primary control raw/bias/2stage 0.785381/0.789876/0.790594; historical exact KD anchor 0.783852/0.787077/0.787801 is secondary only.",keep as GPU candidate
20260714_011051_gpu_transformer_session_current_v1_len400_replay-last1_m8_terminal_imend_refit_s42,torch_gpu_transformer_final_refit,igorktech/Qwen3.5-0.8B-Base-LM,serialized prompt/action/workspace text,current_v1,final_refit,42,,400,3,2e-05,8,0.5,0.02,last1,10000,,,,0.000000,,,,/content/drive/MyDrive/AADP_exchange_b/models/m8_terminal_imend_refit_s42,,,,30295.436,1454.218,train_transformer.py --base-model igorktech/Qwen3.5-0.8B-Base-LM --lr 2e-5 --device cuda --split session --serializer current_v1 --terminal-token '<|im_end|>' --max-length 400 --epochs 3 --batch-size 8 --grad-accum-steps 2 --eval-batch-size 64 --class-weight-power 0.5 --label-smoothing 0.02 --loss focal --focal-gamma 2.0 --replay-mode last1 --max-replay-samples 10000 --replay-sample-weight 0.5 --tune-bias --keep-threshold 0.0 --tokenize-batch-size 1024 --seed 42 --no-research-log --save-fp16 --epoch-checkpoint-dir /content/drive/MyDrive/AADP_exchange_b/models/m8_terminal_imend_refit_s42_ckpt --output-dir /content/drive/MyDrive/AADP_exchange_b/models/m8_terminal_imend_refit_s42 --experiment-suffix m8_terminal_imend_refit_s42 --notes 'Single-variable M8 teacher refit: exact m8_qwen35_refit ep3 len400 recipe with only --terminal-token <|im_end|>; content cap399 plus terminal; full-data teacher for matched downstream KD screen.' --final-model --final-only,Single-variable M8 teacher refit: exact m8_qwen35_refit ep3 len400 recipe with only --terminal-token <|im_end|>; content cap399 plus terminal; full-data teacher for matched downstream KD screen.,final transformer refit complete; requires sparse artifact and package smoke test
20260714_s202_transfer_p1_r1i_seqexec,posthoc_rule_transfer_audit,seed202 session OOF folds 1/2 (teammate handoff),"P1 ci_phase prior REJECT (negative both folds); R1i exec-margin + seq-exec INCLUDE (+0.000405/+0.000373); deployed rfinal pipeline reproduced as baseline",current_v1,s202_session_oof_f1_f2_deployed_rule_baseline,202,1-2,,,,,,,,,0.7898074360120815,,,0.7924715433258269,"run_bash/run_tests/lint_or_typecheck; weak4 prior rejected",,,experiments/artifacts/20260714_s202_transfer_p1_r1i_seqexec.json,,,,,,,"package submissions/rfinal_r1i_seqx.zip sha256 5d53f14d569c823eaa687e3c1fb46925152b4bedbcb09fc09e47ff68da85b7ee; byte-identical trio models + two appended zero-overlap rules; CPU offline smoke passed",transfer_gate_p1_rejected_r1i_seqexec_packaged
20260714_133216_gpu_transformer_session_current_v1_len384_replay-last1_kd_relgram005_screen_s42,torch_gpu_transformer,naver-hyperclovax/HyperCLOVAX-SEED-Text-Instruct-0.5B,serialized prompt/action/workspace text,current_v1,session,42,,384,3,2e-05,16,0.5,0.02,last1,10000,0.784092,0.787127,0.787876,0.787876,list_directory:0.5225;read_file:0.6208;grep_search:0.6364;glob_pattern:0.6587;ask_user:0.6977,"[[503, ""grep_search"", ""read_file""], [309, ""read_file"", ""list_directory""], [271, ""grep_search"", ""list_directory""], [226, ""read_file"", ""grep_search""], [182, ""glob_pattern"", ""read_file""], [181, ""list_directory"", ""read_file""], [160, ""glob_pattern"", ""list_directory""], [141, ""ask_user"", ""plan_task""]]","{""apply_patch"": 963, ""ask_user"": 504, ""edit_file"": 2216, ""glob_pattern"": 783, ""grep_search"": 1529, ""lint_or_typecheck"": 348, ""list_directory"": 1315, ""plan_task"": 580, ""read_file"": 2115, ""respond_only"": 1053, ""run_bash"": 1050, ""run_tests"": 972, ""web_search"": 268, ""write_file"": 305}",,experiments/logits/20260714_133216_gpu_transformer_session_current_v1_len384_replay-last1_kd_relgram005_screen_s42_val_logits.pt,,,3088.296,1090.627,"train_transformer.py --base-model naver-hyperclovax/HyperCLOVAX-SEED-Text-Instruct-0.5B --lr 2e-5 --device cuda --split session --serializer current_v1 --max-length 384 --epochs 3 --batch-size 16 --grad-accum-steps 1 --eval-batch-size 64 --gradient-checkpointing --class-weight-power 0.5 --label-smoothing 0.02 --loss focal --focal-gamma 2.0 --replay-mode last1 --max-replay-samples 10000 --replay-sample-weight 0.5 --distill-logits /content/drive/MyDrive/AADP_exchange/teacher/m8_qwen35_refit_train70k_fp16.pt --distill-alpha 0.5 --distill-temp 3.0 --relational-teacher-hidden /content/drive/MyDrive/AADP_exchange/teacher/m8_qwen35_refit_train70k_hidden_fp16.pt --relational-teacher-base-model igorktech/Qwen3.5-0.8B-Base-LM --relational-teacher-max-length 400 --relational-kd-weight 0.05 --tune-bias --keep-threshold 0.0 --tokenize-batch-size 1024 --seed 42 --no-research-log --save-val-model --save-fp16 --epoch-checkpoint-dir /content/drive/MyDrive/AADP_exchange/models/kd_relgram005_screen_s42_ckpt --output-dir /content/drive/MyDrive/AADP_exchange/models/kd_relgram005_screen_s42 --experiment-suffix kd_relgram005_screen_s42 --notes 'Exact A100 kd_v1_len384_a100_b_control fixed-session recipe plus one training lever: lambda=0.05 coordinate-invariant centered cosine-Gram relational KD from the exact M8 full-refit classifier input. Ordinary M8 logits, hard/KD mix, replay last1, optimizer, serializer, split, and seed are unchanged; replay rows are relation-masked. Primary control raw/bias/2stage 0.785381/0.789876/0.790594.'","Exact A100 kd_v1_len384_a100_b_control fixed-session recipe plus one training lever: lambda=0.05 coordinate-invariant centered cosine-Gram relational KD from the exact M8 full-refit classifier input. Ordinary M8 logits, hard/KD mix, replay last1, optimizer, serializer, split, and seed are unchanged; replay rows are relation-masked. Primary control raw/bias/2stage 0.785381/0.789876/0.790594.",keep as GPU candidate
20260714_134048_gpu_transformer_session_current_v1_len384_replay-last1_kd_replaypred_screen_s42,torch_gpu_transformer,naver-hyperclovax/HyperCLOVAX-SEED-Text-Instruct-0.5B,serialized prompt/action/workspace text,current_v1,session,42,,384,3,2e-05,16,0.5,0.02,last1,10000,0.782022,0.784410,0.785709,0.785709,list_directory:0.5194;read_file:0.6209;grep_search:0.6309;glob_pattern:0.6586;ask_user:0.6850,"[[492, ""grep_search"", ""read_file""], [321, ""read_file"", ""list_directory""], [288, ""grep_search"", ""list_directory""], [210, ""read_file"", ""grep_search""], [179, ""list_directory"", ""read_file""], [173, ""glob_pattern"", ""read_file""], [164, ""ask_user"", ""plan_task""], [161, ""glob_pattern"", ""list_directory""]]","{""apply_patch"": 966, ""ask_user"": 483, ""edit_file"": 2217, ""glob_pattern"": 850, ""grep_search"": 1461, ""lint_or_typecheck"": 378, ""list_directory"": 1355, ""plan_task"": 613, ""read_file"": 2079, ""respond_only"": 1051, ""run_bash"": 1038, ""run_tests"": 952, ""web_search"": 253, ""write_file"": 305}",,experiments/logits/20260714_134048_gpu_transformer_session_current_v1_len384_replay-last1_kd_replaypred_screen_s42_val_logits.pt,,,3057.301,1090.626,"train_transformer.py --base-model naver-hyperclovax/HyperCLOVAX-SEED-Text-Instruct-0.5B --lr 2e-5 --device cuda --split session --serializer current_v1 --max-length 384 --epochs 3 --batch-size 16 --grad-accum-steps 1 --eval-batch-size 64 --gradient-checkpointing --class-weight-power 0.5 --label-smoothing 0.02 --loss focal --focal-gamma 2.0 --replay-mode last1 --max-replay-samples 10000 --replay-sample-weight 0.5 --replay-meta-mode predecessor --distill-logits /content/drive/MyDrive/AADP_exchange_b/teacher/m8_qwen35_refit_train70k_fp16.pt --distill-alpha 0.5 --distill-temp 3.0 --tune-bias --keep-threshold 0.0 --tokenize-batch-size 1024 --seed 42 --no-research-log --save-val-model --save-fp16 --epoch-checkpoint-dir /content/drive/MyDrive/AADP_exchange_b/models/kd_replaypred_screen_s42_ckpt --output-dir /content/drive/MyDrive/AADP_exchange_b/models/kd_replaypred_screen_s42 --experiment-suffix kd_replaypred_screen_s42 --notes 'Matched A100 lane-B fixed-session screen against kd_v1_len384_a100_b_control. The only quality variable is --replay-meta-mode predecessor; all HCX/M8 KD, replay, optimizer, serializer, split, and seed settings are unchanged. Missing/nonexact predecessors drop before the unchanged balanced cap.'","Matched A100 lane-B fixed-session screen against kd_v1_len384_a100_b_control. The only quality variable is --replay-meta-mode predecessor; all HCX/M8 KD, replay, optimizer, serializer, split, and seed settings are unchanged. Missing/nonexact predecessors drop before the unchanged balanced cap.",keep as GPU candidate
20260714_142018_gpu_transformer_session_current_v1_len384_replay-last1_kd_terminal_teacher_m8_screen_s42,torch_gpu_transformer,naver-hyperclovax/HyperCLOVAX-SEED-Text-Instruct-0.5B,serialized prompt/action/workspace text,current_v1,session,42,,384,3,2e-05,16,0.5,0.02,last1,10000,0.782026,0.786332,0.787495,0.787495,list_directory:0.5223;read_file:0.6281;grep_search:0.6392;glob_pattern:0.6508;ask_user:0.6859,"[[524, ""grep_search"", ""read_file""], [317, ""read_file"", ""list_directory""], [277, ""grep_search"", ""list_directory""], [200, ""glob_pattern"", ""read_file""], [190, ""list_directory"", ""read_file""], [173, ""ask_user"", ""plan_task""], [171, ""read_file"", ""grep_search""], [157, ""glob_pattern"", ""list_directory""]]","{""apply_patch"": 966, ""ask_user"": 467, ""edit_file"": 2219, ""glob_pattern"": 796, ""grep_search"": 1407, ""lint_or_typecheck"": 383, ""list_directory"": 1335, ""plan_task"": 653, ""read_file"": 2209, ""respond_only"": 1051, ""run_bash"": 1049, ""run_tests"": 931, ""web_search"": 229, ""write_file"": 306}",,experiments/logits/20260714_142018_gpu_transformer_session_current_v1_len384_replay-last1_kd_terminal_teacher_m8_screen_s42_val_logits.pt,,,3062.002,1090.626,"train_transformer.py --base-model naver-hyperclovax/HyperCLOVAX-SEED-Text-Instruct-0.5B --lr 2e-5 --device cuda --split session --serializer current_v1 --max-length 384 --epochs 3 --batch-size 16 --grad-accum-steps 1 --eval-batch-size 64 --gradient-checkpointing --class-weight-power 0.5 --label-smoothing 0.02 --loss focal --focal-gamma 2.0 --replay-mode last1 --max-replay-samples 10000 --replay-sample-weight 0.5 --distill-logits /content/drive/MyDrive/AADP_exchange_c/teacher/m8_terminal_imend_refit_train70k_fp16.pt --distill-alpha 0.5 --distill-temp 3.0 --tune-bias --keep-threshold 0.0 --tokenize-batch-size 1024 --seed 42 --no-research-log --save-val-model --save-fp16 --epoch-checkpoint-dir /content/drive/MyDrive/AADP_exchange_c/models/kd_terminal_teacher_m8_screen_s42_ckpt --output-dir /content/drive/MyDrive/AADP_exchange_c/models/kd_terminal_teacher_m8_screen_s42 --experiment-suffix kd_terminal_teacher_m8_screen_s42 --notes 'Single-variable teacher-terminal screen: exact A100 kd_v1_len384_a100_b_control student input/recipe with no terminal, distilled only from terminal-M8 train70k logits; primary control raw/bias/2stage 0.785381/0.789876/0.790594; historical exact KD anchor 0.783852/0.787077/0.787801 is secondary only. Resumed on lane C at arm 4 after the lane B runtime loss; teacher payload server-side copied byte-identically from AADP_exchange_b/teacher.'","Single-variable teacher-terminal screen: exact A100 kd_v1_len384_a100_b_control student input/recipe with no terminal, distilled only from terminal-M8 train70k logits; primary control raw/bias/2stage 0.785381/0.789876/0.790594; historical exact KD anchor 0.783852/0.787077/0.787801 is secondary only. Resumed on lane C at arm 4 after the lane B runtime loss; teacher payload server-side copied byte-identically from AADP_exchange_b/teacher.",keep as GPU candidate
20260714_154919_gpu_transformer_session_current_v1_len384_replay-last1_kd_sieve_ca_am_t010_k3_refit_s42,torch_gpu_transformer_final_refit,naver-hyperclovax/HyperCLOVAX-SEED-Text-Instruct-0.5B,serialized prompt/action/workspace text,current_v1,final_refit,42,,384,3,2e-05,16,0.5,0.02,last1,10000,,,,0.000000,,,,/content/drive/MyDrive/AADP_exchange_b/models/kd_sieve_ca_am_t010_k3_refit_s42,,,,3651.229,1090.635,"train_transformer.py --base-model naver-hyperclovax/HyperCLOVAX-SEED-Text-Instruct-0.5B --lr 2e-5 --device cuda --split session --serializer current_v1 --max-length 384 --epochs 3 --batch-size 16 --grad-accum-steps 1 --eval-batch-size 64 --gradient-checkpointing --class-weight-power 0.5 --label-smoothing 0.02 --loss focal --focal-gamma 2.0 --replay-mode last1 --max-replay-samples 10000 --replay-sample-weight 0.5 --distill-logits /content/drive/MyDrive/AADP_exchange_b/teacher/m8_qwen35_refit_train70k_fp16.pt --distill-alpha 0.5 --distill-alpha-weak 0.7 --distill-temp 3.0 --consensus-reliability /content/drive/MyDrive/AADP_exchange_b/anchors/20260710_m7_m8_v6_oof_consensus.pt --consensus-backbone-weights 0,0.25,0.75,1 --action-margin-kd-target-grad-ratio 0.10 --action-margin-kd-topk 3 --tokenize-batch-size 1024 --amp-init-scale 64 --amp-growth-interval 1000000 --require-zero-amp-skips --seed 42 --no-research-log --save-fp16 --epoch-checkpoint-dir /content/drive/MyDrive/AADP_exchange_b/models/kd_sieve_ca_am_t010_k3_refit_s42_ckpt --output-dir /content/drive/MyDrive/AADP_exchange_b/models/kd_sieve_ca_am_t010_k3_refit_s42 --experiment-suffix kd_sieve_ca_am_t010_k3_refit_s42 --notes 'Speculative wall-clock hedge gated by the lane-A paired screen: exact kd_sieve_ca_s42 full-refit recipe plus original-M8 teacher top-3 true-vs-hard-negative SmoothL1 action-margin KD. Weight is fixed from the pre-registered 0.10 first-batch logit-gradient ratio; hidden Gram, terminal teacher, replay metadata, seed, and all deployment rules are unchanged. Zero AMP skips required. Do not package or submit unless lane A passes.' --final-model --final-only","Speculative wall-clock hedge gated by the lane-A paired screen: exact kd_sieve_ca_s42 full-refit recipe plus original-M8 teacher top-3 true-vs-hard-negative SmoothL1 action-margin KD. Weight is fixed from the pre-registered 0.10 first-batch logit-gradient ratio; hidden Gram, terminal teacher, replay metadata, seed, and all deployment rules are unchanged. Zero AMP skips required. Do not package or submit unless lane A passes.",final transformer refit complete; requires sparse artifact and package smoke test
20260714_152551_gpu_transformer_session_current_v1_len384_replay-last1_kd_am_pair_control_s42,torch_gpu_transformer,naver-hyperclovax/HyperCLOVAX-SEED-Text-Instruct-0.5B,serialized prompt/action/workspace text,current_v1,session,42,,384,3,2e-05,16,0.5,0.02,last1,10000,0.783451,0.787074,0.788019,0.788019,list_directory:0.5221;grep_search:0.6284;read_file:0.6289;glob_pattern:0.6561;ask_user:0.6832,"[[583, ""grep_search"", ""read_file""], [333, ""read_file"", ""list_directory""], [286, ""grep_search"", ""list_directory""], [207, ""glob_pattern"", ""read_file""], [204, ""list_directory"", ""read_file""], [175, ""ask_user"", ""plan_task""], [167, ""glob_pattern"", ""list_directory""], [125, ""read_file"", ""grep_search""]]","{""apply_patch"": 968, ""ask_user"": 436, ""edit_file"": 2224, ""glob_pattern"": 784, ""grep_search"": 1255, ""lint_or_typecheck"": 380, ""list_directory"": 1382, ""plan_task"": 648, ""read_file"": 2318, ""respond_only"": 1051, ""run_bash"": 1094, ""run_tests"": 888, ""web_search"": 268, ""write_file"": 305}",,experiments/logits/20260714_152551_gpu_transformer_session_current_v1_len384_replay-last1_kd_am_pair_control_s42_val_logits.pt,,,3084.078,1090.626,"train_transformer.py --base-model naver-hyperclovax/HyperCLOVAX-SEED-Text-Instruct-0.5B --lr 2e-5 --device cuda --split session --serializer current_v1 --max-length 384 --epochs 3 --batch-size 16 --grad-accum-steps 1 --eval-batch-size 64 --gradient-checkpointing --class-weight-power 0.5 --label-smoothing 0.02 --loss focal --focal-gamma 2.0 --replay-mode last1 --max-replay-samples 10000 --replay-sample-weight 0.5 --distill-logits /content/drive/MyDrive/AADP_exchange/teacher/m8_qwen35_refit_train70k_fp16.pt --distill-alpha 0.5 --distill-temp 3.0 --tune-bias --keep-threshold 0.0 --tokenize-batch-size 1024 --seed 42 --no-research-log --save-val-model --save-fp16 --epoch-checkpoint-dir /content/drive/MyDrive/AADP_exchange/models/kd_am_pair_control_s42_ckpt --output-dir /content/drive/MyDrive/AADP_exchange/models/kd_am_pair_control_s42 --experiment-suffix kd_am_pair_control_s42 --notes 'Lane A paired arm 1/2: exact current-code fixed-session HCX current_v1 len384 M8-KD replay-last1 control. Same seed, row order, optimizer, token cache, GPU, and ordinary KD surface as arm 2; no action-margin auxiliary. Historical 20260709 control is secondary only.'","Lane A paired arm 1/2: exact current-code fixed-session HCX current_v1 len384 M8-KD replay-last1 control. Same seed, row order, optimizer, token cache, GPU, and ordinary KD surface as arm 2; no action-margin auxiliary. Historical 20260709 control is secondary only.",keep as GPU candidate
20260714_161705_gpu_transformer_session_current_v1_len384_replay-last1_kd_am_t010_k3_screen_s42,torch_gpu_transformer,naver-hyperclovax/HyperCLOVAX-SEED-Text-Instruct-0.5B,serialized prompt/action/workspace text,current_v1,session,42,,384,3,2e-05,16,0.5,0.02,last1,10000,0.782771,0.785899,0.787274,0.787274,list_directory:0.5239;read_file:0.6207;grep_search:0.6414;glob_pattern:0.6570;plan_task:0.6960,"[[467, ""grep_search"", ""read_file""], [320, ""read_file"", ""list_directory""], [286, ""grep_search"", ""list_directory""], [230, ""read_file"", ""grep_search""], [175, ""list_directory"", ""read_file""], [174, ""glob_pattern"", ""read_file""], [169, ""plan_task"", ""ask_user""], [159, ""glob_pattern"", ""list_directory""]]","{""apply_patch"": 966, ""ask_user"": 642, ""edit_file"": 2213, ""glob_pattern"": 815, ""grep_search"": 1536, ""lint_or_typecheck"": 382, ""list_directory"": 1355, ""plan_task"": 449, ""read_file"": 2038, ""respond_only"": 1051, ""run_bash"": 1032, ""run_tests"": 956, ""web_search"": 261, ""write_file"": 305}",,experiments/logits/20260714_161705_gpu_transformer_session_current_v1_len384_replay-last1_kd_am_t010_k3_screen_s42_val_logits.pt,,,3063.181,1090.627,train_transformer.py --base-model naver-hyperclovax/HyperCLOVAX-SEED-Text-Instruct-0.5B --lr 2e-5 --device cuda --split session --serializer current_v1 --max-length 384 --epochs 3 --batch-size 16 --grad-accum-steps 1 --eval-batch-size 64 --gradient-checkpointing --class-weight-power 0.5 --label-smoothing 0.02 --loss focal --focal-gamma 2.0 --replay-mode last1 --max-replay-samples 10000 --replay-sample-weight 0.5 --distill-logits /content/drive/MyDrive/AADP_exchange/teacher/m8_qwen35_refit_train70k_fp16.pt --distill-alpha 0.5 --distill-temp 3.0 --action-margin-kd-target-grad-ratio 0.10 --action-margin-kd-topk 3 --tune-bias --keep-threshold 0.0 --tokenize-batch-size 1024 --seed 42 --no-research-log --save-val-model --save-fp16 --epoch-checkpoint-dir /content/drive/MyDrive/AADP_exchange/models/kd_am_t010_k3_screen_s42_ckpt --output-dir /content/drive/MyDrive/AADP_exchange/models/kd_am_t010_k3_screen_s42 --experiment-suffix kd_am_t010_k3_screen_s42 --notes 'Lane A paired arm 2/2: exact arm-1 HCX/M8 control plus teacher top-3 true-vs-hard-negative SmoothL1 action-margin KD. One fixed auxiliary weight is calibrated on the first covered batch to 0.10 of the base logit-gradient norm; ordinary KL KD remains unchanged and replay rows are masked.',Lane A paired arm 2/2: exact arm-1 HCX/M8 control plus teacher top-3 true-vs-hard-negative SmoothL1 action-margin KD. One fixed auxiliary weight is calibrated on the first covered batch to 0.10 of the base logit-gradient norm; ordinary KL KD remains unchanged and replay rows are masked.,keep as GPU candidate
20260714_173643_gpu_transformer_session_current_v1_len384_replay-last1_kd_sieve_ca_bfast_s202,torch_gpu_transformer_final_refit,naver-hyperclovax/HyperCLOVAX-SEED-Text-Instruct-0.5B,serialized prompt/action/workspace text,current_v1,final_refit,202,,384,3,2e-05,16,0.5,0.02,last1,10000,,,,0.000000,,,,/content/drive/MyDrive/AADP_exchange_b/models/kd_sieve_ca_bfast_s202,,,,3621.308,1090.636,"train_transformer.py --base-model naver-hyperclovax/HyperCLOVAX-SEED-Text-Instruct-0.5B --lr 2e-5 --weight-decay 0.01 --warmup-ratio 0.06 --grad-clip 1.0 --device cuda --split session --serializer current_v1 --max-length 384 --epochs 3 --batch-size 16 --grad-accum-steps 1 --eval-batch-size 64 --gradient-checkpointing --class-weight-power 0.5 --label-smoothing 0.02 --loss focal --focal-gamma 2.0 --replay-mode last1 --max-replay-samples 10000 --replay-sample-weight 0.5 --replay-meta-mode current --replay-kd-source predecessor --replay-kd-min-consensus 2 --replay-kd-expected-predecessors 9575 --replay-kd-expected-unmatched 425 --replay-kd-expected-active 7112 --replay-kd-expected-replay-id-sha256 69892e03a2f9b185fe70f5ba1589ac4fadd6af62b63f6e3ec6822c6d25b05f04 --distill-logits /content/drive/MyDrive/AADP_exchange_b/teacher/m8_qwen35_refit_train70k_fp16.pt --distill-alpha 0.5 --distill-alpha-weak 0.7 --distill-temp 3.0 --consensus-reliability /content/drive/MyDrive/AADP_exchange_b/anchors/20260710_m7_m8_v6_oof_consensus.pt --consensus-backbone-weights 0,0.25,0.75,1 --tokenize-batch-size 1024 --amp-init-scale 64 --amp-growth-interval 1000000 --require-zero-amp-skips --seed 202 --no-research-log --save-fp16 --epoch-checkpoint-dir /content/drive/MyDrive/AADP_exchange_b/models/kd_sieve_ca_bfast_s202_ckpt --output-dir /content/drive/MyDrive/AADP_exchange_b/models/kd_sieve_ca_bfast_s202 --experiment-suffix kd_sieve_ca_bfast_s202 --notes 'Reconstructed deployed-main seed202 full refit with one quality variable: after the byte-identical legacy current-metadata replay cap, exact predecessor rows inherit original-M8 KD only when the original M7/M8/v6 OOF consensus correct_count is at least 2. Replay IDs, text, order, labels, weights, metadata, and hard-backbone scale stay unchanged; expected seed202 audit is 10000 selected, 9575 exact, 425 unmatched, 7112 active. No s202v voter, predecessor metadata, action-margin, trio teacher, or deployment rule changes. Zero AMP skips required.' --final-model --final-only","Reconstructed deployed-main seed202 full refit with one quality variable: after the byte-identical legacy current-metadata replay cap, exact predecessor rows inherit original-M8 KD only when the original M7/M8/v6 OOF consensus correct_count is at least 2. Replay IDs, text, order, labels, weights, metadata, and hard-backbone scale stay unchanged; expected seed202 audit is 10000 selected, 9575 exact, 425 unmatched, 7112 active. No s202v voter, predecessor metadata, action-margin, trio teacher, or deployment rule changes. Zero AMP skips required.",final transformer refit complete; requires sparse artifact and package smoke test
20260714_212744_gpu_transformer_session_current_v1_len384_replay-last1_kd_sieve_ca_amw4_t010_k3_refit_s42,torch_gpu_transformer_final_refit,naver-hyperclovax/HyperCLOVAX-SEED-Text-Instruct-0.5B,serialized prompt/action/workspace text,current_v1,final_refit,42,,384,3,2e-05,16,0.5,0.02,last1,10000,,,,0.000000,,,,/content/drive/MyDrive/AADP_exchange_b/models/kd_sieve_ca_amw4_t010_k3_refit_s42,,,,3667.870,1090.635,"train_transformer.py --base-model naver-hyperclovax/HyperCLOVAX-SEED-Text-Instruct-0.5B --lr 2e-5 --device cuda --split session --serializer current_v1 --max-length 384 --epochs 3 --batch-size 16 --grad-accum-steps 1 --eval-batch-size 64 --gradient-checkpointing --class-weight-power 0.5 --label-smoothing 0.02 --loss focal --focal-gamma 2.0 --replay-mode last1 --max-replay-samples 10000 --replay-sample-weight 0.5 --distill-logits /content/drive/MyDrive/AADP_exchange_b/teacher/m8_qwen35_refit_train70k_fp16.pt --distill-alpha 0.5 --distill-alpha-weak 0.7 --distill-temp 3.0 --consensus-reliability /content/drive/MyDrive/AADP_exchange_b/anchors/20260710_m7_m8_v6_oof_consensus.pt --consensus-backbone-weights 0,0.25,0.75,1 --action-margin-kd-target-grad-ratio 0.10 --action-margin-kd-topk 3 --action-margin-kd-label-scope weak4 --tokenize-batch-size 1024 --amp-init-scale 64 --amp-growth-interval 1000000 --require-zero-amp-skips --seed 42 --no-research-log --save-fp16 --epoch-checkpoint-dir /content/drive/MyDrive/AADP_exchange_b/models/kd_sieve_ca_amw4_t010_k3_refit_s42_ckpt --output-dir /content/drive/MyDrive/AADP_exchange_b/models/kd_sieve_ca_amw4_t010_k3_refit_s42 --experiment-suffix kd_sieve_ca_amw4_t010_k3_refit_s42 --notes 'Promoted clean full refit after the recovered fixed-session checkpoint evaluation: Weak4-scoped action-margin KD improved raw Macro-F1 by +0.001851 and Weak4 Macro-F1 by +0.008442 versus the matched seed42 control. Exact sieve x conditional-alpha champion recipe is retained; the only quality variable is teacher-top3 action-margin KD restricted to true-label Weak4 teacher-covered original rows. Replay remains margin-masked. Stabilized AMP settings and zero skipped steps are required.' --final-model --final-only",Promoted clean full refit after the recovered fixed-session checkpoint evaluation: Weak4-scoped action-margin KD improved raw Macro-F1 by +0.001851 and Weak4 Macro-F1 by +0.008442 versus the matched seed42 control. Exact sieve x conditional-alpha champion recipe is retained; the only quality variable is teacher-top3 action-margin KD restricted to true-label Weak4 teacher-covered original rows. Replay remains margin-masked. Stabilized AMP settings and zero skipped steps are required.,final transformer refit complete; requires sparse artifact and package smoke test
